time,gpu,core_c,mem_c,power_w,hw_thermal,sw_thermal,fans_rpm,daemon_duty
2026-09-29 14:02:14,0,56,68,43.07,Not Active,Not Active,"FAN1=2800 FAN2=1000 FAN4=2000 FAN5=2300 FAN6=2100 FAN7=2200 ",duty 47%
2026-09-29 14:02:14,1,61,70,55.93,Not Active,Not Active,"FAN1=2800 FAN2=1000 FAN4=2000 FAN5=2300 FAN6=2100 FAN7=2200 ",duty 47%
2026-09-29 14:02:14,2,55,64,43.61,Not Active,Not Active,"FAN1=2800 FAN2=1000 FAN4=2000 FAN5=2300 FAN6=2100 FAN7=2200 ",duty 47%
2026-09-29 14:02:14,3,48,58,38.01,Not Active,Not Active,"FAN1=2800 FAN2=1000 FAN4=2000 FAN5=2300 FAN6=2100 FAN7=2200 ",duty 47%
2026-09-29 14:02:22,0,55,67,42.88,Not Active,Not Active,"FAN1=2800 FAN2=1000 FAN4=2000 FAN5=2300 FAN6=2100 FAN7=2200 ",duty 47%
2026-09-29 14:02:22,1,60,70,55.62,Not Active,Not Active,"FAN1=2800 FAN2=1000 FAN4=2000 FAN5=2300 FAN6=2100 FAN7=2200 ",duty 47%
2026-09-29 14:02:22,2,55,63,43.42,Not Active,Not Active,"FAN1=2800 FAN2=1000 FAN4=2000 FAN5=2300 FAN6=2100 FAN7=2200 ",duty 47%
2026-09-29 14:02:22,3,48,58,38.01,Not Active,Not Active,"FAN1=2800 FAN2=1000 FAN4=2000 FAN5=2300 FAN6=2100 FAN7=2200 ",duty 47%
2026-09-29 14:02:34,0,56,68,65.65,Not Active,Not Active,"FAN1=2800 FAN2=1000 FAN4=2000 FAN5=2300 FAN6=2100 FAN7=2200 ",duty 44%
2026-09-29 14:02:34,1,61,71,91.03,Not Active,Not Active,"FAN1=2800 FAN2=1000 FAN4=2000 FAN5=2300 FAN6=2100 FAN7=2200 ",duty 44%
2026-09-29 14:02:34,2,55,63,65.91,Not Active,Not Active,"FAN1=2800 FAN2=1000 FAN4=2000 FAN5=2300 FAN6=2100 FAN7=2200 ",duty 44%
2026-09-29 14:02:34,3,48,58,38.03,Not Active,Not Active,"FAN1=2800 FAN2=1000 FAN4=2000 FAN5=2300 FAN6=2100 FAN7=2200 ",duty 44%
2026-09-29 14:02:43,0,54,67,36.72,Not Active,Not Active,"FAN1=2700 FAN2=1000 FAN4=1800 FAN5=2100 FAN6=2000 FAN7=2100 ",duty 44%
2026-09-29 14:02:43,1,60,69,48.32,Not Active,Not Active,"FAN1=2700 FAN2=1000 FAN4=1800 FAN5=2100 FAN6=2000 FAN7=2100 ",duty 44%
2026-09-29 14:02:43,2,54,63,36.98,Not Active,Not Active,"FAN1=2700 FAN2=1000 FAN4=1800 FAN5=2100 FAN6=2000 FAN7=2100 ",duty 44%
2026-09-29 14:02:43,3,48,58,38.03,Not Active,Not Active,"FAN1=2700 FAN2=1000 FAN4=1800 FAN5=2100 FAN6=2000 FAN7=2100 ",duty 44%
2026-09-29 14:02:51,0,54,67,36.62,Not Active,Not Active,"FAN1=2700 FAN2=1000 FAN4=1800 FAN5=2100 FAN6=2000 FAN7=2100 ",duty 44%
2026-09-29 14:02:51,1,59,70,48.03,Not Active,Not Active,"FAN1=2700 FAN2=1000 FAN4=1800 FAN5=2100 FAN6=2000 FAN7=2100 ",duty 44%
2026-09-29 14:02:51,2,53,63,36.87,Not Active,Not Active,"FAN1=2700 FAN2=1000 FAN4=1800 FAN5=2100 FAN6=2000 FAN7=2100 ",duty 44%
2026-09-29 14:02:51,3,48,58,38.04,Not Active,Not Active,"FAN1=2700 FAN2=1000 FAN4=1800 FAN5=2100 FAN6=2000 FAN7=2100 ",duty 44%
2026-09-29 14:03:00,0,54,66,36.81,Not Active,Not Active,"FAN1=2700 FAN2=1000 FAN4=1800 FAN5=2100 FAN6=2000 FAN7=2100 ",duty 44%
2026-09-29 14:03:00,1,59,70,47.74,Not Active,Not Active,"FAN1=2700 FAN2=1000 FAN4=1800 FAN5=2100 FAN6=2000 FAN7=2100 ",duty 44%
2026-09-29 14:03:00,2,53,62,36.78,Not Active,Not Active,"FAN1=2700 FAN2=1000 FAN4=1800 FAN5=2100 FAN6=2000 FAN7=2100 ",duty 44%
2026-09-29 14:03:00,3,48,59,38.03,Not Active,Not Active,"FAN1=2700 FAN2=1000 FAN4=1800 FAN5=2100 FAN6=2000 FAN7=2100 ",duty 44%
2026-09-29 14:03:11,0,53,66,36.43,Not Active,Not Active,"FAN1=2700 FAN2=900 FAN4=1800 FAN5=2100 FAN6=2000 FAN7=2100 ",duty 44%
2026-09-29 14:03:11,1,58,68,47.45,Not Active,Not Active,"FAN1=2700 FAN2=900 FAN4=1800 FAN5=2100 FAN6=2000 FAN7=2100 ",duty 44%
2026-09-29 14:03:11,2,53,62,36.60,Not Active,Not Active,"FAN1=2700 FAN2=900 FAN4=1800 FAN5=2100 FAN6=2000 FAN7=2100 ",duty 44%
2026-09-29 14:03:11,3,48,58,38.13,Not Active,Not Active,"FAN1=2700 FAN2=900 FAN4=1800 FAN5=2100 FAN6=2000 FAN7=2100 ",duty 44%
2026-09-29 14:03:22,0,53,66,36.41,Not Active,Not Active,"FAN1=2700 FAN2=1000 FAN4=1800 FAN5=2100 FAN6=2000 FAN7=2100 ",duty 44%
2026-09-29 14:03:22,1,58,68,47.34,Not Active,Not Active,"FAN1=2700 FAN2=1000 FAN4=1800 FAN5=2100 FAN6=2000 FAN7=2100 ",duty 44%
2026-09-29 14:03:22,2,52,62,36.49,Not Active,Not Active,"FAN1=2700 FAN2=1000 FAN4=1800 FAN5=2100 FAN6=2000 FAN7=2100 ",duty 44%
2026-09-29 14:03:22,3,48,59,38.24,Not Active,Not Active,"FAN1=2700 FAN2=1000 FAN4=1800 FAN5=2100 FAN6=2000 FAN7=2100 ",duty 44%
2026-09-29 14:03:30,0,53,66,36.41,Not Active,Not Active,"FAN1=2700 FAN2=1000 FAN4=1800 FAN5=2100 FAN6=2000 FAN7=2100 ",duty 44%
2026-09-29 14:03:30,1,58,68,47.04,Not Active,Not Active,"FAN1=2700 FAN2=1000 FAN4=1800 FAN5=2100 FAN6=2000 FAN7=2100 ",duty 44%
2026-09-29 14:03:30,2,52,62,36.40,Not Active,Not Active,"FAN1=2700 FAN2=1000 FAN4=1800 FAN5=2100 FAN6=2000 FAN7=2100 ",duty 44%
2026-09-29 14:03:30,3,48,58,38.24,Not Active,Not Active,"FAN1=2700 FAN2=1000 FAN4=1800 FAN5=2100 FAN6=2000 FAN7=2100 ",duty 44%
2026-09-29 14:03:39,0,52,66,36.22,Not Active,Not Active,"FAN1=2700 FAN2=1000 FAN4=1800 FAN5=2100 FAN6=2000 FAN7=2100 ",duty 44%
2026-09-29 14:03:39,1,57,68,46.84,Not Active,Not Active,"FAN1=2700 FAN2=1000 FAN4=1800 FAN5=2100 FAN6=2000 FAN7=2100 ",duty 44%
2026-09-29 14:03:39,2,52,61,36.29,Not Active,Not Active,"FAN1=2700 FAN2=1000 FAN4=1800 FAN5=2100 FAN6=2000 FAN7=2100 ",duty 44%
2026-09-29 14:03:39,3,48,59,38.22,Not Active,Not Active,"FAN1=2700 FAN2=1000 FAN4=1800 FAN5=2100 FAN6=2000 FAN7=2100 ",duty 44%
2026-09-29 14:03:48,0,54,67,63.40,Not Active,Not Active,"FAN1=2700 FAN2=1000 FAN4=1800 FAN5=2100 FAN6=2000 FAN7=2100 ",duty 44%
2026-09-29 14:03:48,1,60,69,85.60,Not Active,Not Active,"FAN1=2700 FAN2=1000 FAN4=1800 FAN5=2100 FAN6=2000 FAN7=2100 ",duty 44%
2026-09-29 14:03:48,2,53,62,62.15,Not Active,Not Active,"FAN1=2700 FAN2=1000 FAN4=1800 FAN5=2100 FAN6=2000 FAN7=2100 ",duty 44%
2026-09-29 14:03:48,3,48,59,38.23,Not Active,Not Active,"FAN1=2700 FAN2=1000 FAN4=1800 FAN5=2100 FAN6=2000 FAN7=2100 ",duty 44%
2026-09-29 14:03:57,0,55,67,63.65,Not Active,Not Active,"FAN1=2700 FAN2=1000 FAN4=1800 FAN5=2100 FAN6=2000 FAN7=2100 ",duty 44%
2026-09-29 14:03:57,1,60,69,87.41,Not Active,Not Active,"FAN1=2700 FAN2=1000 FAN4=1800 FAN5=2100 FAN6=2000 FAN7=2100 ",duty 44%
2026-09-29 14:03:57,2,54,62,62.14,Not Active,Not Active,"FAN1=2700 FAN2=1000 FAN4=1800 FAN5=2100 FAN6=2000 FAN7=2100 ",duty 44%
2026-09-29 14:03:57,3,48,59,38.33,Not Active,Not Active,"FAN1=2700 FAN2=1000 FAN4=1800 FAN5=2100 FAN6=2000 FAN7=2100 ",duty 44%
2026-09-29 14:04:05,0,55,67,64.03,Not Active,Not Active,"FAN1=2700 FAN2=1000 FAN4=1800 FAN5=2100 FAN6=2000 FAN7=2100 ",duty 44%
2026-09-29 14:04:05,1,61,69,88.01,Not Active,Not Active,"FAN1=2700 FAN2=1000 FAN4=1800 FAN5=2100 FAN6=2000 FAN7=2100 ",duty 44%
2026-09-29 14:04:05,2,54,62,63.94,Not Active,Not Active,"FAN1=2700 FAN2=1000 FAN4=1800 FAN5=2100 FAN6=2000 FAN7=2100 ",duty 44%
2026-09-29 14:04:05,3,48,59,38.23,Not Active,Not Active,"FAN1=2700 FAN2=1000 FAN4=1800 FAN5=2100 FAN6=2000 FAN7=2100 ",duty 44%
2026-09-29 14:04:14,0,55,68,64.31,Not Active,Not Active,"FAN1=2700 FAN2=600 FAN4=1800 FAN5=2100 FAN6=2000 FAN7=2100 ",duty 44%
2026-09-29 14:04:14,1,61,71,88.31,Not Active,Not Active,"FAN1=2700 FAN2=600 FAN4=1800 FAN5=2100 FAN6=2000 FAN7=2100 ",duty 44%
2026-09-29 14:04:14,2,54,62,63.66,Not Active,Not Active,"FAN1=2700 FAN2=600 FAN4=1800 FAN5=2100 FAN6=2000 FAN7=2100 ",duty 44%
2026-09-29 14:04:14,3,48,59,38.31,Not Active,Not Active,"FAN1=2700 FAN2=600 FAN4=1800 FAN5=2100 FAN6=2000 FAN7=2100 ",duty 44%
2026-09-29 14:04:23,0,56,68,64.03,Not Active,Not Active,"FAN1=2700 FAN2=1000 FAN4=1800 FAN5=2100 FAN6=2000 FAN7=2100 ",duty 44%
2026-09-29 14:04:23,1,62,70,89.28,Not Active,Not Active,"FAN1=2700 FAN2=1000 FAN4=1800 FAN5=2100 FAN6=2000 FAN7=2100 ",duty 44%
2026-09-29 14:04:23,2,54,62,63.56,Not Active,Not Active,"FAN1=2700 FAN2=1000 FAN4=1800 FAN5=2100 FAN6=2000 FAN7=2100 ",duty 44%
2026-09-29 14:04:23,3,49,59,38.41,Not Active,Not Active,"FAN1=2700 FAN2=1000 FAN4=1800 FAN5=2100 FAN6=2000 FAN7=2100 ",duty 44%
2026-09-29 14:04:34,0,54,68,42.69,Not Active,Not Active,"FAN1=2700 FAN2=1000 FAN4=1800 FAN5=2100 FAN6=2000 FAN7=2100 ",duty 44%
2026-09-29 14:04:34,1,62,72,70.88,Not Active,Not Active,"FAN1=2700 FAN2=1000 FAN4=1800 FAN5=2100 FAN6=2000 FAN7=2100 ",duty 44%
2026-09-29 14:04:34,2,55,63,63.10,Not Active,Not Active,"FAN1=2700 FAN2=1000 FAN4=1800 FAN5=2100 FAN6=2000 FAN7=2100 ",duty 44%
2026-09-29 14:04:34,3,49,60,38.39,Not Active,Not Active,"FAN1=2700 FAN2=1000 FAN4=1800 FAN5=2100 FAN6=2000 FAN7=2100 ",duty 44%
2026-09-29 14:04:42,0,54,68,42.53,Not Active,Not Active,"FAN1=2800 FAN2=1000 FAN4=2000 FAN5=2300 FAN6=2100 FAN7=2200 ",duty 47%
2026-09-29 14:04:42,1,61,71,56.18,Not Active,Not Active,"FAN1=2800 FAN2=1000 FAN4=2000 FAN5=2300 FAN6=2100 FAN7=2200 ",duty 47%
2026-09-29 14:04:42,2,55,63,62.92,Not Active,Not Active,"FAN1=2800 FAN2=1000 FAN4=2000 FAN5=2300 FAN6=2100 FAN7=2200 ",duty 47%
2026-09-29 14:04:42,3,49,60,38.39,Not Active,Not Active,"FAN1=2800 FAN2=1000 FAN4=2000 FAN5=2300 FAN6=2100 FAN7=2200 ",duty 47%
2026-09-29 14:04:52,0,54,67,42.28,Not Active,Not Active,"FAN1=2800 FAN2=1000 FAN4=2000 FAN5=2300 FAN6=2100 FAN7=2200 ",duty 47%
2026-09-29 14:04:52,1,60,71,55.72,Not Active,Not Active,"FAN1=2800 FAN2=1000 FAN4=2000 FAN5=2300 FAN6=2100 FAN7=2200 ",duty 47%
2026-09-29 14:04:52,2,53,62,43.01,Not Active,Not Active,"FAN1=2800 FAN2=1000 FAN4=2000 FAN5=2300 FAN6=2100 FAN7=2200 ",duty 47%
2026-09-29 14:04:52,3,49,59,38.40,Not Active,Not Active,"FAN1=2800 FAN2=1000 FAN4=2000 FAN5=2300 FAN6=2100 FAN7=2200 ",duty 47%
2026-09-29 14:05:00,0,54,67,42.27,Not Active,Not Active,"FAN1=2800 FAN2=1000 FAN4=2000 FAN5=2300 FAN6=2100 FAN7=2200 ",duty 47%
2026-09-29 14:05:00,1,60,70,55.62,Not Active,Not Active,"FAN1=2800 FAN2=1000 FAN4=2000 FAN5=2300 FAN6=2100 FAN7=2200 ",duty 47%
2026-09-29 14:05:00,2,53,62,42.91,Not Active,Not Active,"FAN1=2800 FAN2=1000 FAN4=2000 FAN5=2300 FAN6=2100 FAN7=2200 ",duty 47%
2026-09-29 14:05:00,3,49,60,38.30,Not Active,Not Active,"FAN1=2800 FAN2=1000 FAN4=2000 FAN5=2300 FAN6=2100 FAN7=2200 ",duty 47%
2026-09-29 14:05:11,0,53,67,42.17,Not Active,Not Active,"FAN1=2700 FAN2=700 FAN4=1800 FAN5=2100 FAN6=2000 FAN7=2100 ",duty 44%
2026-09-29 14:05:11,1,60,69,55.46,Not Active,Not Active,"FAN1=2700 FAN2=700 FAN4=1800 FAN5=2100 FAN6=2000 FAN7=2100 ",duty 44%
2026-09-29 14:05:11,2,53,62,42.75,Not Active,Not Active,"FAN1=2700 FAN2=700 FAN4=1800 FAN5=2100 FAN6=2000 FAN7=2100 ",duty 44%
2026-09-29 14:05:11,3,49,59,38.31,Not Active,Not Active,"FAN1=2700 FAN2=700 FAN4=1800 FAN5=2100 FAN6=2000 FAN7=2100 ",duty 44%
2026-09-29 14:05:19,0,53,67,41.88,Not Active,Not Active,"FAN1=2700 FAN2=1100 FAN4=1800 FAN5=2100 FAN6=2000 FAN7=2100 ",duty 44%
2026-09-29 14:05:19,1,59,70,54.95,Not Active,Not Active,"FAN1=2700 FAN2=1100 FAN4=1800 FAN5=2100 FAN6=2000 FAN7=2100 ",duty 44%
2026-09-29 14:05:19,2,53,62,42.65,Not Active,Not Active,"FAN1=2700 FAN2=1100 FAN4=1800 FAN5=2100 FAN6=2000 FAN7=2100 ",duty 44%
2026-09-29 14:05:19,3,49,60,38.42,Not Active,Not Active,"FAN1=2700 FAN2=1100 FAN4=1800 FAN5=2100 FAN6=2000 FAN7=2100 ",duty 44%
2026-09-29 14:05:31,0,54,66,62.94,Not Active,Not Active,"FAN1=2700 FAN2=1000 FAN4=1800 FAN5=2100 FAN6=2000 FAN7=2100 ",duty 44%
2026-09-29 14:05:31,1,61,69,86.80,Not Active,Not Active,"FAN1=2700 FAN2=1000 FAN4=1800 FAN5=2100 FAN6=2000 FAN7=2100 ",duty 44%
2026-09-29 14:05:31,2,52,61,42.57,Not Active,Not Active,"FAN1=2700 FAN2=1000 FAN4=1800 FAN5=2100 FAN6=2000 FAN7=2100 ",duty 44%
2026-09-29 14:05:31,3,49,60,38.44,Not Active,Not Active,"FAN1=2700 FAN2=1000 FAN4=1800 FAN5=2100 FAN6=2000 FAN7=2100 ",duty 44%
2026-09-29 14:05:41,0,53,66,41.88,Not Active,Not Active,"FAN1=2700 FAN2=1000 FAN4=1800 FAN5=2100 FAN6=2000 FAN7=2100 ",duty 44%
2026-09-29 14:05:41,1,59,70,55.05,Not Active,Not Active,"FAN1=2700 FAN2=1000 FAN4=1800 FAN5=2100 FAN6=2000 FAN7=2100 ",duty 44%
2026-09-29 14:05:41,2,52,61,42.65,Not Active,Not Active,"FAN1=2700 FAN2=1000 FAN4=1800 FAN5=2100 FAN6=2000 FAN7=2100 ",duty 44%
2026-09-29 14:05:41,3,49,60,38.42,Not Active,Not Active,"FAN1=2700 FAN2=1000 FAN4=1800 FAN5=2100 FAN6=2000 FAN7=2100 ",duty 44%
2026-09-29 14:05:49,0,53,67,41.88,Not Active,Not Active,"FAN1=2700 FAN2=700 FAN4=1800 FAN5=2100 FAN6=2000 FAN7=2100 ",duty 44%
2026-09-29 14:05:49,1,59,70,55.03,Not Active,Not Active,"FAN1=2700 FAN2=700 FAN4=1800 FAN5=2100 FAN6=2000 FAN7=2100 ",duty 44%
2026-09-29 14:05:49,2,52,61,42.65,Not Active,Not Active,"FAN1=2700 FAN2=700 FAN4=1800 FAN5=2100 FAN6=2000 FAN7=2100 ",duty 44%
2026-09-29 14:05:49,3,49,59,38.42,Not Active,Not Active,"FAN1=2700 FAN2=700 FAN4=1800 FAN5=2100 FAN6=2000 FAN7=2100 ",duty 44%
2026-09-29 14:06:00,0,55,66,69.66,Not Active,Not Active,"FAN1=2700 FAN2=1000 FAN4=1800 FAN5=2100 FAN6=2000 FAN7=2100 ",duty 44%
2026-09-29 14:06:00,1,62,71,94.64,Not Active,Not Active,"FAN1=2700 FAN2=1000 FAN4=1800 FAN5=2100 FAN6=2000 FAN7=2100 ",duty 44%
2026-09-29 14:06:00,2,52,61,42.56,Not Active,Not Active,"FAN1=2700 FAN2=1000 FAN4=1800 FAN5=2100 FAN6=2000 FAN7=2100 ",duty 44%
2026-09-29 14:06:00,3,49,60,38.42,Not Active,Not Active,"FAN1=2700 FAN2=1000 FAN4=1800 FAN5=2100 FAN6=2000 FAN7=2100 ",duty 44%
2026-09-29 14:06:09,0,56,67,69.94,Not Active,Not Active,"FAN1=2800 FAN2=1000 FAN4=2000 FAN5=2200 FAN6=2100 FAN7=2200 ",duty 47%
2026-09-29 14:06:09,1,63,71,95.60,Not Active,Not Active,"FAN1=2800 FAN2=1000 FAN4=2000 FAN5=2200 FAN6=2100 FAN7=2200 ",duty 47%
2026-09-29 14:06:09,2,52,61,42.27,Not Active,Not Active,"FAN1=2800 FAN2=1000 FAN4=2000 FAN5=2200 FAN6=2100 FAN7=2200 ",duty 47%
2026-09-29 14:06:09,3,49,59,38.44,Not Active,Not Active,"FAN1=2800 FAN2=1000 FAN4=2000 FAN5=2200 FAN6=2100 FAN7=2200 ",duty 47%
2026-09-29 14:06:18,0,56,67,70.01,Not Active,Not Active,"FAN1=2800 FAN2=600 FAN4=2000 FAN5=2200 FAN6=2100 FAN7=2200 ",duty 47%
2026-09-29 14:06:18,1,63,72,96.43,Not Active,Not Active,"FAN1=2800 FAN2=600 FAN4=2000 FAN5=2200 FAN6=2100 FAN7=2200 ",duty 47%
2026-09-29 14:06:18,2,52,61,42.17,Not Active,Not Active,"FAN1=2800 FAN2=600 FAN4=2000 FAN5=2200 FAN6=2100 FAN7=2200 ",duty 47%
2026-09-29 14:06:18,3,49,60,38.34,Not Active,Not Active,"FAN1=2800 FAN2=600 FAN4=2000 FAN5=2200 FAN6=2100 FAN7=2200 ",duty 47%
2026-09-29 14:06:26,0,56,67,70.21,Not Active,Not Active,"FAN1=2800 FAN2=1000 FAN4=2000 FAN5=2200 FAN6=2100 FAN7=2200 ",duty 47%
2026-09-29 14:06:26,1,64,72,97.31,Not Active,Not Active,"FAN1=2800 FAN2=1000 FAN4=2000 FAN5=2200 FAN6=2100 FAN7=2200 ",duty 47%
2026-09-29 14:06:26,2,51,61,42.17,Not Active,Not Active,"FAN1=2800 FAN2=1000 FAN4=2000 FAN5=2200 FAN6=2100 FAN7=2200 ",duty 47%
2026-09-29 14:06:26,3,49,59,38.43,Not Active,Not Active,"FAN1=2800 FAN2=1000 FAN4=2000 FAN5=2200 FAN6=2100 FAN7=2200 ",duty 47%
2026-09-29 14:06:37,0,56,67,70.40,Not Active,Not Active,"FAN1=2800 FAN2=1000 FAN4=2000 FAN5=2300 FAN6=2100 FAN7=2200 ",duty 47%
2026-09-29 14:06:37,1,64,72,97.90,Not Active,Not Active,"FAN1=2800 FAN2=1000 FAN4=2000 FAN5=2300 FAN6=2100 FAN7=2200 ",duty 47%
2026-09-29 14:06:37,2,51,60,42.08,Not Active,Not Active,"FAN1=2800 FAN2=1000 FAN4=2000 FAN5=2300 FAN6=2100 FAN7=2200 ",duty 47%
2026-09-29 14:06:37,3,49,60,38.43,Not Active,Not Active,"FAN1=2800 FAN2=1000 FAN4=2000 FAN5=2300 FAN6=2100 FAN7=2200 ",duty 47%
2026-09-29 14:06:45,0,57,67,70.59,Not Active,Not Active,"FAN1=3000 FAN2=1000 FAN4=2200 FAN5=2500 FAN6=2300 FAN7=2400 ",duty 51%
2026-09-29 14:06:45,1,65,73,98.68,Not Active,Not Active,"FAN1=3000 FAN2=1000 FAN4=2200 FAN5=2500 FAN6=2300 FAN7=2400 ",duty 51%
2026-09-29 14:06:45,2,51,60,41.98,Not Active,Not Active,"FAN1=3000 FAN2=1000 FAN4=2200 FAN5=2500 FAN6=2300 FAN7=2400 ",duty 51%
2026-09-29 14:06:45,3,49,60,38.53,Not Active,Not Active,"FAN1=3000 FAN2=1000 FAN4=2200 FAN5=2500 FAN6=2300 FAN7=2400 ",duty 51%
2026-09-29 14:06:55,0,57,69,70.68,Not Active,Not Active,"FAN1=3100 FAN2=1000 FAN4=2200 FAN5=2500 FAN6=2300 FAN7=2400 ",duty 51%
2026-09-29 14:06:55,1,65,73,99.07,Not Active,Not Active,"FAN1=3100 FAN2=1000 FAN4=2200 FAN5=2500 FAN6=2300 FAN7=2400 ",duty 51%
2026-09-29 14:06:55,2,51,60,41.98,Not Active,Not Active,"FAN1=3100 FAN2=1000 FAN4=2200 FAN5=2500 FAN6=2300 FAN7=2400 ",duty 51%
2026-09-29 14:06:55,3,49,59,38.35,Not Active,Not Active,"FAN1=3100 FAN2=1000 FAN4=2200 FAN5=2500 FAN6=2300 FAN7=2400 ",duty 51%
2026-09-29 14:07:03,0,57,67,70.59,Not Active,Not Active,"FAN1=3100 FAN2=1000 FAN4=2200 FAN5=2500 FAN6=2300 FAN7=2400 ",duty 51%
2026-09-29 14:07:03,1,65,73,99.27,Not Active,Not Active,"FAN1=3100 FAN2=1000 FAN4=2200 FAN5=2500 FAN6=2300 FAN7=2400 ",duty 51%
2026-09-29 14:07:03,2,50,60,41.99,Not Active,Not Active,"FAN1=3100 FAN2=1000 FAN4=2200 FAN5=2500 FAN6=2300 FAN7=2400 ",duty 51%
2026-09-29 14:07:03,3,48,59,38.15,Not Active,Not Active,"FAN1=3100 FAN2=1000 FAN4=2200 FAN5=2500 FAN6=2300 FAN7=2400 ",duty 51%
2026-09-29 14:07:13,0,55,68,42.65,Not Active,Not Active,"FAN1=3100 FAN2=1000 FAN4=2200 FAN5=2500 FAN6=2300 FAN7=2400 ",duty 51%
2026-09-29 14:07:13,1,63,73,58.08,Not Active,Not Active,"FAN1=3100 FAN2=1000 FAN4=2200 FAN5=2500 FAN6=2300 FAN7=2400 ",duty 51%
2026-09-29 14:07:13,2,50,60,41.98,Not Active,Not Active,"FAN1=3100 FAN2=1000 FAN4=2200 FAN5=2500 FAN6=2300 FAN7=2400 ",duty 51%
2026-09-29 14:07:13,3,48,59,38.31,Not Active,Not Active,"FAN1=3100 FAN2=1000 FAN4=2200 FAN5=2500 FAN6=2300 FAN7=2400 ",duty 51%
2026-09-29 14:07:21,0,58,69,65.02,Not Active,Not Active,"FAN1=3100 FAN2=1000 FAN4=2200 FAN5=2500 FAN6=2300 FAN7=2400 ",duty 51%
2026-09-29 14:07:21,1,66,75,115.03,Not Active,Not Active,"FAN1=3100 FAN2=1000 FAN4=2200 FAN5=2500 FAN6=2300 FAN7=2400 ",duty 51%
2026-09-29 14:07:21,2,53,61,60.89,Not Active,Not Active,"FAN1=3100 FAN2=1000 FAN4=2200 FAN5=2500 FAN6=2300 FAN7=2400 ",duty 51%
2026-09-29 14:07:21,3,48,59,38.22,Not Active,Not Active,"FAN1=3100 FAN2=1000 FAN4=2200 FAN5=2500 FAN6=2300 FAN7=2400 ",duty 51%
2026-09-29 14:07:32,0,60,70,75.33,Not Active,Not Active,"FAN1=3100 FAN2=1000 FAN4=2200 FAN5=2500 FAN6=2300 FAN7=2400 ",duty 51%
2026-09-29 14:07:32,1,66,75,76.28,Not Active,Not Active,"FAN1=3100 FAN2=1000 FAN4=2200 FAN5=2500 FAN6=2300 FAN7=2400 ",duty 51%
2026-09-29 14:07:32,2,55,62,111.47,Not Active,Not Active,"FAN1=3100 FAN2=1000 FAN4=2200 FAN5=2500 FAN6=2300 FAN7=2400 ",duty 51%
2026-09-29 14:07:32,3,48,60,38.30,Not Active,Not Active,"FAN1=3100 FAN2=1000 FAN4=2200 FAN5=2500 FAN6=2300 FAN7=2400 ",duty 51%
2026-09-29 14:07:40,0,60,71,81.86,Not Active,Not Active,"FAN1=3400 FAN2=700 FAN4=2500 FAN5=2700 FAN6=2500 FAN7=2600 ",duty 55%
2026-09-29 14:07:40,1,66,75,106.73,Not Active,Not Active,"FAN1=3400 FAN2=700 FAN4=2500 FAN5=2700 FAN6=2500 FAN7=2600 ",duty 55%
2026-09-29 14:07:40,2,56,63,109.79,Not Active,Not Active,"FAN1=3400 FAN2=700 FAN4=2500 FAN5=2700 FAN6=2500 FAN7=2600 ",duty 55%
2026-09-29 14:07:40,3,48,58,38.13,Not Active,Not Active,"FAN1=3400 FAN2=700 FAN4=2500 FAN5=2700 FAN6=2500 FAN7=2600 ",duty 55%
2026-09-29 14:07:50,0,60,71,114.52,Not Active,Not Active,"FAN1=3400 FAN2=1000 FAN4=2500 FAN5=2700 FAN6=2500 FAN7=2600 ",duty 55%
2026-09-29 14:07:50,1,66,75,86.70,Not Active,Not Active,"FAN1=3400 FAN2=1000 FAN4=2500 FAN5=2700 FAN6=2500 FAN7=2600 ",duty 55%
2026-09-29 14:07:50,2,55,63,73.22,Not Active,Not Active,"FAN1=3400 FAN2=1000 FAN4=2500 FAN5=2700 FAN6=2500 FAN7=2600 ",duty 55%
2026-09-29 14:07:50,3,48,58,38.03,Not Active,Not Active,"FAN1=3400 FAN2=1000 FAN4=2500 FAN5=2700 FAN6=2500 FAN7=2600 ",duty 55%
2026-09-29 14:07:58,0,61,70,90.30,Not Active,Not Active,"FAN1=3400 FAN2=1000 FAN4=2500 FAN5=2700 FAN6=2500 FAN7=2600 ",duty 55%
2026-09-29 14:07:58,1,66,75,103.26,Not Active,Not Active,"FAN1=3400 FAN2=1000 FAN4=2500 FAN5=2700 FAN6=2500 FAN7=2600 ",duty 55%
2026-09-29 14:07:58,2,56,63,123.33,Not Active,Not Active,"FAN1=3400 FAN2=1000 FAN4=2500 FAN5=2700 FAN6=2500 FAN7=2600 ",duty 55%
2026-09-29 14:07:58,3,48,58,37.80,Not Active,Not Active,"FAN1=3400 FAN2=1000 FAN4=2500 FAN5=2700 FAN6=2500 FAN7=2600 ",duty 55%
2026-09-29 14:08:07,0,59,70,76.91,Not Active,Not Active,"FAN1=3400 FAN2=1000 FAN4=2500 FAN5=2700 FAN6=2500 FAN7=2600 ",duty 55%
2026-09-29 14:08:07,1,65,75,83.78,Not Active,Not Active,"FAN1=3400 FAN2=1000 FAN4=2500 FAN5=2700 FAN6=2500 FAN7=2600 ",duty 55%
2026-09-29 14:08:07,2,55,64,90.03,Not Active,Not Active,"FAN1=3400 FAN2=1000 FAN4=2500 FAN5=2700 FAN6=2500 FAN7=2600 ",duty 55%
2026-09-29 14:08:07,3,47,58,37.98,Not Active,Not Active,"FAN1=3400 FAN2=1000 FAN4=2500 FAN5=2700 FAN6=2500 FAN7=2600 ",duty 55%
2026-09-29 14:08:15,0,60,70,63.98,Not Active,Not Active,"FAN1=3400 FAN2=1100 FAN4=2900 FAN5=3100 FAN6=2500 FAN7=2600 ",duty 62%
2026-09-29 14:08:15,1,65,75,68.21,Not Active,Not Active,"FAN1=3400 FAN2=1100 FAN4=2900 FAN5=3100 FAN6=2500 FAN7=2600 ",duty 62%
2026-09-29 14:08:15,2,56,64,80.86,Not Active,Not Active,"FAN1=3400 FAN2=1100 FAN4=2900 FAN5=3100 FAN6=2500 FAN7=2600 ",duty 62%
2026-09-29 14:08:15,3,47,58,37.94,Not Active,Not Active,"FAN1=3400 FAN2=1100 FAN4=2900 FAN5=3100 FAN6=2500 FAN7=2600 ",duty 62%
2026-09-29 14:08:27,0,60,69,104.36,Not Active,Not Active,"FAN1=3100 FAN2=1000 FAN4=2200 FAN5=2500 FAN6=2300 FAN7=2500 ",duty 47%
2026-09-29 14:08:27,1,64,73,86.21,Not Active,Not Active,"FAN1=3100 FAN2=1000 FAN4=2200 FAN5=2500 FAN6=2300 FAN7=2500 ",duty 47%
2026-09-29 14:08:27,2,55,63,84.94,Not Active,Not Active,"FAN1=3100 FAN2=1000 FAN4=2200 FAN5=2500 FAN6=2300 FAN7=2500 ",duty 47%
2026-09-29 14:08:27,3,47,58,37.92,Not Active,Not Active,"FAN1=3100 FAN2=1000 FAN4=2200 FAN5=2500 FAN6=2300 FAN7=2500 ",duty 47%
2026-09-29 14:08:36,0,61,70,85.98,Not Active,Not Active,"FAN1=3300 FAN2=1000 FAN4=2000 FAN5=2200 FAN6=2100 FAN7=2200 ",duty 55%
2026-09-29 14:08:36,1,65,75,100.59,Not Active,Not Active,"FAN1=3300 FAN2=1000 FAN4=2000 FAN5=2200 FAN6=2100 FAN7=2200 ",duty 55%
2026-09-29 14:08:36,2,56,64,49.69,Not Active,Not Active,"FAN1=3300 FAN2=1000 FAN4=2000 FAN5=2200 FAN6=2100 FAN7=2200 ",duty 55%
2026-09-29 14:08:36,3,47,58,37.78,Not Active,Not Active,"FAN1=3300 FAN2=1000 FAN4=2000 FAN5=2200 FAN6=2100 FAN7=2200 ",duty 55%
2026-09-29 14:08:46,0,60,70,51.50,Not Active,Not Active,"FAN1=3400 FAN2=700 FAN4=2500 FAN5=2700 FAN6=2500 FAN7=2600 ",duty 55%
2026-09-29 14:08:46,1,66,74,123.43,Not Active,Not Active,"FAN1=3400 FAN2=700 FAN4=2500 FAN5=2700 FAN6=2500 FAN7=2600 ",duty 55%
2026-09-29 14:08:46,2,56,63,61.04,Not Active,Not Active,"FAN1=3400 FAN2=700 FAN4=2500 FAN5=2700 FAN6=2500 FAN7=2600 ",duty 55%
2026-09-29 14:08:46,3,47,58,37.64,Not Active,Not Active,"FAN1=3400 FAN2=700 FAN4=2500 FAN5=2700 FAN6=2500 FAN7=2600 ",duty 55%
2026-09-29 14:08:54,0,61,71,80.48,Not Active,Not Active,"FAN1=3400 FAN2=700 FAN4=2500 FAN5=2700 FAN6=2500 FAN7=2600 ",duty 55%
2026-09-29 14:08:54,1,66,74,86.68,Not Active,Not Active,"FAN1=3400 FAN2=700 FAN4=2500 FAN5=2700 FAN6=2500 FAN7=2600 ",duty 55%
2026-09-29 14:08:54,2,58,64,103.09,Not Active,Not Active,"FAN1=3400 FAN2=700 FAN4=2500 FAN5=2700 FAN6=2500 FAN7=2600 ",duty 55%
2026-09-29 14:08:54,3,47,58,37.66,Not Active,Not Active,"FAN1=3400 FAN2=700 FAN4=2500 FAN5=2700 FAN6=2500 FAN7=2600 ",duty 55%
2026-09-29 14:09:03,0,61,70,87.11,Not Active,Not Active,"FAN1=3400 FAN2=1000 FAN4=2500 FAN5=2700 FAN6=2500 FAN7=2600 ",duty 55%
2026-09-29 14:09:03,1,66,75,86.57,Not Active,Not Active,"FAN1=3400 FAN2=1000 FAN4=2500 FAN5=2700 FAN6=2500 FAN7=2600 ",duty 55%
2026-09-29 14:09:03,2,58,65,97.89,Not Active,Not Active,"FAN1=3400 FAN2=1000 FAN4=2500 FAN5=2700 FAN6=2500 FAN7=2600 ",duty 55%
2026-09-29 14:09:03,3,47,58,37.68,Not Active,Not Active,"FAN1=3400 FAN2=1000 FAN4=2500 FAN5=2700 FAN6=2500 FAN7=2600 ",duty 55%
2026-09-29 14:09:11,0,62,72,87.99,Not Active,Not Active,"FAN1=3400 FAN2=1000 FAN4=2500 FAN5=2700 FAN6=2500 FAN7=2600 ",duty 55%
2026-09-29 14:09:11,1,66,75,87.59,Not Active,Not Active,"FAN1=3400 FAN2=1000 FAN4=2500 FAN5=2700 FAN6=2500 FAN7=2600 ",duty 55%
2026-09-29 14:09:11,2,58,65,45.39,Not Active,Not Active,"FAN1=3400 FAN2=1000 FAN4=2500 FAN5=2700 FAN6=2500 FAN7=2600 ",duty 55%
2026-09-29 14:09:11,3,47,57,37.65,Not Active,Not Active,"FAN1=3400 FAN2=1000 FAN4=2500 FAN5=2700 FAN6=2500 FAN7=2600 ",duty 55%
2026-09-29 14:09:22,0,60,70,70.96,Not Active,Not Active,"FAN1=3400 FAN2=1100 FAN4=2500 FAN5=2700 FAN6=2500 FAN7=2600 ",duty 55%
2026-09-29 14:09:22,1,65,75,59.35,Not Active,Not Active,"FAN1=3400 FAN2=1100 FAN4=2500 FAN5=2700 FAN6=2500 FAN7=2600 ",duty 55%
2026-09-29 14:09:22,2,58,64,70.01,Not Active,Not Active,"FAN1=3400 FAN2=1100 FAN4=2500 FAN5=2700 FAN6=2500 FAN7=2600 ",duty 55%
2026-09-29 14:09:22,3,47,58,37.57,Not Active,Not Active,"FAN1=3400 FAN2=1100 FAN4=2500 FAN5=2700 FAN6=2500 FAN7=2600 ",duty 55%
2026-09-29 14:09:30,0,60,70,67.62,Not Active,Not Active,"FAN1=3400 FAN2=600 FAN4=2500 FAN5=2700 FAN6=2500 FAN7=2600 ",duty 55%
2026-09-29 14:09:30,1,65,75,58.99,Not Active,Not Active,"FAN1=3400 FAN2=600 FAN4=2500 FAN5=2700 FAN6=2500 FAN7=2600 ",duty 55%
2026-09-29 14:09:30,2,59,65,135.01,Not Active,Not Active,"FAN1=3400 FAN2=600 FAN4=2500 FAN5=2700 FAN6=2500 FAN7=2600 ",duty 55%
2026-09-29 14:09:30,3,47,57,37.74,Not Active,Not Active,"FAN1=3400 FAN2=600 FAN4=2500 FAN5=2700 FAN6=2500 FAN7=2600 ",duty 55%
2026-09-29 14:09:39,0,61,72,72.18,Not Active,Not Active,"FAN1=3400 FAN2=1000 FAN4=2500 FAN5=2700 FAN6=2500 FAN7=2600 ",duty 55%
2026-09-29 14:09:39,1,66,75,177.53,Not Active,Not Active,"FAN1=3400 FAN2=1000 FAN4=2500 FAN5=2700 FAN6=2500 FAN7=2600 ",duty 55%
2026-09-29 14:09:39,2,59,64,115.20,Not Active,Not Active,"FAN1=3400 FAN2=1000 FAN4=2500 FAN5=2700 FAN6=2500 FAN7=2600 ",duty 55%
2026-09-29 14:09:39,3,47,57,37.62,Not Active,Not Active,"FAN1=3400 FAN2=1000 FAN4=2500 FAN5=2700 FAN6=2500 FAN7=2600 ",duty 55%
2026-09-29 14:09:47,0,63,71,112.25,Not Active,Not Active,"FAN1=3400 FAN2=700 FAN4=2500 FAN5=2700 FAN6=2500 FAN7=2600 ",duty 55%
2026-09-29 14:09:47,1,66,74,89.89,Not Active,Not Active,"FAN1=3400 FAN2=700 FAN4=2500 FAN5=2700 FAN6=2500 FAN7=2600 ",duty 55%
2026-09-29 14:09:47,2,59,66,108.79,Not Active,Not Active,"FAN1=3400 FAN2=700 FAN4=2500 FAN5=2700 FAN6=2500 FAN7=2600 ",duty 55%
2026-09-29 14:09:47,3,46,57,37.55,Not Active,Not Active,"FAN1=3400 FAN2=700 FAN4=2500 FAN5=2700 FAN6=2500 FAN7=2600 ",duty 55%
2026-09-29 14:09:57,0,63,72,103.13,Not Active,Not Active,"FAN1=3400 FAN2=1000 FAN4=2500 FAN5=2700 FAN6=2500 FAN7=2600 ",duty 55%
2026-09-29 14:09:57,1,66,74,93.65,Not Active,Not Active,"FAN1=3400 FAN2=1000 FAN4=2500 FAN5=2700 FAN6=2500 FAN7=2600 ",duty 55%
2026-09-29 14:09:57,2,59,66,89.17,Not Active,Not Active,"FAN1=3400 FAN2=1000 FAN4=2500 FAN5=2700 FAN6=2500 FAN7=2600 ",duty 55%
2026-09-29 14:09:57,3,46,57,37.53,Not Active,Not Active,"FAN1=3400 FAN2=1000 FAN4=2500 FAN5=2700 FAN6=2500 FAN7=2600 ",duty 55%
2026-09-29 14:10:05,0,61,71,68.82,Not Active,Not Active,"FAN1=3400 FAN2=700 FAN4=2500 FAN5=2700 FAN6=2500 FAN7=2600 ",duty 55%
2026-09-29 14:10:05,1,66,74,100.83,Not Active,Not Active,"FAN1=3400 FAN2=700 FAN4=2500 FAN5=2700 FAN6=2500 FAN7=2600 ",duty 55%
2026-09-29 14:10:05,2,58,65,54.56,Not Active,Not Active,"FAN1=3400 FAN2=700 FAN4=2500 FAN5=2700 FAN6=2500 FAN7=2600 ",duty 55%
2026-09-29 14:10:05,3,46,57,37.54,Not Active,Not Active,"FAN1=3400 FAN2=700 FAN4=2500 FAN5=2700 FAN6=2500 FAN7=2600 ",duty 55%
2026-09-29 14:10:15,0,63,72,100.55,Not Active,Not Active,"FAN1=3400 FAN2=1000 FAN4=2500 FAN5=2700 FAN6=2500 FAN7=2600 ",duty 55%
2026-09-29 14:10:15,1,66,74,91.31,Not Active,Not Active,"FAN1=3400 FAN2=1000 FAN4=2500 FAN5=2700 FAN6=2500 FAN7=2600 ",duty 55%
2026-09-29 14:10:15,2,60,66,97.25,Not Active,Not Active,"FAN1=3400 FAN2=1000 FAN4=2500 FAN5=2700 FAN6=2500 FAN7=2600 ",duty 55%
2026-09-29 14:10:15,3,46,57,37.60,Not Active,Not Active,"FAN1=3400 FAN2=1000 FAN4=2500 FAN5=2700 FAN6=2500 FAN7=2600 ",duty 55%
2026-09-29 14:10:24,0,61,71,62.33,Not Active,Not Active,"FAN1=3400 FAN2=1100 FAN4=2500 FAN5=2700 FAN6=2500 FAN7=2600 ",duty 55%
2026-09-29 14:10:24,1,66,75,90.94,Not Active,Not Active,"FAN1=3400 FAN2=1100 FAN4=2500 FAN5=2700 FAN6=2500 FAN7=2600 ",duty 55%
2026-09-29 14:10:24,2,58,64,62.93,Not Active,Not Active,"FAN1=3400 FAN2=1100 FAN4=2500 FAN5=2700 FAN6=2500 FAN7=2600 ",duty 55%
2026-09-29 14:10:24,3,46,57,37.55,Not Active,Not Active,"FAN1=3400 FAN2=1100 FAN4=2500 FAN5=2700 FAN6=2500 FAN7=2600 ",duty 55%
2026-09-29 14:10:32,0,63,71,94.60,Not Active,Not Active,"FAN1=3400 FAN2=1000 FAN4=2500 FAN5=2700 FAN6=2500 FAN7=2600 ",duty 55%
2026-09-29 14:10:32,1,66,75,98.58,Not Active,Not Active,"FAN1=3400 FAN2=1000 FAN4=2500 FAN5=2700 FAN6=2500 FAN7=2600 ",duty 55%
2026-09-29 14:10:32,2,60,66,91.78,Not Active,Not Active,"FAN1=3400 FAN2=1000 FAN4=2500 FAN5=2700 FAN6=2500 FAN7=2600 ",duty 55%
2026-09-29 14:10:32,3,46,57,37.48,Not Active,Not Active,"FAN1=3400 FAN2=1000 FAN4=2500 FAN5=2700 FAN6=2500 FAN7=2600 ",duty 55%
2026-09-29 14:10:40,0,61,71,58.56,Not Active,Not Active,"FAN1=3400 FAN2=1000 FAN4=2500 FAN5=2700 FAN6=2500 FAN7=2600 ",duty 55%
2026-09-29 14:10:40,1,65,75,60.87,Not Active,Not Active,"FAN1=3400 FAN2=1000 FAN4=2500 FAN5=2700 FAN6=2500 FAN7=2600 ",duty 55%
2026-09-29 14:10:40,2,59,66,60.42,Not Active,Not Active,"FAN1=3400 FAN2=1000 FAN4=2500 FAN5=2700 FAN6=2500 FAN7=2600 ",duty 55%
2026-09-29 14:10:40,3,46,57,37.49,Not Active,Not Active,"FAN1=3400 FAN2=1000 FAN4=2500 FAN5=2700 FAN6=2500 FAN7=2600 ",duty 55%
2026-09-29 14:10:50,0,62,72,99.62,Not Active,Not Active,"FAN1=3400 FAN2=1000 FAN4=2500 FAN5=2700 FAN6=2500 FAN7=2600 ",duty 55%
2026-09-29 14:10:50,1,65,74,75.02,Not Active,Not Active,"FAN1=3400 FAN2=1000 FAN4=2500 FAN5=2700 FAN6=2500 FAN7=2600 ",duty 55%
2026-09-29 14:10:50,2,60,66,91.20,Not Active,Not Active,"FAN1=3400 FAN2=1000 FAN4=2500 FAN5=2700 FAN6=2500 FAN7=2600 ",duty 55%
2026-09-29 14:10:50,3,46,57,37.30,Not Active,Not Active,"FAN1=3400 FAN2=1000 FAN4=2500 FAN5=2700 FAN6=2500 FAN7=2600 ",duty 55%
2026-09-29 14:10:58,0,58,69,44.03,Not Active,Not Active,"FAN1=3300 FAN2=1000 FAN4=2300 FAN5=2500 FAN6=2300 FAN7=2500 ",duty 51%
2026-09-29 14:10:58,1,63,73,57.69,Not Active,Not Active,"FAN1=3300 FAN2=1000 FAN4=2300 FAN5=2500 FAN6=2300 FAN7=2500 ",duty 51%
2026-09-29 14:10:58,2,56,64,44.17,Not Active,Not Active,"FAN1=3300 FAN2=1000 FAN4=2300 FAN5=2500 FAN6=2300 FAN7=2500 ",duty 51%
2026-09-29 14:10:58,3,46,58,37.45,Not Active,Not Active,"FAN1=3300 FAN2=1000 FAN4=2300 FAN5=2500 FAN6=2300 FAN7=2500 ",duty 51%
2026-09-29 14:11:10,0,57,69,43.63,Not Active,Not Active,"FAN1=3100 FAN2=1000 FAN4=2200 FAN5=2500 FAN6=2300 FAN7=2400 ",duty 51%
2026-09-29 14:11:10,1,62,72,56.83,Not Active,Not Active,"FAN1=3100 FAN2=1000 FAN4=2200 FAN5=2500 FAN6=2300 FAN7=2400 ",duty 51%
2026-09-29 14:11:10,2,56,64,43.98,Not Active,Not Active,"FAN1=3100 FAN2=1000 FAN4=2200 FAN5=2500 FAN6=2300 FAN7=2400 ",duty 51%
2026-09-29 14:11:10,3,46,57,37.54,Not Active,Not Active,"FAN1=3100 FAN2=1000 FAN4=2200 FAN5=2500 FAN6=2300 FAN7=2400 ",duty 51%
2026-09-29 14:11:18,0,56,68,43.25,Not Active,Not Active,"FAN1=3100 FAN2=1000 FAN4=2200 FAN5=2500 FAN6=2300 FAN7=2400 ",duty 51%
2026-09-29 14:11:18,1,61,72,57.02,Not Active,Not Active,"FAN1=3100 FAN2=1000 FAN4=2200 FAN5=2500 FAN6=2300 FAN7=2400 ",duty 51%
2026-09-29 14:11:18,2,55,63,43.68,Not Active,Not Active,"FAN1=3100 FAN2=1000 FAN4=2200 FAN5=2500 FAN6=2300 FAN7=2400 ",duty 51%
2026-09-29 14:11:18,3,46,57,37.45,Not Active,Not Active,"FAN1=3100 FAN2=1000 FAN4=2200 FAN5=2500 FAN6=2300 FAN7=2400 ",duty 51%
2026-09-29 14:11:28,0,56,68,37.19,Not Active,Not Active,"FAN1=3100 FAN2=1000 FAN4=2200 FAN5=2500 FAN6=2300 FAN7=2400 ",duty 51%
2026-09-29 14:11:28,1,61,71,49.19,Not Active,Not Active,"FAN1=3100 FAN2=1000 FAN4=2200 FAN5=2500 FAN6=2300 FAN7=2400 ",duty 51%
2026-09-29 14:11:28,2,54,63,37.27,Not Active,Not Active,"FAN1=3100 FAN2=1000 FAN4=2200 FAN5=2500 FAN6=2300 FAN7=2400 ",duty 51%
2026-09-29 14:11:28,3,46,57,37.46,Not Active,Not Active,"FAN1=3100 FAN2=1000 FAN4=2200 FAN5=2500 FAN6=2300 FAN7=2400 ",duty 51%
2026-09-29 14:11:37,0,55,67,36.71,Not Active,Not Active,"FAN1=2800 FAN2=700 FAN4=2000 FAN5=2300 FAN6=2100 FAN7=2200 ",duty 47%
2026-09-29 14:11:37,1,60,71,48.51,Not Active,Not Active,"FAN1=2800 FAN2=700 FAN4=2000 FAN5=2300 FAN6=2100 FAN7=2200 ",duty 47%
2026-09-29 14:11:37,2,54,63,36.98,Not Active,Not Active,"FAN1=2800 FAN2=700 FAN4=2000 FAN5=2300 FAN6=2100 FAN7=2200 ",duty 47%
2026-09-29 14:11:37,3,46,57,37.47,Not Active,Not Active,"FAN1=2800 FAN2=700 FAN4=2000 FAN5=2300 FAN6=2100 FAN7=2200 ",duty 47%
2026-09-29 14:11:46,0,54,67,36.70,Not Active,Not Active,"FAN1=2800 FAN2=1000 FAN4=2000 FAN5=2300 FAN6=2100 FAN7=2200 ",duty 47%
2026-09-29 14:11:46,1,59,70,48.12,Not Active,Not Active,"FAN1=2800 FAN2=1000 FAN4=2000 FAN5=2300 FAN6=2100 FAN7=2200 ",duty 47%
2026-09-29 14:11:46,2,53,62,36.68,Not Active,Not Active,"FAN1=2800 FAN2=1000 FAN4=2000 FAN5=2300 FAN6=2100 FAN7=2200 ",duty 47%
2026-09-29 14:11:46,3,46,57,37.46,Not Active,Not Active,"FAN1=2800 FAN2=1000 FAN4=2000 FAN5=2300 FAN6=2100 FAN7=2200 ",duty 47%
2026-09-29 14:11:54,0,54,67,36.81,Not Active,Not Active,"FAN1=2800 FAN2=1000 FAN4=2000 FAN5=2300 FAN6=2100 FAN7=2200 ",duty 47%
2026-09-29 14:11:54,1,59,70,47.83,Not Active,Not Active,"FAN1=2800 FAN2=1000 FAN4=2000 FAN5=2300 FAN6=2100 FAN7=2200 ",duty 47%
2026-09-29 14:11:54,2,53,62,36.59,Not Active,Not Active,"FAN1=2800 FAN2=1000 FAN4=2000 FAN5=2300 FAN6=2100 FAN7=2200 ",duty 47%
2026-09-29 14:11:54,3,46,57,37.56,Not Active,Not Active,"FAN1=2800 FAN2=1000 FAN4=2000 FAN5=2300 FAN6=2100 FAN7=2200 ",duty 47%
2026-09-29 14:12:04,0,53,66,36.60,Not Active,Not Active,"FAN1=2800 FAN2=1000 FAN4=2000 FAN5=2300 FAN6=2100 FAN7=2200 ",duty 47%
2026-09-29 14:12:04,1,58,70,47.54,Not Active,Not Active,"FAN1=2800 FAN2=1000 FAN4=2000 FAN5=2300 FAN6=2100 FAN7=2200 ",duty 47%
2026-09-29 14:12:04,2,52,62,36.59,Not Active,Not Active,"FAN1=2800 FAN2=1000 FAN4=2000 FAN5=2300 FAN6=2100 FAN7=2200 ",duty 47%
2026-09-29 14:12:04,3,47,57,37.65,Not Active,Not Active,"FAN1=2800 FAN2=1000 FAN4=2000 FAN5=2300 FAN6=2100 FAN7=2200 ",duty 47%
2026-09-29 14:12:13,0,53,66,36.41,Not Active,Not Active,"FAN1=2800 FAN2=700 FAN4=2000 FAN5=2300 FAN6=2100 FAN7=2200 ",duty 44%
2026-09-29 14:12:13,1,58,69,47.24,Not Active,Not Active,"FAN1=2800 FAN2=700 FAN4=2000 FAN5=2300 FAN6=2100 FAN7=2200 ",duty 44%
2026-09-29 14:12:13,2,52,61,36.29,Not Active,Not Active,"FAN1=2800 FAN2=700 FAN4=2000 FAN5=2300 FAN6=2100 FAN7=2200 ",duty 44%
2026-09-29 14:12:13,3,47,58,37.84,Not Active,Not Active,"FAN1=2800 FAN2=700 FAN4=2000 FAN5=2300 FAN6=2100 FAN7=2200 ",duty 44%
2026-09-29 14:12:22,0,53,66,45.65,Not Active,Not Active,"FAN1=2700 FAN2=1000 FAN4=1800 FAN5=2100 FAN6=2000 FAN7=2100 ",duty 44%
2026-09-29 14:12:22,1,58,69,53.86,Not Active,Not Active,"FAN1=2700 FAN2=1000 FAN4=1800 FAN5=2100 FAN6=2000 FAN7=2100 ",duty 44%
2026-09-29 14:12:22,2,52,61,42.44,Not Active,Not Active,"FAN1=2700 FAN2=1000 FAN4=1800 FAN5=2100 FAN6=2000 FAN7=2100 ",duty 44%
2026-09-29 14:12:22,3,47,58,37.73,Not Active,Not Active,"FAN1=2700 FAN2=1000 FAN4=1800 FAN5=2100 FAN6=2000 FAN7=2100 ",duty 44%
2026-09-29 14:12:32,0,53,66,41.88,Not Active,Not Active,"FAN1=2700 FAN2=1000 FAN4=1800 FAN5=2100 FAN6=2000 FAN7=2100 ",duty 44%
2026-09-29 14:12:32,1,58,69,53.86,Not Active,Not Active,"FAN1=2700 FAN2=1000 FAN4=1800 FAN5=2100 FAN6=2000 FAN7=2100 ",duty 44%
2026-09-29 14:12:32,2,52,61,42.46,Not Active,Not Active,"FAN1=2700 FAN2=1000 FAN4=1800 FAN5=2100 FAN6=2000 FAN7=2100 ",duty 44%
2026-09-29 14:12:32,3,47,58,37.82,Not Active,Not Active,"FAN1=2700 FAN2=1000 FAN4=1800 FAN5=2100 FAN6=2000 FAN7=2100 ",duty 44%
2026-09-29 14:12:41,0,55,66,64.03,Not Active,Not Active,"FAN1=2700 FAN2=1000 FAN4=1800 FAN5=2100 FAN6=2000 FAN7=2100 ",duty 44%
2026-09-29 14:12:41,1,60,69,85.82,Not Active,Not Active,"FAN1=2700 FAN2=1000 FAN4=1800 FAN5=2100 FAN6=2000 FAN7=2100 ",duty 44%
2026-09-29 14:12:41,2,53,62,61.87,Not Active,Not Active,"FAN1=2700 FAN2=1000 FAN4=1800 FAN5=2100 FAN6=2000 FAN7=2100 ",duty 44%
2026-09-29 14:12:41,3,47,58,37.84,Not Active,Not Active,"FAN1=2700 FAN2=1000 FAN4=1800 FAN5=2100 FAN6=2000 FAN7=2100 ",duty 44%
2026-09-29 14:12:49,0,55,68,63.74,Not Active,Not Active,"FAN1=2700 FAN2=1000 FAN4=1800 FAN5=2100 FAN6=2000 FAN7=2100 ",duty 44%
2026-09-29 14:12:49,1,60,70,88.40,Not Active,Not Active,"FAN1=2700 FAN2=1000 FAN4=1800 FAN5=2100 FAN6=2000 FAN7=2100 ",duty 44%
2026-09-29 14:12:49,2,53,62,62.44,Not Active,Not Active,"FAN1=2700 FAN2=1000 FAN4=1800 FAN5=2100 FAN6=2000 FAN7=2100 ",duty 44%
2026-09-29 14:12:49,3,47,58,37.74,Not Active,Not Active,"FAN1=2700 FAN2=1000 FAN4=1800 FAN5=2100 FAN6=2000 FAN7=2100 ",duty 44%
2026-09-29 14:12:58,0,55,68,64.12,Not Active,Not Active,"FAN1=2700 FAN2=1000 FAN4=1800 FAN5=2100 FAN6=2000 FAN7=2100 ",duty 44%
2026-09-29 14:12:58,1,61,70,88.01,Not Active,Not Active,"FAN1=2700 FAN2=1000 FAN4=1800 FAN5=2100 FAN6=2000 FAN7=2100 ",duty 44%
2026-09-29 14:12:58,2,54,62,62.40,Not Active,Not Active,"FAN1=2700 FAN2=1000 FAN4=1800 FAN5=2100 FAN6=2000 FAN7=2100 ",duty 44%
2026-09-29 14:12:58,3,47,58,37.92,Not Active,Not Active,"FAN1=2700 FAN2=1000 FAN4=1800 FAN5=2100 FAN6=2000 FAN7=2100 ",duty 44%
2026-09-29 14:13:06,0,55,67,64.61,Not Active,Not Active,"FAN1=2700 FAN2=1000 FAN4=1800 FAN5=2100 FAN6=2000 FAN7=2100 ",duty 44%
2026-09-29 14:13:06,1,62,71,89.47,Not Active,Not Active,"FAN1=2700 FAN2=1000 FAN4=1800 FAN5=2100 FAN6=2000 FAN7=2100 ",duty 44%
2026-09-29 14:13:06,2,54,62,62.52,Not Active,Not Active,"FAN1=2700 FAN2=1000 FAN4=1800 FAN5=2100 FAN6=2000 FAN7=2100 ",duty 44%
2026-09-29 14:13:06,3,47,58,37.92,Not Active,Not Active,"FAN1=2700 FAN2=1000 FAN4=1800 FAN5=2100 FAN6=2000 FAN7=2100 ",duty 44%
2026-09-29 14:13:17,0,56,67,64.31,Not Active,Not Active,"FAN1=2800 FAN2=600 FAN4=2000 FAN5=2200 FAN6=2100 FAN7=2200 ",duty 47%
2026-09-29 14:13:17,1,62,71,89.09,Not Active,Not Active,"FAN1=2800 FAN2=600 FAN4=2000 FAN5=2200 FAN6=2100 FAN7=2200 ",duty 47%
2026-09-29 14:13:17,2,54,62,62.61,Not Active,Not Active,"FAN1=2800 FAN2=600 FAN4=2000 FAN5=2200 FAN6=2100 FAN7=2200 ",duty 47%
2026-09-29 14:13:17,3,48,59,37.92,Not Active,Not Active,"FAN1=2800 FAN2=600 FAN4=2000 FAN5=2200 FAN6=2100 FAN7=2200 ",duty 47%
2026-09-29 14:13:25,0,57,68,137.32,Not Active,Not Active,"FAN1=2800 FAN2=1000 FAN4=2000 FAN5=2300 FAN6=2100 FAN7=2200 ",duty 47%
2026-09-29 14:13:25,1,63,72,89.26,Not Active,Not Active,"FAN1=2800 FAN2=1000 FAN4=2000 FAN5=2300 FAN6=2100 FAN7=2200 ",duty 47%
2026-09-29 14:13:25,2,54,62,63.11,Not Active,Not Active,"FAN1=2800 FAN2=1000 FAN4=2000 FAN5=2300 FAN6=2100 FAN7=2200 ",duty 47%
2026-09-29 14:13:25,3,48,58,38.03,Not Active,Not Active,"FAN1=2800 FAN2=1000 FAN4=2000 FAN5=2300 FAN6=2100 FAN7=2200 ",duty 47%
2026-09-29 14:13:36,0,58,70,101.70,Not Active,Not Active,"FAN1=2800 FAN2=1000 FAN4=2000 FAN5=2300 FAN6=2100 FAN7=2200 ",duty 47%
2026-09-29 14:13:36,1,61,70,55.85,Not Active,Not Active,"FAN1=2800 FAN2=1000 FAN4=2000 FAN5=2300 FAN6=2100 FAN7=2200 ",duty 47%
2026-09-29 14:13:36,2,54,62,43.01,Not Active,Not Active,"FAN1=2800 FAN2=1000 FAN4=2000 FAN5=2300 FAN6=2100 FAN7=2200 ",duty 47%
2026-09-29 14:13:36,3,48,58,38.03,Not Active,Not Active,"FAN1=2800 FAN2=1000 FAN4=2000 FAN5=2300 FAN6=2100 FAN7=2200 ",duty 47%
2026-09-29 14:13:44,0,54,68,42.55,Not Active,Not Active,"FAN1=2800 FAN2=1000 FAN4=2000 FAN5=2300 FAN6=2100 FAN7=2200 ",duty 47%
2026-09-29 14:13:44,1,60,71,55.54,Not Active,Not Active,"FAN1=2800 FAN2=1000 FAN4=2000 FAN5=2300 FAN6=2100 FAN7=2200 ",duty 47%
2026-09-29 14:13:44,2,53,62,42.84,Not Active,Not Active,"FAN1=2800 FAN2=1000 FAN4=2000 FAN5=2300 FAN6=2100 FAN7=2200 ",duty 47%
2026-09-29 14:13:44,3,48,58,38.01,Not Active,Not Active,"FAN1=2800 FAN2=1000 FAN4=2000 FAN5=2300 FAN6=2100 FAN7=2200 ",duty 47%
2026-09-29 14:13:53,0,54,67,42.36,Not Active,Not Active,"FAN1=2800 FAN2=1000 FAN4=2000 FAN5=2300 FAN6=2100 FAN7=2200 ",duty 47%
2026-09-29 14:13:53,1,60,71,55.53,Not Active,Not Active,"FAN1=2800 FAN2=1000 FAN4=2000 FAN5=2300 FAN6=2100 FAN7=2200 ",duty 47%
2026-09-29 14:13:53,2,53,61,42.91,Not Active,Not Active,"FAN1=2800 FAN2=1000 FAN4=2000 FAN5=2300 FAN6=2100 FAN7=2200 ",duty 47%
2026-09-29 14:13:53,3,48,58,38.00,Not Active,Not Active,"FAN1=2800 FAN2=1000 FAN4=2000 FAN5=2300 FAN6=2100 FAN7=2200 ",duty 47%
2026-09-29 14:14:02,0,54,66,42.37,Not Active,Not Active,"FAN1=2800 FAN2=1000 FAN4=2000 FAN5=2200 FAN6=2100 FAN7=2200 ",duty 47%
2026-09-29 14:14:02,1,60,70,55.26,Not Active,Not Active,"FAN1=2800 FAN2=1000 FAN4=2000 FAN5=2200 FAN6=2100 FAN7=2200 ",duty 47%
2026-09-29 14:14:02,2,53,61,42.56,Not Active,Not Active,"FAN1=2800 FAN2=1000 FAN4=2000 FAN5=2200 FAN6=2100 FAN7=2200 ",duty 47%
2026-09-29 14:14:02,3,48,58,38.01,Not Active,Not Active,"FAN1=2800 FAN2=1000 FAN4=2000 FAN5=2200 FAN6=2100 FAN7=2200 ",duty 47%
2026-09-29 14:14:13,0,53,66,42.17,Not Active,Not Active,"FAN1=2800 FAN2=1000 FAN4=2000 FAN5=2300 FAN6=2100 FAN7=2200 ",duty 47%
2026-09-29 14:14:13,1,59,70,54.97,Not Active,Not Active,"FAN1=2800 FAN2=1000 FAN4=2000 FAN5=2300 FAN6=2100 FAN7=2200 ",duty 47%
2026-09-29 14:14:13,2,52,60,42.46,Not Active,Not Active,"FAN1=2800 FAN2=1000 FAN4=2000 FAN5=2300 FAN6=2100 FAN7=2200 ",duty 47%
2026-09-29 14:14:13,3,48,58,38.01,Not Active,Not Active,"FAN1=2800 FAN2=1000 FAN4=2000 FAN5=2300 FAN6=2100 FAN7=2200 ",duty 47%
2026-09-29 14:14:22,0,55,66,63.06,Not Active,Not Active,"FAN1=2800 FAN2=1000 FAN4=2000 FAN5=2300 FAN6=2100 FAN7=2200 ",duty 47%
2026-09-29 14:14:22,1,61,70,86.99,Not Active,Not Active,"FAN1=2800 FAN2=1000 FAN4=2000 FAN5=2300 FAN6=2100 FAN7=2200 ",duty 47%
2026-09-29 14:14:22,2,52,61,42.30,Not Active,Not Active,"FAN1=2800 FAN2=1000 FAN4=2000 FAN5=2300 FAN6=2100 FAN7=2200 ",duty 47%
2026-09-29 14:14:22,3,48,58,37.97,Not Active,Not Active,"FAN1=2800 FAN2=1000 FAN4=2000 FAN5=2300 FAN6=2100 FAN7=2200 ",duty 47%
2026-09-29 14:14:33,0,54,68,41.88,Not Active,Not Active,"FAN1=2800 FAN2=1000 FAN4=2000 FAN5=2300 FAN6=2100 FAN7=2200 ",duty 47%
2026-09-29 14:14:33,1,59,70,54.66,Not Active,Not Active,"FAN1=2800 FAN2=1000 FAN4=2000 FAN5=2300 FAN6=2100 FAN7=2200 ",duty 47%
2026-09-29 14:14:33,2,52,61,42.27,Not Active,Not Active,"FAN1=2800 FAN2=1000 FAN4=2000 FAN5=2300 FAN6=2100 FAN7=2200 ",duty 47%
2026-09-29 14:14:33,3,48,58,38.01,Not Active,Not Active,"FAN1=2800 FAN2=1000 FAN4=2000 FAN5=2300 FAN6=2100 FAN7=2200 ",duty 47%
2026-09-29 14:14:44,0,53,67,41.98,Not Active,Not Active,"FAN1=2700 FAN2=1000 FAN4=1800 FAN5=2100 FAN6=2000 FAN7=2100 ",duty 44%
2026-09-29 14:14:44,1,59,70,54.55,Not Active,Not Active,"FAN1=2700 FAN2=1000 FAN4=1800 FAN5=2100 FAN6=2000 FAN7=2100 ",duty 44%
2026-09-29 14:14:44,2,52,60,42.46,Not Active,Not Active,"FAN1=2700 FAN2=1000 FAN4=1800 FAN5=2100 FAN6=2000 FAN7=2100 ",duty 44%
2026-09-29 14:14:44,3,48,59,38.11,Not Active,Not Active,"FAN1=2700 FAN2=1000 FAN4=1800 FAN5=2100 FAN6=2000 FAN7=2100 ",duty 44%
2026-09-29 14:14:52,0,55,67,69.28,Not Active,Not Active,"FAN1=2700 FAN2=1000 FAN4=1800 FAN5=2100 FAN6=2000 FAN7=2100 ",duty 44%
2026-09-29 14:14:52,1,61,69,93.67,Not Active,Not Active,"FAN1=2700 FAN2=1000 FAN4=1800 FAN5=2100 FAN6=2000 FAN7=2100 ",duty 44%
2026-09-29 14:14:52,2,51,61,42.18,Not Active,Not Active,"FAN1=2700 FAN2=1000 FAN4=1800 FAN5=2100 FAN6=2000 FAN7=2100 ",duty 44%
2026-09-29 14:14:52,3,48,59,38.15,Not Active,Not Active,"FAN1=2700 FAN2=1000 FAN4=1800 FAN5=2100 FAN6=2000 FAN7=2100 ",duty 44%
2026-09-29 14:15:02,0,55,68,69.57,Not Active,Not Active,"FAN1=2700 FAN2=1000 FAN4=1800 FAN5=2100 FAN6=2000 FAN7=2100 ",duty 44%
2026-09-29 14:15:02,1,62,71,94.64,Not Active,Not Active,"FAN1=2700 FAN2=1000 FAN4=1800 FAN5=2100 FAN6=2000 FAN7=2100 ",duty 44%
2026-09-29 14:15:02,2,51,61,42.38,Not Active,Not Active,"FAN1=2700 FAN2=1000 FAN4=1800 FAN5=2100 FAN6=2000 FAN7=2100 ",duty 44%
2026-09-29 14:15:02,3,48,59,38.15,Not Active,Not Active,"FAN1=2700 FAN2=1000 FAN4=1800 FAN5=2100 FAN6=2000 FAN7=2100 ",duty 44%
2026-09-29 14:15:10,0,56,68,69.86,Not Active,Not Active,"FAN1=2700 FAN2=1000 FAN4=1800 FAN5=2100 FAN6=2000 FAN7=2100 ",duty 44%
2026-09-29 14:15:10,1,63,70,95.69,Not Active,Not Active,"FAN1=2700 FAN2=1000 FAN4=1800 FAN5=2100 FAN6=2000 FAN7=2100 ",duty 44%
2026-09-29 14:15:10,2,51,61,42.08,Not Active,Not Active,"FAN1=2700 FAN2=1000 FAN4=1800 FAN5=2100 FAN6=2000 FAN7=2100 ",duty 44%
2026-09-29 14:15:10,3,48,58,38.15,Not Active,Not Active,"FAN1=2700 FAN2=1000 FAN4=1800 FAN5=2100 FAN6=2000 FAN7=2100 ",duty 44%
2026-09-29 14:15:21,0,56,68,70.16,Not Active,Not Active,"FAN1=2700 FAN2=1000 FAN4=1800 FAN5=2100 FAN6=2000 FAN7=2100 ",duty 44%
2026-09-29 14:15:21,1,63,71,96.53,Not Active,Not Active,"FAN1=2700 FAN2=1000 FAN4=1800 FAN5=2100 FAN6=2000 FAN7=2100 ",duty 44%
2026-09-29 14:15:21,2,51,60,42.00,Not Active,Not Active,"FAN1=2700 FAN2=1000 FAN4=1800 FAN5=2100 FAN6=2000 FAN7=2100 ",duty 44%
2026-09-29 14:15:21,3,48,59,38.25,Not Active,Not Active,"FAN1=2700 FAN2=1000 FAN4=1800 FAN5=2100 FAN6=2000 FAN7=2100 ",duty 44%
2026-09-29 14:15:29,0,57,68,70.23,Not Active,Not Active,"FAN1=2800 FAN2=1000 FAN4=2000 FAN5=2300 FAN6=2100 FAN7=2200 ",duty 47%
2026-09-29 14:15:29,1,64,71,97.44,Not Active,Not Active,"FAN1=2800 FAN2=1000 FAN4=2000 FAN5=2300 FAN6=2100 FAN7=2200 ",duty 47%
2026-09-29 14:15:29,2,51,60,41.99,Not Active,Not Active,"FAN1=2800 FAN2=1000 FAN4=2000 FAN5=2300 FAN6=2100 FAN7=2200 ",duty 47%
2026-09-29 14:15:29,3,48,60,38.15,Not Active,Not Active,"FAN1=2800 FAN2=1000 FAN4=2000 FAN5=2300 FAN6=2100 FAN7=2200 ",duty 47%
2026-09-29 14:15:37,0,57,69,70.40,Not Active,Not Active,"FAN1=2800 FAN2=1000 FAN4=2000 FAN5=2300 FAN6=2100 FAN7=2200 ",duty 47%
2026-09-29 14:15:37,1,64,73,98.11,Not Active,Not Active,"FAN1=2800 FAN2=1000 FAN4=2000 FAN5=2300 FAN6=2100 FAN7=2200 ",duty 47%
2026-09-29 14:15:37,2,51,60,42.00,Not Active,Not Active,"FAN1=2800 FAN2=1000 FAN4=2000 FAN5=2300 FAN6=2100 FAN7=2200 ",duty 47%
2026-09-29 14:15:37,3,48,60,38.15,Not Active,Not Active,"FAN1=2800 FAN2=1000 FAN4=2000 FAN5=2300 FAN6=2100 FAN7=2200 ",duty 47%
2026-09-29 14:15:47,0,57,69,70.59,Not Active,Not Active,"FAN1=2800 FAN2=1000 FAN4=2000 FAN5=2300 FAN6=2100 FAN7=2200 ",duty 47%
2026-09-29 14:15:47,1,65,72,98.78,Not Active,Not Active,"FAN1=2800 FAN2=1000 FAN4=2000 FAN5=2300 FAN6=2100 FAN7=2200 ",duty 47%
2026-09-29 14:15:47,2,51,60,41.98,Not Active,Not Active,"FAN1=2800 FAN2=1000 FAN4=2000 FAN5=2300 FAN6=2100 FAN7=2200 ",duty 47%
2026-09-29 14:15:47,3,48,60,38.24,Not Active,Not Active,"FAN1=2800 FAN2=1000 FAN4=2000 FAN5=2300 FAN6=2100 FAN7=2200 ",duty 47%
2026-09-29 14:15:55,0,57,69,70.68,Not Active,Not Active,"FAN1=2800 FAN2=1100 FAN4=2000 FAN5=2300 FAN6=2100 FAN7=2200 ",duty 47%
2026-09-29 14:15:55,1,66,72,99.56,Not Active,Not Active,"FAN1=2800 FAN2=1100 FAN4=2000 FAN5=2300 FAN6=2100 FAN7=2200 ",duty 47%
2026-09-29 14:15:55,2,50,60,41.89,Not Active,Not Active,"FAN1=2800 FAN2=1100 FAN4=2000 FAN5=2300 FAN6=2100 FAN7=2200 ",duty 47%
2026-09-29 14:15:55,3,48,59,38.15,Not Active,Not Active,"FAN1=2800 FAN2=1100 FAN4=2000 FAN5=2300 FAN6=2100 FAN7=2200 ",duty 47%
2026-09-29 14:16:06,0,58,68,74.01,Not Active,Not Active,"FAN1=3100 FAN2=1000 FAN4=2200 FAN5=2500 FAN6=2300 FAN7=2400 ",duty 51%
2026-09-29 14:16:06,1,66,74,95.38,Not Active,Not Active,"FAN1=3100 FAN2=1000 FAN4=2200 FAN5=2500 FAN6=2300 FAN7=2400 ",duty 51%
2026-09-29 14:16:06,2,50,60,41.99,Not Active,Not Active,"FAN1=3100 FAN2=1000 FAN4=2200 FAN5=2500 FAN6=2300 FAN7=2400 ",duty 51%
2026-09-29 14:16:06,3,48,59,38.15,Not Active,Not Active,"FAN1=3100 FAN2=1000 FAN4=2200 FAN5=2500 FAN6=2300 FAN7=2400 ",duty 51%
2026-09-29 14:16:14,0,58,68,64.17,Not Active,Not Active,"FAN1=3100 FAN2=1000 FAN4=2200 FAN5=2500 FAN6=2300 FAN7=2400 ",duty 55%
2026-09-29 14:16:14,1,65,75,67.19,Not Active,Not Active,"FAN1=3100 FAN2=1000 FAN4=2200 FAN5=2500 FAN6=2300 FAN7=2400 ",duty 55%
2026-09-29 14:16:14,2,52,60,44.47,Not Active,Not Active,"FAN1=3100 FAN2=1000 FAN4=2200 FAN5=2500 FAN6=2300 FAN7=2400 ",duty 55%
2026-09-29 14:16:14,3,48,59,38.13,Not Active,Not Active,"FAN1=3100 FAN2=1000 FAN4=2200 FAN5=2500 FAN6=2300 FAN7=2400 ",duty 55%
2026-09-29 14:16:23,0,58,71,63.37,Not Active,Not Active,"FAN1=3400 FAN2=1000 FAN4=2400 FAN5=2600 FAN6=2300 FAN7=2500 ",duty 51%
2026-09-29 14:16:23,1,65,75,109.03,Not Active,Not Active,"FAN1=3400 FAN2=1000 FAN4=2400 FAN5=2600 FAN6=2300 FAN7=2500 ",duty 51%
2026-09-29 14:16:23,2,53,62,123.71,Not Active,Not Active,"FAN1=3400 FAN2=1000 FAN4=2400 FAN5=2600 FAN6=2300 FAN7=2500 ",duty 51%
2026-09-29 14:16:23,3,48,59,38.17,Not Active,Not Active,"FAN1=3400 FAN2=1000 FAN4=2400 FAN5=2600 FAN6=2300 FAN7=2500 ",duty 51%
2026-09-29 14:16:31,0,59,70,192.83,Not Active,Not Active,"FAN1=3900 FAN2=1000 FAN4=2900 FAN5=3100 FAN6=2800 FAN7=3000 ",duty 62%
2026-09-29 14:16:31,1,65,74,88.69,Not Active,Not Active,"FAN1=3900 FAN2=1000 FAN4=2900 FAN5=3100 FAN6=2800 FAN7=3000 ",duty 62%
2026-09-29 14:16:31,2,53,62,62.89,Not Active,Not Active,"FAN1=3900 FAN2=1000 FAN4=2900 FAN5=3100 FAN6=2800 FAN7=3000 ",duty 62%
2026-09-29 14:16:31,3,48,58,37.74,Not Active,Not Active,"FAN1=3900 FAN2=1000 FAN4=2900 FAN5=3100 FAN6=2800 FAN7=3000 ",duty 62%
2026-09-29 14:16:42,0,58,70,67.50,Not Active,Not Active,"FAN1=3700 FAN2=1000 FAN4=2300 FAN5=2600 FAN6=2300 FAN7=2500 ",duty 51%
2026-09-29 14:16:42,1,65,74,89.96,Not Active,Not Active,"FAN1=3700 FAN2=1000 FAN4=2300 FAN5=2600 FAN6=2300 FAN7=2500 ",duty 51%
2026-09-29 14:16:42,2,53,61,69.28,Not Active,Not Active,"FAN1=3700 FAN2=1000 FAN4=2300 FAN5=2600 FAN6=2300 FAN7=2500 ",duty 51%
2026-09-29 14:16:42,3,47,58,37.91,Not Active,Not Active,"FAN1=3700 FAN2=1000 FAN4=2300 FAN5=2600 FAN6=2300 FAN7=2500 ",duty 51%
2026-09-29 14:16:50,0,59,72,113.71,Not Active,Not Active,"FAN1=3600 FAN2=1000 FAN4=2500 FAN5=2700 FAN6=2500 FAN7=2600 ",duty 62%
2026-09-29 14:16:50,1,65,77,103.58,Not Active,Not Active,"FAN1=3600 FAN2=1000 FAN4=2500 FAN5=2700 FAN6=2500 FAN7=2600 ",duty 62%
2026-09-29 14:16:50,2,55,65,71.42,Not Active,Not Active,"FAN1=3600 FAN2=1000 FAN4=2500 FAN5=2700 FAN6=2500 FAN7=2600 ",duty 62%
2026-09-29 14:16:50,3,47,59,37.85,Not Active,Not Active,"FAN1=3600 FAN2=1000 FAN4=2500 FAN5=2700 FAN6=2500 FAN7=2600 ",duty 62%
2026-09-29 14:17:01,0,60,71,101.88,Not Active,Not Active,"FAN1=3400 FAN2=1000 FAN4=2500 FAN5=2700 FAN6=2500 FAN7=2600 ",duty 55%
2026-09-29 14:17:01,1,64,73,88.63,Not Active,Not Active,"FAN1=3400 FAN2=1000 FAN4=2500 FAN5=2700 FAN6=2500 FAN7=2600 ",duty 55%
2026-09-29 14:17:01,2,54,62,59.31,Not Active,Not Active,"FAN1=3400 FAN2=1000 FAN4=2500 FAN5=2700 FAN6=2500 FAN7=2600 ",duty 55%
2026-09-29 14:17:01,3,47,58,37.73,Not Active,Not Active,"FAN1=3400 FAN2=1000 FAN4=2500 FAN5=2700 FAN6=2500 FAN7=2600 ",duty 55%
2026-09-29 14:17:10,0,60,71,53.01,Not Active,Not Active,"FAN1=3100 FAN2=1000 FAN4=2200 FAN5=2500 FAN6=2300 FAN7=2400 ",duty 55%
2026-09-29 14:17:10,1,65,77,109.42,Not Active,Not Active,"FAN1=3100 FAN2=1000 FAN4=2200 FAN5=2500 FAN6=2300 FAN7=2400 ",duty 55%
2026-09-29 14:17:10,2,56,65,110.81,Not Active,Not Active,"FAN1=3100 FAN2=1000 FAN4=2200 FAN5=2500 FAN6=2300 FAN7=2400 ",duty 55%
2026-09-29 14:17:10,3,47,58,37.46,Not Active,Not Active,"FAN1=3100 FAN2=1000 FAN4=2200 FAN5=2500 FAN6=2300 FAN7=2400 ",duty 55%
2026-09-29 14:17:20,0,56,69,43.44,Not Active,Not Active,"FAN1=3400 FAN2=1000 FAN4=2500 FAN5=2700 FAN6=2500 FAN7=2600 ",duty 55%
2026-09-29 14:17:20,1,62,73,57.60,Not Active,Not Active,"FAN1=3400 FAN2=1000 FAN4=2500 FAN5=2700 FAN6=2500 FAN7=2600 ",duty 55%
2026-09-29 14:17:20,2,53,62,43.02,Not Active,Not Active,"FAN1=3400 FAN2=1000 FAN4=2500 FAN5=2700 FAN6=2500 FAN7=2600 ",duty 55%
2026-09-29 14:17:20,3,47,59,37.64,Not Active,Not Active,"FAN1=3400 FAN2=1000 FAN4=2500 FAN5=2700 FAN6=2500 FAN7=2600 ",duty 55%
2026-09-29 14:17:28,0,60,71,64.12,Not Active,Not Active,"FAN1=2900 FAN2=1000 FAN4=2100 FAN5=2400 FAN6=2200 FAN7=2300 ",duty 49%
2026-09-29 14:17:28,1,65,74,74.53,Not Active,Not Active,"FAN1=2900 FAN2=1000 FAN4=2100 FAN5=2400 FAN6=2200 FAN7=2300 ",duty 49%
2026-09-29 14:17:28,2,55,63,58.97,Not Active,Not Active,"FAN1=2900 FAN2=1000 FAN4=2100 FAN5=2400 FAN6=2200 FAN7=2300 ",duty 49%
2026-09-29 14:17:28,3,47,59,37.66,Not Active,Not Active,"FAN1=2900 FAN2=1000 FAN4=2100 FAN5=2400 FAN6=2200 FAN7=2300 ",duty 49%
2026-09-29 14:17:36,0,61,71,122.97,Not Active,Not Active,"FAN1=2900 FAN2=700 FAN4=2100 FAN5=2400 FAN6=2200 FAN7=2300 ",duty 49%
2026-09-29 14:17:36,1,65,74,98.89,Not Active,Not Active,"FAN1=2900 FAN2=700 FAN4=2100 FAN5=2400 FAN6=2200 FAN7=2300 ",duty 49%
2026-09-29 14:17:36,2,57,64,113.18,Not Active,Not Active,"FAN1=2900 FAN2=700 FAN4=2100 FAN5=2400 FAN6=2200 FAN7=2300 ",duty 49%
2026-09-29 14:17:36,3,47,58,37.68,Not Active,Not Active,"FAN1=2900 FAN2=700 FAN4=2100 FAN5=2400 FAN6=2200 FAN7=2300 ",duty 49%
2026-09-29 14:17:45,0,61,71,81.10,Not Active,Not Active,"FAN1=3200 FAN2=1000 FAN4=2300 FAN5=2600 FAN6=2400 FAN7=2500 ",duty 53%
2026-09-29 14:17:45,1,66,74,106.25,Not Active,Not Active,"FAN1=3200 FAN2=1000 FAN4=2300 FAN5=2600 FAN6=2400 FAN7=2500 ",duty 53%
2026-09-29 14:17:45,2,57,63,75.38,Not Active,Not Active,"FAN1=3200 FAN2=1000 FAN4=2300 FAN5=2600 FAN6=2400 FAN7=2500 ",duty 53%
2026-09-29 14:17:45,3,47,59,37.83,Not Active,Not Active,"FAN1=3200 FAN2=1000 FAN4=2300 FAN5=2600 FAN6=2400 FAN7=2500 ",duty 53%
2026-09-29 14:17:53,0,59,70,64.34,Not Active,Not Active,"FAN1=3900 FAN2=1000 FAN4=2900 FAN5=3100 FAN6=2800 FAN7=3000 ",duty 51%
2026-09-29 14:17:53,1,63,72,66.00,Not Active,Not Active,"FAN1=3900 FAN2=1000 FAN4=2900 FAN5=3100 FAN6=2800 FAN7=3000 ",duty 51%
2026-09-29 14:17:53,2,56,63,63.23,Not Active,Not Active,"FAN1=3900 FAN2=1000 FAN4=2900 FAN5=3100 FAN6=2800 FAN7=3000 ",duty 51%
2026-09-29 14:17:53,3,47,59,37.86,Not Active,Not Active,"FAN1=3900 FAN2=1000 FAN4=2900 FAN5=3100 FAN6=2800 FAN7=3000 ",duty 51%
2026-09-29 14:18:04,0,62,71,76.06,Not Active,Not Active,"FAN1=3400 FAN2=1000 FAN4=2500 FAN5=2700 FAN6=2300 FAN7=2400 ",duty 55%
2026-09-29 14:18:04,1,66,74,84.43,Not Active,Not Active,"FAN1=3400 FAN2=1000 FAN4=2500 FAN5=2700 FAN6=2300 FAN7=2400 ",duty 55%
2026-09-29 14:18:04,2,57,64,45.85,Not Active,Not Active,"FAN1=3400 FAN2=1000 FAN4=2500 FAN5=2700 FAN6=2300 FAN7=2400 ",duty 55%
2026-09-29 14:18:04,3,47,57,37.55,Not Active,Not Active,"FAN1=3400 FAN2=1000 FAN4=2500 FAN5=2700 FAN6=2300 FAN7=2400 ",duty 55%
2026-09-29 14:18:12,0,61,70,63.35,Not Active,Not Active,"FAN1=3400 FAN2=1000 FAN4=2500 FAN5=2700 FAN6=2500 FAN7=2600 ",duty 55%
2026-09-29 14:18:12,1,65,75,103.48,Not Active,Not Active,"FAN1=3400 FAN2=1000 FAN4=2500 FAN5=2700 FAN6=2500 FAN7=2600 ",duty 55%
2026-09-29 14:18:12,2,57,64,57.92,Not Active,Not Active,"FAN1=3400 FAN2=1000 FAN4=2500 FAN5=2700 FAN6=2500 FAN7=2600 ",duty 55%
2026-09-29 14:18:12,3,47,57,37.66,Not Active,Not Active,"FAN1=3400 FAN2=1000 FAN4=2500 FAN5=2700 FAN6=2500 FAN7=2600 ",duty 55%
2026-09-29 14:18:23,0,61,71,45.57,Not Active,Not Active,"FAN1=3400 FAN2=1100 FAN4=2500 FAN5=2700 FAN6=2500 FAN7=2600 ",duty 55%
2026-09-29 14:18:23,1,65,75,101.84,Not Active,Not Active,"FAN1=3400 FAN2=1100 FAN4=2500 FAN5=2700 FAN6=2500 FAN7=2600 ",duty 55%
2026-09-29 14:18:23,2,57,64,59.94,Not Active,Not Active,"FAN1=3400 FAN2=1100 FAN4=2500 FAN5=2700 FAN6=2500 FAN7=2600 ",duty 55%
2026-09-29 14:18:23,3,47,57,37.58,Not Active,Not Active,"FAN1=3400 FAN2=1100 FAN4=2500 FAN5=2700 FAN6=2500 FAN7=2600 ",duty 55%
2026-09-29 14:18:31,0,61,72,58.26,Not Active,Not Active,"FAN1=3400 FAN2=1000 FAN4=2500 FAN5=2700 FAN6=2500 FAN7=2600 ",duty 55%
2026-09-29 14:18:31,1,66,74,88.26,Not Active,Not Active,"FAN1=3400 FAN2=1000 FAN4=2500 FAN5=2700 FAN6=2500 FAN7=2600 ",duty 55%
2026-09-29 14:18:31,2,58,64,69.04,Not Active,Not Active,"FAN1=3400 FAN2=1000 FAN4=2500 FAN5=2700 FAN6=2500 FAN7=2600 ",duty 55%
2026-09-29 14:18:31,3,46,57,37.53,Not Active,Not Active,"FAN1=3400 FAN2=1000 FAN4=2500 FAN5=2700 FAN6=2500 FAN7=2600 ",duty 55%
2026-09-29 14:18:42,0,63,72,106.87,Not Active,Not Active,"FAN1=3400 FAN2=1000 FAN4=2500 FAN5=2700 FAN6=2500 FAN7=2600 ",duty 55%
2026-09-29 14:18:42,1,66,75,121.88,Not Active,Not Active,"FAN1=3400 FAN2=1000 FAN4=2500 FAN5=2700 FAN6=2500 FAN7=2600 ",duty 55%
2026-09-29 14:18:42,2,58,65,44.94,Not Active,Not Active,"FAN1=3400 FAN2=1000 FAN4=2500 FAN5=2700 FAN6=2500 FAN7=2600 ",duty 55%
2026-09-29 14:18:42,3,46,57,37.47,Not Active,Not Active,"FAN1=3400 FAN2=1000 FAN4=2500 FAN5=2700 FAN6=2500 FAN7=2600 ",duty 55%
2026-09-29 14:18:51,0,63,71,102.33,Not Active,Not Active,"FAN1=3400 FAN2=1000 FAN4=2500 FAN5=2700 FAN6=2500 FAN7=2600 ",duty 55%
2026-09-29 14:18:51,1,66,74,89.00,Not Active,Not Active,"FAN1=3400 FAN2=1000 FAN4=2500 FAN5=2700 FAN6=2500 FAN7=2600 ",duty 55%
2026-09-29 14:18:51,2,59,65,102.39,Not Active,Not Active,"FAN1=3400 FAN2=1000 FAN4=2500 FAN5=2700 FAN6=2500 FAN7=2600 ",duty 55%
2026-09-29 14:18:51,3,46,57,37.59,Not Active,Not Active,"FAN1=3400 FAN2=1000 FAN4=2500 FAN5=2700 FAN6=2500 FAN7=2600 ",duty 55%
2026-09-29 14:19:01,0,63,72,91.48,Not Active,Not Active,"FAN1=3400 FAN2=1000 FAN4=2500 FAN5=2700 FAN6=2500 FAN7=2600 ",duty 55%
2026-09-29 14:19:01,1,66,74,91.27,Not Active,Not Active,"FAN1=3400 FAN2=1000 FAN4=2500 FAN5=2700 FAN6=2500 FAN7=2600 ",duty 55%
2026-09-29 14:19:01,2,60,66,88.00,Not Active,Not Active,"FAN1=3400 FAN2=1000 FAN4=2500 FAN5=2700 FAN6=2500 FAN7=2600 ",duty 55%
2026-09-29 14:19:01,3,46,57,37.46,Not Active,Not Active,"FAN1=3400 FAN2=1000 FAN4=2500 FAN5=2700 FAN6=2500 FAN7=2600 ",duty 55%
2026-09-29 14:19:09,0,61,72,48.23,Not Active,Not Active,"FAN1=3400 FAN2=1000 FAN4=2500 FAN5=2700 FAN6=2500 FAN7=2600 ",duty 55%
2026-09-29 14:19:09,1,66,75,102.38,Not Active,Not Active,"FAN1=3400 FAN2=1000 FAN4=2500 FAN5=2700 FAN6=2500 FAN7=2600 ",duty 55%
2026-09-29 14:19:09,2,58,65,70.65,Not Active,Not Active,"FAN1=3400 FAN2=1000 FAN4=2500 FAN5=2700 FAN6=2500 FAN7=2600 ",duty 55%
2026-09-29 14:19:09,3,46,57,37.47,Not Active,Not Active,"FAN1=3400 FAN2=1000 FAN4=2500 FAN5=2700 FAN6=2500 FAN7=2600 ",duty 55%
2026-09-29 14:19:19,0,63,72,96.56,Not Active,Not Active,"FAN1=3400 FAN2=700 FAN4=2500 FAN5=2700 FAN6=2500 FAN7=2600 ",duty 55%
2026-09-29 14:19:19,1,66,75,90.47,Not Active,Not Active,"FAN1=3400 FAN2=700 FAN4=2500 FAN5=2700 FAN6=2500 FAN7=2600 ",duty 55%
2026-09-29 14:19:19,2,60,65,88.64,Not Active,Not Active,"FAN1=3400 FAN2=700 FAN4=2500 FAN5=2700 FAN6=2500 FAN7=2600 ",duty 55%
2026-09-29 14:19:19,3,46,58,37.52,Not Active,Not Active,"FAN1=3400 FAN2=700 FAN4=2500 FAN5=2700 FAN6=2500 FAN7=2600 ",duty 55%
2026-09-29 14:19:28,0,63,72,102.34,Not Active,Not Active,"FAN1=3400 FAN2=700 FAN4=2500 FAN5=2700 FAN6=2500 FAN7=2600 ",duty 55%
2026-09-29 14:19:28,1,66,75,92.46,Not Active,Not Active,"FAN1=3400 FAN2=700 FAN4=2500 FAN5=2700 FAN6=2500 FAN7=2600 ",duty 55%
2026-09-29 14:19:28,2,60,66,90.60,Not Active,Not Active,"FAN1=3400 FAN2=700 FAN4=2500 FAN5=2700 FAN6=2500 FAN7=2600 ",duty 55%
2026-09-29 14:19:28,3,46,58,37.32,Not Active,Not Active,"FAN1=3400 FAN2=700 FAN4=2500 FAN5=2700 FAN6=2500 FAN7=2600 ",duty 55%
2026-09-29 14:19:37,0,63,73,89.76,Not Active,Not Active,"FAN1=3400 FAN2=1000 FAN4=2500 FAN5=2700 FAN6=2500 FAN7=2600 ",duty 55%
2026-09-29 14:19:37,1,66,75,93.62,Not Active,Not Active,"FAN1=3400 FAN2=1000 FAN4=2500 FAN5=2700 FAN6=2500 FAN7=2600 ",duty 55%
2026-09-29 14:19:37,2,60,66,91.98,Not Active,Not Active,"FAN1=3400 FAN2=1000 FAN4=2500 FAN5=2700 FAN6=2500 FAN7=2600 ",duty 55%
2026-09-29 14:19:37,3,46,58,37.39,Not Active,Not Active,"FAN1=3400 FAN2=1000 FAN4=2500 FAN5=2700 FAN6=2500 FAN7=2600 ",duty 55%
2026-09-29 14:19:45,0,61,71,47.40,Not Active,Not Active,"FAN1=3400 FAN2=1000 FAN4=2500 FAN5=2700 FAN6=2500 FAN7=2600 ",duty 55%
2026-09-29 14:19:45,1,66,75,104.01,Not Active,Not Active,"FAN1=3400 FAN2=1000 FAN4=2500 FAN5=2700 FAN6=2500 FAN7=2600 ",duty 55%
2026-09-29 14:19:45,2,58,65,50.82,Not Active,Not Active,"FAN1=3400 FAN2=1000 FAN4=2500 FAN5=2700 FAN6=2500 FAN7=2600 ",duty 55%
2026-09-29 14:19:45,3,46,57,37.42,Not Active,Not Active,"FAN1=3400 FAN2=1000 FAN4=2500 FAN5=2700 FAN6=2500 FAN7=2600 ",duty 55%
2026-09-29 14:19:55,0,61,71,65.05,Not Active,Not Active,"FAN1=3400 FAN2=1000 FAN4=2500 FAN5=2700 FAN6=2500 FAN7=2600 ",duty 55%
2026-09-29 14:19:55,1,65,74,82.98,Not Active,Not Active,"FAN1=3400 FAN2=1000 FAN4=2500 FAN5=2700 FAN6=2500 FAN7=2600 ",duty 55%
2026-09-29 14:19:55,2,58,65,61.93,Not Active,Not Active,"FAN1=3400 FAN2=1000 FAN4=2500 FAN5=2700 FAN6=2500 FAN7=2600 ",duty 55%
2026-09-29 14:19:55,3,46,58,37.46,Not Active,Not Active,"FAN1=3400 FAN2=1000 FAN4=2500 FAN5=2700 FAN6=2500 FAN7=2600 ",duty 55%
2026-09-29 14:20:04,0,62,73,50.57,Not Active,Not Active,"FAN1=3100 FAN2=1000 FAN4=2200 FAN5=2500 FAN6=2300 FAN7=2400 ",duty 62%
2026-09-29 14:20:04,1,65,77,128.80,Not Active,Not Active,"FAN1=3100 FAN2=1000 FAN4=2200 FAN5=2500 FAN6=2300 FAN7=2400 ",duty 62%
2026-09-29 14:20:04,2,59,67,103.11,Not Active,Not Active,"FAN1=3100 FAN2=1000 FAN4=2200 FAN5=2500 FAN6=2300 FAN7=2400 ",duty 62%
2026-09-29 14:20:04,3,46,57,37.31,Not Active,Not Active,"FAN1=3100 FAN2=1000 FAN4=2200 FAN5=2500 FAN6=2300 FAN7=2400 ",duty 62%
2026-09-29 14:20:13,0,64,73,124.19,Not Active,Not Active,"FAN1=3900 FAN2=1000 FAN4=2700 FAN5=2800 FAN6=2500 FAN7=2600 ",duty 53%
2026-09-29 14:20:13,1,64,75,65.06,Not Active,Not Active,"FAN1=3900 FAN2=1000 FAN4=2700 FAN5=2800 FAN6=2500 FAN7=2600 ",duty 53%
2026-09-29 14:20:13,2,59,66,78.02,Not Active,Not Active,"FAN1=3900 FAN2=1000 FAN4=2700 FAN5=2800 FAN6=2500 FAN7=2600 ",duty 53%
2026-09-29 14:20:13,3,46,58,37.40,Not Active,Not Active,"FAN1=3900 FAN2=1000 FAN4=2700 FAN5=2800 FAN6=2500 FAN7=2600 ",duty 53%
2026-09-29 14:20:21,0,62,74,55.64,Not Active,Not Active,"FAN1=3200 FAN2=1000 FAN4=2400 FAN5=2600 FAN6=2400 FAN7=2500 ",duty 69%
2026-09-29 14:20:21,1,65,76,125.37,Not Active,Not Active,"FAN1=3200 FAN2=1000 FAN4=2400 FAN5=2600 FAN6=2400 FAN7=2500 ",duty 69%
2026-09-29 14:20:21,2,59,68,125.94,Not Active,Not Active,"FAN1=3200 FAN2=1000 FAN4=2400 FAN5=2600 FAN6=2400 FAN7=2500 ",duty 69%
2026-09-29 14:20:21,3,46,57,37.40,Not Active,Not Active,"FAN1=3200 FAN2=1000 FAN4=2400 FAN5=2600 FAN6=2400 FAN7=2500 ",duty 69%
2026-09-29 14:20:30,0,60,70,65.25,Not Active,Not Active,"FAN1=4400 FAN2=700 FAN4=3200 FAN5=3500 FAN6=3200 FAN7=3500 ",duty 69%
2026-09-29 14:20:30,1,64,73,89.18,Not Active,Not Active,"FAN1=4400 FAN2=700 FAN4=3200 FAN5=3500 FAN6=3200 FAN7=3500 ",duty 69%
2026-09-29 14:20:30,2,58,65,65.06,Not Active,Not Active,"FAN1=4400 FAN2=700 FAN4=3200 FAN5=3500 FAN6=3200 FAN7=3500 ",duty 69%
2026-09-29 14:20:30,3,46,58,37.26,Not Active,Not Active,"FAN1=4400 FAN2=700 FAN4=3200 FAN5=3500 FAN6=3200 FAN7=3500 ",duty 69%
2026-09-29 14:20:39,0,61,73,65.81,Not Active,Not Active,"FAN1=3100 FAN2=1000 FAN4=2300 FAN5=2500 FAN6=2300 FAN7=2400 ",duty 51%
2026-09-29 14:20:39,1,63,75,59.34,Not Active,Not Active,"FAN1=3100 FAN2=1000 FAN4=2300 FAN5=2500 FAN6=2300 FAN7=2400 ",duty 51%
2026-09-29 14:20:39,2,59,67,153.82,Not Active,Not Active,"FAN1=3100 FAN2=1000 FAN4=2300 FAN5=2500 FAN6=2300 FAN7=2400 ",duty 51%
2026-09-29 14:20:39,3,45,57,37.14,Not Active,Not Active,"FAN1=3100 FAN2=1000 FAN4=2300 FAN5=2500 FAN6=2300 FAN7=2400 ",duty 51%
2026-09-29 14:20:47,0,61,73,58.38,Not Active,Not Active,"FAN1=3100 FAN2=1000 FAN4=2200 FAN5=2500 FAN6=2300 FAN7=2400 ",duty 55%
2026-09-29 14:20:47,1,64,75,62.27,Not Active,Not Active,"FAN1=3100 FAN2=1000 FAN4=2200 FAN5=2500 FAN6=2300 FAN7=2400 ",duty 55%
2026-09-29 14:20:47,2,59,67,76.50,Not Active,Not Active,"FAN1=3100 FAN2=1000 FAN4=2200 FAN5=2500 FAN6=2300 FAN7=2400 ",duty 55%
2026-09-29 14:20:47,3,46,57,37.03,Not Active,Not Active,"FAN1=3100 FAN2=1000 FAN4=2200 FAN5=2500 FAN6=2300 FAN7=2400 ",duty 55%
2026-09-29 14:20:57,0,58,70,44.11,Not Active,Not Active,"FAN1=3400 FAN2=1000 FAN4=2400 FAN5=2500 FAN6=2300 FAN7=2400 ",duty 49%
2026-09-29 14:20:57,1,62,72,57.00,Not Active,Not Active,"FAN1=3400 FAN2=1000 FAN4=2400 FAN5=2500 FAN6=2300 FAN7=2400 ",duty 49%
2026-09-29 14:20:57,2,56,64,44.17,Not Active,Not Active,"FAN1=3400 FAN2=1000 FAN4=2400 FAN5=2500 FAN6=2300 FAN7=2400 ",duty 49%
2026-09-29 14:20:57,3,46,58,37.34,Not Active,Not Active,"FAN1=3400 FAN2=1000 FAN4=2400 FAN5=2500 FAN6=2300 FAN7=2400 ",duty 49%
2026-09-29 14:21:05,0,62,72,106.93,Not Active,Not Active,"FAN1=3200 FAN2=600 FAN4=2400 FAN5=2600 FAN6=2400 FAN7=2500 ",duty 53%
2026-09-29 14:21:05,1,64,74,116.04,Not Active,Not Active,"FAN1=3200 FAN2=600 FAN4=2400 FAN5=2600 FAN6=2400 FAN7=2500 ",duty 53%
2026-09-29 14:21:05,2,60,66,91.13,Not Active,Not Active,"FAN1=3200 FAN2=600 FAN4=2400 FAN5=2600 FAN6=2400 FAN7=2500 ",duty 53%
2026-09-29 14:21:05,3,46,57,37.24,Not Active,Not Active,"FAN1=3200 FAN2=600 FAN4=2400 FAN5=2600 FAN6=2400 FAN7=2500 ",duty 53%
2026-09-29 14:21:13,0,62,71,68.28,Not Active,Not Active,"FAN1=3200 FAN2=1000 FAN4=2400 FAN5=2600 FAN6=2400 FAN7=2500 ",duty 53%
2026-09-29 14:21:13,1,65,73,72.60,Not Active,Not Active,"FAN1=3200 FAN2=1000 FAN4=2400 FAN5=2600 FAN6=2400 FAN7=2500 ",duty 53%
2026-09-29 14:21:13,2,59,66,60.81,Not Active,Not Active,"FAN1=3200 FAN2=1000 FAN4=2400 FAN5=2600 FAN6=2400 FAN7=2500 ",duty 53%
2026-09-29 14:21:13,3,46,57,37.29,Not Active,Not Active,"FAN1=3200 FAN2=1000 FAN4=2400 FAN5=2600 FAN6=2400 FAN7=2500 ",duty 53%
2026-09-29 14:21:23,0,62,72,51.31,Not Active,Not Active,"FAN1=3200 FAN2=1000 FAN4=2400 FAN5=2600 FAN6=2400 FAN7=2500 ",duty 53%
2026-09-29 14:21:23,1,65,75,114.35,Not Active,Not Active,"FAN1=3200 FAN2=1000 FAN4=2400 FAN5=2600 FAN6=2400 FAN7=2500 ",duty 53%
2026-09-29 14:21:23,2,59,66,48.88,Not Active,Not Active,"FAN1=3200 FAN2=1000 FAN4=2400 FAN5=2600 FAN6=2400 FAN7=2500 ",duty 53%
2026-09-29 14:21:23,3,46,57,37.35,Not Active,Not Active,"FAN1=3200 FAN2=1000 FAN4=2400 FAN5=2600 FAN6=2400 FAN7=2500 ",duty 53%
2026-09-29 14:21:31,0,63,73,98.41,Not Active,Not Active,"FAN1=3200 FAN2=1000 FAN4=2400 FAN5=2600 FAN6=2400 FAN7=2500 ",duty 53%
2026-09-29 14:21:31,1,65,74,103.75,Not Active,Not Active,"FAN1=3200 FAN2=1000 FAN4=2400 FAN5=2600 FAN6=2400 FAN7=2500 ",duty 53%
2026-09-29 14:21:31,2,61,67,100.30,Not Active,Not Active,"FAN1=3200 FAN2=1000 FAN4=2400 FAN5=2600 FAN6=2400 FAN7=2500 ",duty 53%
2026-09-29 14:21:31,3,46,57,37.10,Not Active,Not Active,"FAN1=3200 FAN2=1000 FAN4=2400 FAN5=2600 FAN6=2400 FAN7=2500 ",duty 53%
2026-09-29 14:21:39,0,63,72,116.81,Not Active,Not Active,"FAN1=3200 FAN2=1000 FAN4=2400 FAN5=2600 FAN6=2400 FAN7=2500 ",duty 53%
2026-09-29 14:21:39,1,66,74,106.06,Not Active,Not Active,"FAN1=3200 FAN2=1000 FAN4=2400 FAN5=2600 FAN6=2400 FAN7=2500 ",duty 53%
2026-09-29 14:21:39,2,60,66,57.27,Not Active,Not Active,"FAN1=3200 FAN2=1000 FAN4=2400 FAN5=2600 FAN6=2400 FAN7=2500 ",duty 53%
2026-09-29 14:21:39,3,46,57,37.28,Not Active,Not Active,"FAN1=3200 FAN2=1000 FAN4=2400 FAN5=2600 FAN6=2400 FAN7=2500 ",duty 53%
2026-09-29 14:21:47,0,62,73,53.32,Not Active,Not Active,"FAN1=3200 FAN2=1000 FAN4=2400 FAN5=2600 FAN6=2400 FAN7=2500 ",duty 53%
2026-09-29 14:21:47,1,65,74,79.94,Not Active,Not Active,"FAN1=3200 FAN2=1000 FAN4=2400 FAN5=2600 FAN6=2400 FAN7=2500 ",duty 53%
2026-09-29 14:21:47,2,60,67,64.62,Not Active,Not Active,"FAN1=3200 FAN2=1000 FAN4=2400 FAN5=2600 FAN6=2400 FAN7=2500 ",duty 53%
2026-09-29 14:21:47,3,46,57,37.36,Not Active,Not Active,"FAN1=3200 FAN2=1000 FAN4=2400 FAN5=2600 FAN6=2400 FAN7=2500 ",duty 53%
2026-09-29 14:21:57,0,64,73,101.85,Not Active,Not Active,"FAN1=3200 FAN2=1000 FAN4=2400 FAN5=2600 FAN6=2400 FAN7=2500 ",duty 53%
2026-09-29 14:21:57,1,66,75,114.33,Not Active,Not Active,"FAN1=3200 FAN2=1000 FAN4=2400 FAN5=2600 FAN6=2400 FAN7=2500 ",duty 53%
2026-09-29 14:21:57,2,62,68,106.32,Not Active,Not Active,"FAN1=3200 FAN2=1000 FAN4=2400 FAN5=2600 FAN6=2400 FAN7=2500 ",duty 53%
2026-09-29 14:21:57,3,46,57,37.29,Not Active,Not Active,"FAN1=3200 FAN2=1000 FAN4=2400 FAN5=2600 FAN6=2400 FAN7=2500 ",duty 53%
2026-09-29 14:22:05,0,64,73,84.17,Not Active,Not Active,"FAN1=3200 FAN2=1000 FAN4=2400 FAN5=2600 FAN6=2400 FAN7=2500 ",duty 53%
2026-09-29 14:22:05,1,66,75,93.14,Not Active,Not Active,"FAN1=3200 FAN2=1000 FAN4=2400 FAN5=2600 FAN6=2400 FAN7=2500 ",duty 53%
2026-09-29 14:22:05,2,61,67,60.14,Not Active,Not Active,"FAN1=3200 FAN2=1000 FAN4=2400 FAN5=2600 FAN6=2400 FAN7=2500 ",duty 53%
2026-09-29 14:22:05,3,46,57,37.23,Not Active,Not Active,"FAN1=3200 FAN2=1000 FAN4=2400 FAN5=2600 FAN6=2400 FAN7=2500 ",duty 53%
2026-09-29 14:22:13,0,64,73,120.03,Not Active,Not Active,"FAN1=3200 FAN2=700 FAN4=2400 FAN5=2600 FAN6=2400 FAN7=2500 ",duty 53%
2026-09-29 14:22:13,1,66,75,108.42,Not Active,Not Active,"FAN1=3200 FAN2=700 FAN4=2400 FAN5=2600 FAN6=2400 FAN7=2500 ",duty 53%
2026-09-29 14:22:13,2,62,67,87.08,Not Active,Not Active,"FAN1=3200 FAN2=700 FAN4=2400 FAN5=2600 FAN6=2400 FAN7=2500 ",duty 53%
2026-09-29 14:22:13,3,46,57,37.29,Not Active,Not Active,"FAN1=3200 FAN2=700 FAN4=2400 FAN5=2600 FAN6=2400 FAN7=2500 ",duty 53%
2026-09-29 14:22:23,0,64,73,114.69,Not Active,Not Active,"FAN1=3200 FAN2=1000 FAN4=2400 FAN5=2600 FAN6=2400 FAN7=2500 ",duty 53%
2026-09-29 14:22:23,1,66,74,92.39,Not Active,Not Active,"FAN1=3200 FAN2=1000 FAN4=2400 FAN5=2600 FAN6=2400 FAN7=2500 ",duty 53%
2026-09-29 14:22:23,2,62,68,106.85,Not Active,Not Active,"FAN1=3200 FAN2=1000 FAN4=2400 FAN5=2600 FAN6=2400 FAN7=2500 ",duty 53%
2026-09-29 14:22:23,3,46,57,37.30,Not Active,Not Active,"FAN1=3200 FAN2=1000 FAN4=2400 FAN5=2600 FAN6=2400 FAN7=2500 ",duty 53%
2026-09-29 14:22:31,0,65,73,92.12,Not Active,Not Active,"FAN1=3200 FAN2=1000 FAN4=2400 FAN5=2600 FAN6=2400 FAN7=2500 ",duty 53%
2026-09-29 14:22:31,1,66,75,116.99,Not Active,Not Active,"FAN1=3200 FAN2=1000 FAN4=2400 FAN5=2600 FAN6=2400 FAN7=2500 ",duty 53%
2026-09-29 14:22:31,2,62,67,89.53,Not Active,Not Active,"FAN1=3200 FAN2=1000 FAN4=2400 FAN5=2600 FAN6=2400 FAN7=2500 ",duty 53%
2026-09-29 14:22:31,3,46,57,37.39,Not Active,Not Active,"FAN1=3200 FAN2=1000 FAN4=2400 FAN5=2600 FAN6=2400 FAN7=2500 ",duty 53%
2026-09-29 14:22:40,0,65,73,87.39,Not Active,Not Active,"FAN1=3200 FAN2=1000 FAN4=2400 FAN5=2600 FAN6=2400 FAN7=2500 ",duty 53%
2026-09-29 14:22:40,1,66,75,90.95,Not Active,Not Active,"FAN1=3200 FAN2=1000 FAN4=2400 FAN5=2600 FAN6=2400 FAN7=2500 ",duty 53%
2026-09-29 14:22:40,2,62,68,81.25,Not Active,Not Active,"FAN1=3200 FAN2=1000 FAN4=2400 FAN5=2600 FAN6=2400 FAN7=2500 ",duty 53%
2026-09-29 14:22:40,3,46,58,37.42,Not Active,Not Active,"FAN1=3200 FAN2=1000 FAN4=2400 FAN5=2600 FAN6=2400 FAN7=2500 ",duty 53%
2026-09-29 14:22:48,0,62,73,49.57,Not Active,Not Active,"FAN1=3900 FAN2=1000 FAN4=2900 FAN5=3100 FAN6=2800 FAN7=3000 ",duty 55%
2026-09-29 14:22:48,1,65,75,60.82,Not Active,Not Active,"FAN1=3900 FAN2=1000 FAN4=2900 FAN5=3100 FAN6=2800 FAN7=3000 ",duty 55%
2026-09-29 14:22:48,2,63,67,206.55,Not Active,Not Active,"FAN1=3900 FAN2=1000 FAN4=2900 FAN5=3100 FAN6=2800 FAN7=3000 ",duty 55%
2026-09-29 14:22:48,3,46,57,37.26,Not Active,Not Active,"FAN1=3900 FAN2=1000 FAN4=2900 FAN5=3100 FAN6=2800 FAN7=3000 ",duty 55%
2026-09-29 14:22:57,0,64,74,121.26,Not Active,Not Active,"FAN1=3400 FAN2=1000 FAN4=2500 FAN5=2700 FAN6=2500 FAN7=2600 ",duty 55%
2026-09-29 14:22:57,1,66,75,89.88,Not Active,Not Active,"FAN1=3400 FAN2=1000 FAN4=2500 FAN5=2700 FAN6=2500 FAN7=2600 ",duty 55%
2026-09-29 14:22:57,2,62,68,94.05,Not Active,Not Active,"FAN1=3400 FAN2=1000 FAN4=2500 FAN5=2700 FAN6=2500 FAN7=2600 ",duty 55%
2026-09-29 14:22:57,3,46,57,37.33,Not Active,Not Active,"FAN1=3400 FAN2=1000 FAN4=2500 FAN5=2700 FAN6=2500 FAN7=2600 ",duty 55%
2026-09-29 14:23:05,0,65,74,96.22,Not Active,Not Active,"FAN1=3400 FAN2=1000 FAN4=2500 FAN5=2700 FAN6=2500 FAN7=2600 ",duty 55%
2026-09-29 14:23:05,1,66,74,122.87,Not Active,Not Active,"FAN1=3400 FAN2=1000 FAN4=2500 FAN5=2700 FAN6=2500 FAN7=2600 ",duty 55%
2026-09-29 14:23:05,2,62,67,98.77,Not Active,Not Active,"FAN1=3400 FAN2=1000 FAN4=2500 FAN5=2700 FAN6=2500 FAN7=2600 ",duty 55%
2026-09-29 14:23:05,3,46,57,37.39,Not Active,Not Active,"FAN1=3400 FAN2=1000 FAN4=2500 FAN5=2700 FAN6=2500 FAN7=2600 ",duty 55%
2026-09-29 14:23:14,0,63,73,65.76,Not Active,Not Active,"FAN1=3400 FAN2=1000 FAN4=2500 FAN5=2700 FAN6=2500 FAN7=2600 ",duty 55%
2026-09-29 14:23:14,1,66,75,69.10,Not Active,Not Active,"FAN1=3400 FAN2=1000 FAN4=2500 FAN5=2700 FAN6=2500 FAN7=2600 ",duty 55%
2026-09-29 14:23:14,2,62,68,69.74,Not Active,Not Active,"FAN1=3400 FAN2=1000 FAN4=2500 FAN5=2700 FAN6=2500 FAN7=2600 ",duty 55%
2026-09-29 14:23:14,3,46,58,37.30,Not Active,Not Active,"FAN1=3400 FAN2=1000 FAN4=2500 FAN5=2700 FAN6=2500 FAN7=2600 ",duty 55%
2026-09-29 14:23:23,0,63,73,65.11,Not Active,Not Active,"FAN1=3400 FAN2=1000 FAN4=2500 FAN5=2700 FAN6=2500 FAN7=2600 ",duty 55%
2026-09-29 14:23:23,1,65,75,70.14,Not Active,Not Active,"FAN1=3400 FAN2=1000 FAN4=2500 FAN5=2700 FAN6=2500 FAN7=2600 ",duty 55%
2026-09-29 14:23:23,2,61,68,77.05,Not Active,Not Active,"FAN1=3400 FAN2=1000 FAN4=2500 FAN5=2700 FAN6=2500 FAN7=2600 ",duty 55%
2026-09-29 14:23:23,3,46,57,37.36,Not Active,Not Active,"FAN1=3400 FAN2=1000 FAN4=2500 FAN5=2700 FAN6=2500 FAN7=2600 ",duty 55%
2026-09-29 14:23:31,0,64,75,90.16,Not Active,Not Active,"FAN1=3400 FAN2=1000 FAN4=2500 FAN5=2700 FAN6=2500 FAN7=2900 ",duty 69%
2026-09-29 14:23:31,1,65,77,127.08,Not Active,Not Active,"FAN1=3400 FAN2=1000 FAN4=2500 FAN5=2700 FAN6=2500 FAN7=2900 ",duty 69%
2026-09-29 14:23:31,2,61,68,102.30,Not Active,Not Active,"FAN1=3400 FAN2=1000 FAN4=2500 FAN5=2700 FAN6=2500 FAN7=2900 ",duty 69%
2026-09-29 14:23:31,3,46,57,37.19,Not Active,Not Active,"FAN1=3400 FAN2=1000 FAN4=2500 FAN5=2700 FAN6=2500 FAN7=2900 ",duty 69%
2026-09-29 14:23:42,0,62,71,66.85,Not Active,Not Active,"FAN1=3400 FAN2=1000 FAN4=2500 FAN5=2700 FAN6=2500 FAN7=2700 ",duty 55%
2026-09-29 14:23:42,1,64,73,89.18,Not Active,Not Active,"FAN1=3400 FAN2=1000 FAN4=2500 FAN5=2700 FAN6=2500 FAN7=2700 ",duty 55%
2026-09-29 14:23:42,2,60,66,66.83,Not Active,Not Active,"FAN1=3400 FAN2=1000 FAN4=2500 FAN5=2700 FAN6=2500 FAN7=2700 ",duty 55%
2026-09-29 14:23:42,3,45,58,37.17,Not Active,Not Active,"FAN1=3400 FAN2=1000 FAN4=2500 FAN5=2700 FAN6=2500 FAN7=2700 ",duty 55%
2026-09-29 14:23:50,0,63,74,72.51,Not Active,Not Active,"FAN1=3100 FAN2=1000 FAN4=2200 FAN5=2500 FAN6=2300 FAN7=2400 ",duty 51%
2026-09-29 14:23:50,1,65,75,129.77,Not Active,Not Active,"FAN1=3100 FAN2=1000 FAN4=2200 FAN5=2500 FAN6=2300 FAN7=2400 ",duty 51%
2026-09-29 14:23:50,2,61,69,113.70,Not Active,Not Active,"FAN1=3100 FAN2=1000 FAN4=2200 FAN5=2500 FAN6=2300 FAN7=2400 ",duty 51%
2026-09-29 14:23:50,3,46,58,37.22,Not Active,Not Active,"FAN1=3100 FAN2=1000 FAN4=2200 FAN5=2500 FAN6=2300 FAN7=2400 ",duty 51%
2026-09-29 14:23:59,0,63,74,124.60,Not Active,Not Active,"FAN1=3400 FAN2=1000 FAN4=2500 FAN5=2700 FAN6=2500 FAN7=2600 ",duty 55%
2026-09-29 14:23:59,1,64,74,63.43,Not Active,Not Active,"FAN1=3400 FAN2=1000 FAN4=2500 FAN5=2700 FAN6=2500 FAN7=2600 ",duty 55%
2026-09-29 14:23:59,2,61,68,75.10,Not Active,Not Active,"FAN1=3400 FAN2=1000 FAN4=2500 FAN5=2700 FAN6=2500 FAN7=2600 ",duty 55%
2026-09-29 14:23:59,3,46,57,37.43,Not Active,Not Active,"FAN1=3400 FAN2=1000 FAN4=2500 FAN5=2700 FAN6=2500 FAN7=2600 ",duty 55%
2026-09-29 14:24:07,0,62,73,61.35,Not Active,Not Active,"FAN1=3400 FAN2=1000 FAN4=2500 FAN5=2700 FAN6=2500 FAN7=2600 ",duty 55%
2026-09-29 14:24:07,1,64,74,67.76,Not Active,Not Active,"FAN1=3400 FAN2=1000 FAN4=2500 FAN5=2700 FAN6=2500 FAN7=2600 ",duty 55%
2026-09-29 14:24:07,2,60,67,75.42,Not Active,Not Active,"FAN1=3400 FAN2=1000 FAN4=2500 FAN5=2700 FAN6=2500 FAN7=2600 ",duty 55%
2026-09-29 14:24:07,3,46,57,37.32,Not Active,Not Active,"FAN1=3400 FAN2=1000 FAN4=2500 FAN5=2700 FAN6=2500 FAN7=2600 ",duty 55%
2026-09-29 14:24:18,0,63,73,48.92,Not Active,Not Active,"FAN1=3400 FAN2=1000 FAN4=2500 FAN5=2700 FAN6=2500 FAN7=2600 ",duty 55%
2026-09-29 14:24:18,1,65,75,111.61,Not Active,Not Active,"FAN1=3400 FAN2=1000 FAN4=2500 FAN5=2700 FAN6=2500 FAN7=2600 ",duty 55%
2026-09-29 14:24:18,2,61,69,101.43,Not Active,Not Active,"FAN1=3400 FAN2=1000 FAN4=2500 FAN5=2700 FAN6=2500 FAN7=2600 ",duty 55%
2026-09-29 14:24:18,3,46,58,37.38,Not Active,Not Active,"FAN1=3400 FAN2=1000 FAN4=2500 FAN5=2700 FAN6=2500 FAN7=2600 ",duty 55%
2026-09-29 14:24:25,0,59,70,44.58,Not Active,Not Active,"FAN1=3900 FAN2=1100 FAN4=2700 FAN5=2800 FAN6=2800 FAN7=3000 ",duty 51%
2026-09-29 14:24:25,1,62,72,57.39,Not Active,Not Active,"FAN1=3900 FAN2=1100 FAN4=2700 FAN5=2800 FAN6=2800 FAN7=3000 ",duty 51%
2026-09-29 14:24:25,2,58,66,45.06,Not Active,Not Active,"FAN1=3900 FAN2=1100 FAN4=2700 FAN5=2800 FAN6=2800 FAN7=3000 ",duty 51%
2026-09-29 14:24:25,3,46,57,37.25,Not Active,Not Active,"FAN1=3900 FAN2=1100 FAN4=2700 FAN5=2800 FAN6=2800 FAN7=3000 ",duty 51%
2026-09-29 14:24:37,0,63,72,106.86,Not Active,Not Active,"FAN1=3100 FAN2=1000 FAN4=2200 FAN5=2500 FAN6=2300 FAN7=2400 ",duty 51%
2026-09-29 14:24:37,1,65,75,104.18,Not Active,Not Active,"FAN1=3100 FAN2=1000 FAN4=2200 FAN5=2500 FAN6=2300 FAN7=2400 ",duty 51%
2026-09-29 14:24:37,2,61,67,112.99,Not Active,Not Active,"FAN1=3100 FAN2=1000 FAN4=2200 FAN5=2500 FAN6=2300 FAN7=2400 ",duty 51%
2026-09-29 14:24:37,3,46,57,37.19,Not Active,Not Active,"FAN1=3100 FAN2=1000 FAN4=2200 FAN5=2500 FAN6=2300 FAN7=2400 ",duty 51%
2026-09-29 14:24:45,0,63,72,49.48,Not Active,Not Active,"FAN1=3400 FAN2=1000 FAN4=2500 FAN5=2700 FAN6=2500 FAN7=2600 ",duty 55%
2026-09-29 14:24:45,1,65,75,74.86,Not Active,Not Active,"FAN1=3400 FAN2=1000 FAN4=2500 FAN5=2700 FAN6=2500 FAN7=2600 ",duty 55%
2026-09-29 14:24:45,2,61,67,67.67,Not Active,Not Active,"FAN1=3400 FAN2=1000 FAN4=2500 FAN5=2700 FAN6=2500 FAN7=2600 ",duty 55%
2026-09-29 14:24:45,3,46,57,37.24,Not Active,Not Active,"FAN1=3400 FAN2=1000 FAN4=2500 FAN5=2700 FAN6=2500 FAN7=2600 ",duty 55%
2026-09-29 14:24:56,0,64,72,89.29,Not Active,Not Active,"FAN1=3400 FAN2=1000 FAN4=2500 FAN5=2700 FAN6=2500 FAN7=2600 ",duty 55%
2026-09-29 14:24:56,1,65,75,103.94,Not Active,Not Active,"FAN1=3400 FAN2=1000 FAN4=2500 FAN5=2700 FAN6=2500 FAN7=2600 ",duty 55%
2026-09-29 14:24:56,2,62,68,124.05,Not Active,Not Active,"FAN1=3400 FAN2=1000 FAN4=2500 FAN5=2700 FAN6=2500 FAN7=2600 ",duty 55%
2026-09-29 14:24:56,3,46,57,37.22,Not Active,Not Active,"FAN1=3400 FAN2=1000 FAN4=2500 FAN5=2700 FAN6=2500 FAN7=2600 ",duty 55%
2026-09-29 14:25:05,0,64,73,92.24,Not Active,Not Active,"FAN1=3400 FAN2=1000 FAN4=2500 FAN5=2700 FAN6=2500 FAN7=2600 ",duty 55%
2026-09-29 14:25:05,1,65,74,124.99,Not Active,Not Active,"FAN1=3400 FAN2=1000 FAN4=2500 FAN5=2700 FAN6=2500 FAN7=2600 ",duty 55%
2026-09-29 14:25:05,2,61,66,47.86,Not Active,Not Active,"FAN1=3400 FAN2=1000 FAN4=2500 FAN5=2700 FAN6=2500 FAN7=2600 ",duty 55%
2026-09-29 14:25:05,3,46,57,37.17,Not Active,Not Active,"FAN1=3400 FAN2=1000 FAN4=2500 FAN5=2700 FAN6=2500 FAN7=2600 ",duty 55%
2026-09-29 14:25:13,0,65,74,116.52,Not Active,Not Active,"FAN1=3400 FAN2=1000 FAN4=2500 FAN5=2700 FAN6=2500 FAN7=2600 ",duty 55%
2026-09-29 14:25:13,1,65,75,122.50,Not Active,Not Active,"FAN1=3400 FAN2=1000 FAN4=2500 FAN5=2700 FAN6=2500 FAN7=2600 ",duty 55%
2026-09-29 14:25:13,2,62,68,123.95,Not Active,Not Active,"FAN1=3400 FAN2=1000 FAN4=2500 FAN5=2700 FAN6=2500 FAN7=2600 ",duty 55%
2026-09-29 14:25:13,3,46,57,37.31,Not Active,Not Active,"FAN1=3400 FAN2=1000 FAN4=2500 FAN5=2700 FAN6=2500 FAN7=2600 ",duty 55%
2026-09-29 14:25:22,0,65,74,124.22,Not Active,Not Active,"FAN1=3400 FAN2=1000 FAN4=2500 FAN5=2700 FAN6=2500 FAN7=2600 ",duty 55%
2026-09-29 14:25:22,1,66,74,86.52,Not Active,Not Active,"FAN1=3400 FAN2=1000 FAN4=2500 FAN5=2700 FAN6=2500 FAN7=2600 ",duty 55%
2026-09-29 14:25:22,2,62,68,109.03,Not Active,Not Active,"FAN1=3400 FAN2=1000 FAN4=2500 FAN5=2700 FAN6=2500 FAN7=2600 ",duty 55%
2026-09-29 14:25:22,3,46,57,37.29,Not Active,Not Active,"FAN1=3400 FAN2=1000 FAN4=2500 FAN5=2700 FAN6=2500 FAN7=2600 ",duty 55%
2026-09-29 14:25:30,0,65,73,80.93,Not Active,Not Active,"FAN1=3400 FAN2=1000 FAN4=2500 FAN5=2700 FAN6=2500 FAN7=2600 ",duty 55%
2026-09-29 14:25:30,1,65,74,98.20,Not Active,Not Active,"FAN1=3400 FAN2=1000 FAN4=2500 FAN5=2700 FAN6=2500 FAN7=2600 ",duty 55%
2026-09-29 14:25:30,2,61,68,99.73,Not Active,Not Active,"FAN1=3400 FAN2=1000 FAN4=2500 FAN5=2700 FAN6=2500 FAN7=2600 ",duty 55%
2026-09-29 14:25:30,3,46,57,37.30,Not Active,Not Active,"FAN1=3400 FAN2=1000 FAN4=2500 FAN5=2700 FAN6=2500 FAN7=2600 ",duty 55%
2026-09-29 14:25:40,0,63,72,55.20,Not Active,Not Active,"FAN1=3400 FAN2=1000 FAN4=2500 FAN5=2700 FAN6=2500 FAN7=2600 ",duty 55%
2026-09-29 14:25:40,1,65,74,64.33,Not Active,Not Active,"FAN1=3400 FAN2=1000 FAN4=2500 FAN5=2700 FAN6=2500 FAN7=2600 ",duty 55%
2026-09-29 14:25:40,2,62,68,161.13,Not Active,Not Active,"FAN1=3400 FAN2=1000 FAN4=2500 FAN5=2700 FAN6=2500 FAN7=2600 ",duty 55%
2026-09-29 14:25:40,3,46,57,37.28,Not Active,Not Active,"FAN1=3400 FAN2=1000 FAN4=2500 FAN5=2700 FAN6=2500 FAN7=2600 ",duty 55%
2026-09-29 14:25:48,0,65,74,119.31,Not Active,Not Active,"FAN1=3400 FAN2=1000 FAN4=2500 FAN5=2700 FAN6=2500 FAN7=2600 ",duty 55%
2026-09-29 14:25:48,1,66,74,89.64,Not Active,Not Active,"FAN1=3400 FAN2=1000 FAN4=2500 FAN5=2700 FAN6=2500 FAN7=2600 ",duty 55%
2026-09-29 14:25:48,2,62,68,86.96,Not Active,Not Active,"FAN1=3400 FAN2=1000 FAN4=2500 FAN5=2700 FAN6=2500 FAN7=2600 ",duty 55%
2026-09-29 14:25:48,3,46,57,37.30,Not Active,Not Active,"FAN1=3400 FAN2=1000 FAN4=2500 FAN5=2700 FAN6=2500 FAN7=2600 ",duty 55%
2026-09-29 14:25:56,0,64,74,76.41,Not Active,Not Active,"FAN1=3400 FAN2=1100 FAN4=2500 FAN5=2700 FAN6=2500 FAN7=2600 ",duty 55%
2026-09-29 14:25:56,1,66,76,109.81,Not Active,Not Active,"FAN1=3400 FAN2=1100 FAN4=2500 FAN5=2700 FAN6=2500 FAN7=2600 ",duty 55%
2026-09-29 14:25:56,2,61,68,48.87,Not Active,Not Active,"FAN1=3400 FAN2=1100 FAN4=2500 FAN5=2700 FAN6=2500 FAN7=2600 ",duty 55%
2026-09-29 14:25:56,3,46,57,37.30,Not Active,Not Active,"FAN1=3400 FAN2=1100 FAN4=2500 FAN5=2700 FAN6=2500 FAN7=2600 ",duty 55%
2026-09-29 14:26:05,0,65,73,88.35,Not Active,Not Active,"FAN1=3400 FAN2=1000 FAN4=2500 FAN5=2700 FAN6=2500 FAN7=2600 ",duty 55%
2026-09-29 14:26:05,1,66,74,104.18,Not Active,Not Active,"FAN1=3400 FAN2=1000 FAN4=2500 FAN5=2700 FAN6=2500 FAN7=2600 ",duty 55%
2026-09-29 14:26:05,2,63,68,98.16,Not Active,Not Active,"FAN1=3400 FAN2=1000 FAN4=2500 FAN5=2700 FAN6=2500 FAN7=2600 ",duty 55%
2026-09-29 14:26:05,3,46,57,37.34,Not Active,Not Active,"FAN1=3400 FAN2=1000 FAN4=2500 FAN5=2700 FAN6=2500 FAN7=2600 ",duty 55%
2026-09-29 14:26:16,0,64,74,49.38,Not Active,Not Active,"FAN1=3400 FAN2=1000 FAN4=2500 FAN5=2700 FAN6=2500 FAN7=2600 ",duty 55%
2026-09-29 14:26:16,1,66,75,120.16,Not Active,Not Active,"FAN1=3400 FAN2=1000 FAN4=2500 FAN5=2700 FAN6=2500 FAN7=2600 ",duty 55%
2026-09-29 14:26:16,2,61,68,55.07,Not Active,Not Active,"FAN1=3400 FAN2=1000 FAN4=2500 FAN5=2700 FAN6=2500 FAN7=2600 ",duty 55%
2026-09-29 14:26:16,3,46,58,37.27,Not Active,Not Active,"FAN1=3400 FAN2=1000 FAN4=2500 FAN5=2700 FAN6=2500 FAN7=2600 ",duty 55%
2026-09-29 14:26:24,0,65,73,103.68,Not Active,Not Active,"FAN1=3400 FAN2=1000 FAN4=2500 FAN5=2700 FAN6=2500 FAN7=2600 ",duty 55%
2026-09-29 14:26:24,1,66,76,85.96,Not Active,Not Active,"FAN1=3400 FAN2=1000 FAN4=2500 FAN5=2700 FAN6=2500 FAN7=2600 ",duty 55%
2026-09-29 14:26:24,2,62,68,48.35,Not Active,Not Active,"FAN1=3400 FAN2=1000 FAN4=2500 FAN5=2700 FAN6=2500 FAN7=2600 ",duty 55%
2026-09-29 14:26:24,3,46,57,37.34,Not Active,Not Active,"FAN1=3400 FAN2=1000 FAN4=2500 FAN5=2700 FAN6=2500 FAN7=2600 ",duty 55%
2026-09-29 14:26:35,0,63,72,61.17,Not Active,Not Active,"FAN1=3400 FAN2=800 FAN4=2500 FAN5=2700 FAN6=2500 FAN7=2600 ",duty 55%
2026-09-29 14:26:35,1,66,75,89.87,Not Active,Not Active,"FAN1=3400 FAN2=800 FAN4=2500 FAN5=2700 FAN6=2500 FAN7=2600 ",duty 55%
2026-09-29 14:26:35,2,62,68,73.79,Not Active,Not Active,"FAN1=3400 FAN2=800 FAN4=2500 FAN5=2700 FAN6=2500 FAN7=2600 ",duty 55%
2026-09-29 14:26:35,3,46,58,37.33,Not Active,Not Active,"FAN1=3400 FAN2=800 FAN4=2500 FAN5=2700 FAN6=2500 FAN7=2600 ",duty 55%
2026-09-29 14:26:43,0,63,73,69.03,Not Active,Not Active,"FAN1=3400 FAN2=1000 FAN4=2500 FAN5=2700 FAN6=2500 FAN7=2600 ",duty 55%
2026-09-29 14:26:43,1,65,74,89.47,Not Active,Not Active,"FAN1=3400 FAN2=1000 FAN4=2500 FAN5=2700 FAN6=2500 FAN7=2600 ",duty 55%
2026-09-29 14:26:43,2,61,68,69.40,Not Active,Not Active,"FAN1=3400 FAN2=1000 FAN4=2500 FAN5=2700 FAN6=2500 FAN7=2600 ",duty 55%
2026-09-29 14:26:43,3,46,57,37.54,Not Active,Not Active,"FAN1=3400 FAN2=1000 FAN4=2500 FAN5=2700 FAN6=2500 FAN7=2600 ",duty 55%
2026-09-29 14:26:54,0,63,73,144.04,Not Active,Not Active,"FAN1=3400 FAN2=1000 FAN4=2500 FAN5=2700 FAN6=2500 FAN7=2600 ",duty 55%
2026-09-29 14:26:54,1,65,74,126.98,Not Active,Not Active,"FAN1=3400 FAN2=1000 FAN4=2500 FAN5=2700 FAN6=2500 FAN7=2600 ",duty 55%
2026-09-29 14:26:54,2,61,68,71.76,Not Active,Not Active,"FAN1=3400 FAN2=1000 FAN4=2500 FAN5=2700 FAN6=2500 FAN7=2600 ",duty 55%
2026-09-29 14:26:54,3,46,57,37.41,Not Active,Not Active,"FAN1=3400 FAN2=1000 FAN4=2500 FAN5=2700 FAN6=2500 FAN7=2600 ",duty 55%
2026-09-29 14:27:03,0,63,74,62.19,Not Active,Not Active,"FAN1=3400 FAN2=1000 FAN4=2500 FAN5=2700 FAN6=2500 FAN7=2900 ",duty 69%
2026-09-29 14:27:03,1,65,75,117.39,Not Active,Not Active,"FAN1=3400 FAN2=1000 FAN4=2500 FAN5=2700 FAN6=2500 FAN7=2900 ",duty 69%
2026-09-29 14:27:03,2,62,70,94.85,Not Active,Not Active,"FAN1=3400 FAN2=1000 FAN4=2500 FAN5=2700 FAN6=2500 FAN7=2900 ",duty 69%
2026-09-29 14:27:03,3,46,57,37.35,Not Active,Not Active,"FAN1=3400 FAN2=1000 FAN4=2500 FAN5=2700 FAN6=2500 FAN7=2900 ",duty 69%
2026-09-29 14:27:15,0,60,72,44.88,Not Active,Not Active,"FAN1=3400 FAN2=1000 FAN4=2500 FAN5=2700 FAN6=2500 FAN7=2700 ",duty 55%
2026-09-29 14:27:15,1,62,72,57.50,Not Active,Not Active,"FAN1=3400 FAN2=1000 FAN4=2500 FAN5=2700 FAN6=2500 FAN7=2700 ",duty 55%
2026-09-29 14:27:15,2,59,66,45.31,Not Active,Not Active,"FAN1=3400 FAN2=1000 FAN4=2500 FAN5=2700 FAN6=2500 FAN7=2700 ",duty 55%
2026-09-29 14:27:15,3,46,57,37.34,Not Active,Not Active,"FAN1=3400 FAN2=1000 FAN4=2500 FAN5=2700 FAN6=2500 FAN7=2700 ",duty 55%
2026-09-29 14:27:23,0,59,71,44.49,Not Active,Not Active,"FAN1=2900 FAN2=1000 FAN4=2100 FAN5=2400 FAN6=2200 FAN7=2300 ",duty 49%
2026-09-29 14:27:23,1,62,72,56.70,Not Active,Not Active,"FAN1=2900 FAN2=1000 FAN4=2100 FAN5=2400 FAN6=2200 FAN7=2300 ",duty 49%
2026-09-29 14:27:23,2,58,65,45.06,Not Active,Not Active,"FAN1=2900 FAN2=1000 FAN4=2100 FAN5=2400 FAN6=2200 FAN7=2300 ",duty 49%
2026-09-29 14:27:23,3,46,58,37.35,Not Active,Not Active,"FAN1=2900 FAN2=1000 FAN4=2100 FAN5=2400 FAN6=2200 FAN7=2300 ",duty 49%
2026-09-29 14:27:32,0,63,73,93.68,Not Active,Not Active,"FAN1=2900 FAN2=1000 FAN4=2100 FAN5=2400 FAN6=2200 FAN7=2300 ",duty 49%
2026-09-29 14:27:32,1,64,74,82.91,Not Active,Not Active,"FAN1=2900 FAN2=1000 FAN4=2100 FAN5=2400 FAN6=2200 FAN7=2300 ",duty 49%
2026-09-29 14:27:32,2,60,67,110.26,Not Active,Not Active,"FAN1=2900 FAN2=1000 FAN4=2100 FAN5=2400 FAN6=2200 FAN7=2300 ",duty 49%
2026-09-29 14:27:32,3,46,58,37.26,Not Active,Not Active,"FAN1=2900 FAN2=1000 FAN4=2100 FAN5=2400 FAN6=2200 FAN7=2300 ",duty 49%
2026-09-29 14:27:40,0,64,72,69.43,Not Active,Not Active,"FAN1=3200 FAN2=1000 FAN4=2400 FAN5=2600 FAN6=2400 FAN7=2500 ",duty 53%
2026-09-29 14:27:40,1,65,74,106.47,Not Active,Not Active,"FAN1=3200 FAN2=1000 FAN4=2400 FAN5=2600 FAN6=2400 FAN7=2500 ",duty 53%
2026-09-29 14:27:40,2,60,67,55.69,Not Active,Not Active,"FAN1=3200 FAN2=1000 FAN4=2400 FAN5=2600 FAN6=2400 FAN7=2500 ",duty 53%
2026-09-29 14:27:40,3,46,57,37.39,Not Active,Not Active,"FAN1=3200 FAN2=1000 FAN4=2400 FAN5=2600 FAN6=2400 FAN7=2500 ",duty 53%
2026-09-29 14:27:51,0,64,72,110.69,Not Active,Not Active,"FAN1=3200 FAN2=1000 FAN4=2400 FAN5=2600 FAN6=2400 FAN7=2500 ",duty 53%
2026-09-29 14:27:51,1,65,75,87.52,Not Active,Not Active,"FAN1=3200 FAN2=1000 FAN4=2400 FAN5=2600 FAN6=2400 FAN7=2500 ",duty 53%
2026-09-29 14:27:51,2,61,67,77.67,Not Active,Not Active,"FAN1=3200 FAN2=1000 FAN4=2400 FAN5=2600 FAN6=2400 FAN7=2500 ",duty 53%
2026-09-29 14:27:51,3,46,57,37.40,Not Active,Not Active,"FAN1=3200 FAN2=1000 FAN4=2400 FAN5=2600 FAN6=2400 FAN7=2500 ",duty 53%
2026-09-29 14:28:00,0,64,72,110.55,Not Active,Not Active,"FAN1=3200 FAN2=1000 FAN4=2400 FAN5=2600 FAN6=2400 FAN7=2500 ",duty 53%
2026-09-29 14:28:00,1,65,74,100.54,Not Active,Not Active,"FAN1=3200 FAN2=1000 FAN4=2400 FAN5=2600 FAN6=2400 FAN7=2500 ",duty 53%
2026-09-29 14:28:00,2,62,68,95.93,Not Active,Not Active,"FAN1=3200 FAN2=1000 FAN4=2400 FAN5=2600 FAN6=2400 FAN7=2500 ",duty 53%
2026-09-29 14:28:00,3,46,58,37.41,Not Active,Not Active,"FAN1=3200 FAN2=1000 FAN4=2400 FAN5=2600 FAN6=2400 FAN7=2500 ",duty 53%
2026-09-29 14:28:11,0,63,73,70.89,Not Active,Not Active,"FAN1=3200 FAN2=700 FAN4=2400 FAN5=2600 FAN6=2400 FAN7=2500 ",duty 53%
2026-09-29 14:28:11,1,65,74,58.76,Not Active,Not Active,"FAN1=3200 FAN2=700 FAN4=2400 FAN5=2600 FAN6=2400 FAN7=2500 ",duty 53%
2026-09-29 14:28:11,2,63,68,158.62,Not Active,Not Active,"FAN1=3200 FAN2=700 FAN4=2400 FAN5=2600 FAN6=2400 FAN7=2500 ",duty 53%
2026-09-29 14:28:11,3,46,57,37.27,Not Active,Not Active,"FAN1=3200 FAN2=700 FAN4=2400 FAN5=2600 FAN6=2400 FAN7=2500 ",duty 53%
2026-09-29 14:28:19,0,63,73,46.33,Not Active,Not Active,"FAN1=3200 FAN2=1000 FAN4=2400 FAN5=2600 FAN6=2400 FAN7=2500 ",duty 53%
2026-09-29 14:28:19,1,66,75,78.23,Not Active,Not Active,"FAN1=3200 FAN2=1000 FAN4=2400 FAN5=2600 FAN6=2400 FAN7=2500 ",duty 53%
2026-09-29 14:28:19,2,61,68,71.44,Not Active,Not Active,"FAN1=3200 FAN2=1000 FAN4=2400 FAN5=2600 FAN6=2400 FAN7=2500 ",duty 53%
2026-09-29 14:28:19,3,46,58,37.36,Not Active,Not Active,"FAN1=3200 FAN2=1000 FAN4=2400 FAN5=2600 FAN6=2400 FAN7=2500 ",duty 53%
2026-09-29 14:28:27,0,65,73,106.23,Not Active,Not Active,"FAN1=3200 FAN2=1000 FAN4=2400 FAN5=2600 FAN6=2400 FAN7=2500 ",duty 53%
2026-09-29 14:28:27,1,66,75,99.83,Not Active,Not Active,"FAN1=3200 FAN2=1000 FAN4=2400 FAN5=2600 FAN6=2400 FAN7=2500 ",duty 53%
2026-09-29 14:28:27,2,63,68,120.13,Not Active,Not Active,"FAN1=3200 FAN2=1000 FAN4=2400 FAN5=2600 FAN6=2400 FAN7=2500 ",duty 53%
2026-09-29 14:28:27,3,46,57,37.29,Not Active,Not Active,"FAN1=3200 FAN2=1000 FAN4=2400 FAN5=2600 FAN6=2400 FAN7=2500 ",duty 53%
2026-09-29 14:28:39,0,65,73,104.76,Not Active,Not Active,"FAN1=3200 FAN2=1000 FAN4=2400 FAN5=2600 FAN6=2400 FAN7=2500 ",duty 53%
2026-09-29 14:28:39,1,66,74,101.83,Not Active,Not Active,"FAN1=3200 FAN2=1000 FAN4=2400 FAN5=2600 FAN6=2400 FAN7=2500 ",duty 53%
2026-09-29 14:28:39,2,62,68,117.14,Not Active,Not Active,"FAN1=3200 FAN2=1000 FAN4=2400 FAN5=2600 FAN6=2400 FAN7=2500 ",duty 53%
2026-09-29 14:28:39,3,46,57,37.35,Not Active,Not Active,"FAN1=3200 FAN2=1000 FAN4=2400 FAN5=2600 FAN6=2400 FAN7=2500 ",duty 53%
2026-09-29 14:28:47,0,66,74,116.29,Not Active,Not Active,"FAN1=3200 FAN2=1000 FAN4=2400 FAN5=2600 FAN6=2400 FAN7=2500 ",duty 53%
2026-09-29 14:28:47,1,66,74,94.89,Not Active,Not Active,"FAN1=3200 FAN2=1000 FAN4=2400 FAN5=2600 FAN6=2400 FAN7=2500 ",duty 53%
2026-09-29 14:28:47,2,63,69,87.82,Not Active,Not Active,"FAN1=3200 FAN2=1000 FAN4=2400 FAN5=2600 FAN6=2400 FAN7=2500 ",duty 53%
2026-09-29 14:28:47,3,46,58,37.37,Not Active,Not Active,"FAN1=3200 FAN2=1000 FAN4=2400 FAN5=2600 FAN6=2400 FAN7=2500 ",duty 53%
2026-09-29 14:28:58,0,66,75,100.64,Not Active,Not Active,"FAN1=3200 FAN2=1000 FAN4=2400 FAN5=2600 FAN6=2400 FAN7=2500 ",duty 53%
2026-09-29 14:28:58,1,66,74,89.45,Not Active,Not Active,"FAN1=3200 FAN2=1000 FAN4=2400 FAN5=2600 FAN6=2400 FAN7=2500 ",duty 53%
2026-09-29 14:28:58,2,63,69,105.86,Not Active,Not Active,"FAN1=3200 FAN2=1000 FAN4=2400 FAN5=2600 FAN6=2400 FAN7=2500 ",duty 53%
2026-09-29 14:28:58,3,46,58,37.44,Not Active,Not Active,"FAN1=3200 FAN2=1000 FAN4=2400 FAN5=2600 FAN6=2400 FAN7=2500 ",duty 53%
2026-09-29 14:29:07,0,65,74,86.18,Not Active,Not Active,"FAN1=3200 FAN2=1000 FAN4=2400 FAN5=2600 FAN6=2400 FAN7=2500 ",duty 53%
2026-09-29 14:29:07,1,66,75,70.17,Not Active,Not Active,"FAN1=3200 FAN2=1000 FAN4=2400 FAN5=2600 FAN6=2400 FAN7=2500 ",duty 53%
2026-09-29 14:29:07,2,63,69,106.01,Not Active,Not Active,"FAN1=3200 FAN2=1000 FAN4=2400 FAN5=2600 FAN6=2400 FAN7=2500 ",duty 53%
2026-09-29 14:29:07,3,46,58,37.47,Not Active,Not Active,"FAN1=3200 FAN2=1000 FAN4=2400 FAN5=2600 FAN6=2400 FAN7=2500 ",duty 53%
2026-09-29 14:29:15,0,65,73,85.83,Not Active,Not Active,"FAN1=3200 FAN2=700 FAN4=2400 FAN5=2600 FAN6=2400 FAN7=2500 ",duty 53%
2026-09-29 14:29:15,1,66,75,85.18,Not Active,Not Active,"FAN1=3200 FAN2=700 FAN4=2400 FAN5=2600 FAN6=2400 FAN7=2500 ",duty 53%
2026-09-29 14:29:15,2,62,68,46.86,Not Active,Not Active,"FAN1=3200 FAN2=700 FAN4=2400 FAN5=2600 FAN6=2400 FAN7=2500 ",duty 53%
2026-09-29 14:29:15,3,46,57,37.44,Not Active,Not Active,"FAN1=3200 FAN2=700 FAN4=2400 FAN5=2600 FAN6=2400 FAN7=2500 ",duty 53%
2026-09-29 14:29:24,0,66,73,90.25,Not Active,Not Active,"FAN1=3200 FAN2=1000 FAN4=2400 FAN5=2600 FAN6=2400 FAN7=2500 ",duty 53%
2026-09-29 14:29:24,1,67,76,90.40,Not Active,Not Active,"FAN1=3200 FAN2=1000 FAN4=2400 FAN5=2600 FAN6=2400 FAN7=2500 ",duty 53%
2026-09-29 14:29:24,2,62,68,60.44,Not Active,Not Active,"FAN1=3200 FAN2=1000 FAN4=2400 FAN5=2600 FAN6=2400 FAN7=2500 ",duty 53%
2026-09-29 14:29:24,3,46,57,37.34,Not Active,Not Active,"FAN1=3200 FAN2=1000 FAN4=2400 FAN5=2600 FAN6=2400 FAN7=2500 ",duty 53%
2026-09-29 14:29:33,0,66,74,85.16,Not Active,Not Active,"FAN1=3900 FAN2=700 FAN4=2900 FAN5=3100 FAN6=2800 FAN7=3000 ",duty 62%
2026-09-29 14:29:33,1,67,76,109.54,Not Active,Not Active,"FAN1=3900 FAN2=700 FAN4=2900 FAN5=3100 FAN6=2800 FAN7=3000 ",duty 62%
2026-09-29 14:29:33,2,64,70,115.48,Not Active,Not Active,"FAN1=3900 FAN2=700 FAN4=2900 FAN5=3100 FAN6=2800 FAN7=3000 ",duty 62%
2026-09-29 14:29:33,3,46,58,37.38,Not Active,Not Active,"FAN1=3900 FAN2=700 FAN4=2900 FAN5=3100 FAN6=2800 FAN7=3000 ",duty 62%
2026-09-29 14:29:45,0,64,73,71.18,Not Active,Not Active,"FAN1=3900 FAN2=1000 FAN4=2700 FAN5=2900 FAN6=2500 FAN7=2700 ",duty 55%
2026-09-29 14:29:45,1,66,74,90.23,Not Active,Not Active,"FAN1=3900 FAN2=1000 FAN4=2700 FAN5=2900 FAN6=2500 FAN7=2700 ",duty 55%
2026-09-29 14:29:45,2,62,67,74.43,Not Active,Not Active,"FAN1=3900 FAN2=1000 FAN4=2700 FAN5=2900 FAN6=2500 FAN7=2700 ",duty 55%
2026-09-29 14:29:45,3,46,57,37.32,Not Active,Not Active,"FAN1=3900 FAN2=1000 FAN4=2700 FAN5=2900 FAN6=2500 FAN7=2700 ",duty 55%
2026-09-29 14:29:56,0,66,74,90.33,Not Active,Not Active,"FAN1=3400 FAN2=1000 FAN4=2500 FAN5=2700 FAN6=2500 FAN7=2600 ",duty 55%
2026-09-29 14:29:56,1,66,74,123.66,Not Active,Not Active,"FAN1=3400 FAN2=1000 FAN4=2500 FAN5=2700 FAN6=2500 FAN7=2600 ",duty 55%
2026-09-29 14:29:56,2,63,69,91.08,Not Active,Not Active,"FAN1=3400 FAN2=1000 FAN4=2500 FAN5=2700 FAN6=2500 FAN7=2600 ",duty 55%
2026-09-29 14:29:56,3,46,57,37.45,Not Active,Not Active,"FAN1=3400 FAN2=1000 FAN4=2500 FAN5=2700 FAN6=2500 FAN7=2600 ",duty 55%
2026-09-29 14:30:06,0,66,73,97.66,Not Active,Not Active,"FAN1=3400 FAN2=1000 FAN4=2500 FAN5=2700 FAN6=2500 FAN7=2600 ",duty 55%
2026-09-29 14:30:06,1,66,74,113.45,Not Active,Not Active,"FAN1=3400 FAN2=1000 FAN4=2500 FAN5=2700 FAN6=2500 FAN7=2600 ",duty 55%
2026-09-29 14:30:06,2,64,69,87.18,Not Active,Not Active,"FAN1=3400 FAN2=1000 FAN4=2500 FAN5=2700 FAN6=2500 FAN7=2600 ",duty 55%
2026-09-29 14:30:06,3,46,57,37.32,Not Active,Not Active,"FAN1=3400 FAN2=1000 FAN4=2500 FAN5=2700 FAN6=2500 FAN7=2600 ",duty 55%
2026-09-29 14:30:15,0,66,73,91.74,Not Active,Not Active,"FAN1=3400 FAN2=1000 FAN4=2500 FAN5=2700 FAN6=2500 FAN7=2600 ",duty 55%
2026-09-29 14:30:15,1,66,75,90.34,Not Active,Not Active,"FAN1=3400 FAN2=1000 FAN4=2500 FAN5=2700 FAN6=2500 FAN7=2600 ",duty 55%
2026-09-29 14:30:15,2,63,69,95.23,Not Active,Not Active,"FAN1=3400 FAN2=1000 FAN4=2500 FAN5=2700 FAN6=2500 FAN7=2600 ",duty 55%
2026-09-29 14:30:15,3,46,57,37.46,Not Active,Not Active,"FAN1=3400 FAN2=1000 FAN4=2500 FAN5=2700 FAN6=2500 FAN7=2600 ",duty 55%
2026-09-29 14:30:26,0,65,74,94.44,Not Active,Not Active,"FAN1=3400 FAN2=1100 FAN4=2500 FAN5=2700 FAN6=2500 FAN7=2600 ",duty 55%
2026-09-29 14:30:26,1,67,75,109.05,Not Active,Not Active,"FAN1=3400 FAN2=1100 FAN4=2500 FAN5=2700 FAN6=2500 FAN7=2600 ",duty 55%
2026-09-29 14:30:26,2,63,68,118.42,Not Active,Not Active,"FAN1=3400 FAN2=1100 FAN4=2500 FAN5=2700 FAN6=2500 FAN7=2600 ",duty 55%
2026-09-29 14:30:26,3,46,57,37.35,Not Active,Not Active,"FAN1=3400 FAN2=1100 FAN4=2500 FAN5=2700 FAN6=2500 FAN7=2600 ",duty 55%
2026-09-29 14:30:37,0,65,73,94.12,Not Active,Not Active,"FAN1=3900 FAN2=1000 FAN4=2900 FAN5=3100 FAN6=2800 FAN7=3000 ",duty 62%
2026-09-29 14:30:37,1,66,76,114.92,Not Active,Not Active,"FAN1=3900 FAN2=1000 FAN4=2900 FAN5=3100 FAN6=2800 FAN7=3000 ",duty 62%
2026-09-29 14:30:37,2,64,69,118.23,Not Active,Not Active,"FAN1=3900 FAN2=1000 FAN4=2900 FAN5=3100 FAN6=2800 FAN7=3000 ",duty 62%
2026-09-29 14:30:37,3,46,57,37.26,Not Active,Not Active,"FAN1=3900 FAN2=1000 FAN4=2900 FAN5=3100 FAN6=2800 FAN7=3000 ",duty 62%
2026-09-29 14:30:46,0,66,74,96.63,Not Active,Not Active,"FAN1=3400 FAN2=1100 FAN4=2500 FAN5=2700 FAN6=2500 FAN7=2600 ",duty 55%
2026-09-29 14:30:46,1,66,75,98.41,Not Active,Not Active,"FAN1=3400 FAN2=1100 FAN4=2500 FAN5=2700 FAN6=2500 FAN7=2600 ",duty 55%
2026-09-29 14:30:46,2,62,69,58.62,Not Active,Not Active,"FAN1=3400 FAN2=1100 FAN4=2500 FAN5=2700 FAN6=2500 FAN7=2600 ",duty 55%
2026-09-29 14:30:46,3,46,57,37.26,Not Active,Not Active,"FAN1=3400 FAN2=1100 FAN4=2500 FAN5=2700 FAN6=2500 FAN7=2600 ",duty 55%
2026-09-29 14:30:55,0,66,74,92.89,Not Active,Not Active,"FAN1=3400 FAN2=700 FAN4=2500 FAN5=2700 FAN6=2500 FAN7=2600 ",duty 55%
2026-09-29 14:30:55,1,66,74,90.31,Not Active,Not Active,"FAN1=3400 FAN2=700 FAN4=2500 FAN5=2700 FAN6=2500 FAN7=2600 ",duty 55%
2026-09-29 14:30:55,2,63,69,94.42,Not Active,Not Active,"FAN1=3400 FAN2=700 FAN4=2500 FAN5=2700 FAN6=2500 FAN7=2600 ",duty 55%
2026-09-29 14:30:55,3,46,57,37.36,Not Active,Not Active,"FAN1=3400 FAN2=700 FAN4=2500 FAN5=2700 FAN6=2500 FAN7=2600 ",duty 55%
2026-09-29 14:31:03,0,65,74,92.86,Not Active,Not Active,"FAN1=3400 FAN2=1000 FAN4=2500 FAN5=2700 FAN6=2500 FAN7=2600 ",duty 55%
2026-09-29 14:31:03,1,66,75,95.11,Not Active,Not Active,"FAN1=3400 FAN2=1000 FAN4=2500 FAN5=2700 FAN6=2500 FAN7=2600 ",duty 55%
2026-09-29 14:31:03,2,64,69,111.20,Not Active,Not Active,"FAN1=3400 FAN2=1000 FAN4=2500 FAN5=2700 FAN6=2500 FAN7=2600 ",duty 55%
2026-09-29 14:31:03,3,46,57,37.38,Not Active,Not Active,"FAN1=3400 FAN2=1000 FAN4=2500 FAN5=2700 FAN6=2500 FAN7=2600 ",duty 55%
2026-09-29 14:31:13,0,66,73,116.37,Not Active,Not Active,"FAN1=3400 FAN2=1000 FAN4=2500 FAN5=2700 FAN6=2500 FAN7=2600 ",duty 55%
2026-09-29 14:31:13,1,67,75,99.92,Not Active,Not Active,"FAN1=3400 FAN2=1000 FAN4=2500 FAN5=2700 FAN6=2500 FAN7=2600 ",duty 55%
2026-09-29 14:31:13,2,64,69,122.30,Not Active,Not Active,"FAN1=3400 FAN2=1000 FAN4=2500 FAN5=2700 FAN6=2500 FAN7=2600 ",duty 55%
2026-09-29 14:31:13,3,46,57,37.54,Not Active,Not Active,"FAN1=3400 FAN2=1000 FAN4=2500 FAN5=2700 FAN6=2500 FAN7=2600 ",duty 55%
2026-09-29 14:31:21,0,66,73,121.99,Not Active,Not Active,"FAN1=3500 FAN2=1000 FAN4=2900 FAN5=3100 FAN6=2800 FAN7=3000 ",duty 55%
2026-09-29 14:31:21,1,66,74,92.03,Not Active,Not Active,"FAN1=3500 FAN2=1000 FAN4=2900 FAN5=3100 FAN6=2800 FAN7=3000 ",duty 55%
2026-09-29 14:31:21,2,63,69,109.44,Not Active,Not Active,"FAN1=3500 FAN2=1000 FAN4=2900 FAN5=3100 FAN6=2800 FAN7=3000 ",duty 55%
2026-09-29 14:31:21,3,46,57,37.35,Not Active,Not Active,"FAN1=3500 FAN2=1000 FAN4=2900 FAN5=3100 FAN6=2800 FAN7=3000 ",duty 55%
2026-09-29 14:31:32,0,65,72,89.92,Not Active,Not Active,"FAN1=3400 FAN2=1000 FAN4=2500 FAN5=2700 FAN6=2500 FAN7=2600 ",duty 55%
2026-09-29 14:31:32,1,66,74,101.57,Not Active,Not Active,"FAN1=3400 FAN2=1000 FAN4=2500 FAN5=2700 FAN6=2500 FAN7=2600 ",duty 55%
2026-09-29 14:31:32,2,63,68,91.08,Not Active,Not Active,"FAN1=3400 FAN2=1000 FAN4=2500 FAN5=2700 FAN6=2500 FAN7=2600 ",duty 55%
2026-09-29 14:31:32,3,46,58,37.27,Not Active,Not Active,"FAN1=3400 FAN2=1000 FAN4=2500 FAN5=2700 FAN6=2500 FAN7=2600 ",duty 55%
2026-09-29 14:31:40,0,66,74,90.65,Not Active,Not Active,"FAN1=3400 FAN2=1000 FAN4=2500 FAN5=2700 FAN6=2500 FAN7=2600 ",duty 55%
2026-09-29 14:31:40,1,66,75,85.71,Not Active,Not Active,"FAN1=3400 FAN2=1000 FAN4=2500 FAN5=2700 FAN6=2500 FAN7=2600 ",duty 55%
2026-09-29 14:31:40,2,64,68,106.82,Not Active,Not Active,"FAN1=3400 FAN2=1000 FAN4=2500 FAN5=2700 FAN6=2500 FAN7=2600 ",duty 55%
2026-09-29 14:31:40,3,46,57,37.22,Not Active,Not Active,"FAN1=3400 FAN2=1000 FAN4=2500 FAN5=2700 FAN6=2500 FAN7=2600 ",duty 55%
2026-09-29 14:31:51,0,66,74,83.82,Not Active,Not Active,"FAN1=3400 FAN2=1000 FAN4=2500 FAN5=2700 FAN6=2500 FAN7=2600 ",duty 55%
2026-09-29 14:31:51,1,67,75,99.46,Not Active,Not Active,"FAN1=3400 FAN2=1000 FAN4=2500 FAN5=2700 FAN6=2500 FAN7=2600 ",duty 55%
2026-09-29 14:31:51,2,64,68,104.81,Not Active,Not Active,"FAN1=3400 FAN2=1000 FAN4=2500 FAN5=2700 FAN6=2500 FAN7=2600 ",duty 55%
2026-09-29 14:31:51,3,46,57,37.32,Not Active,Not Active,"FAN1=3400 FAN2=1000 FAN4=2500 FAN5=2700 FAN6=2500 FAN7=2600 ",duty 55%
2026-09-29 14:31:59,0,64,73,70.94,Not Active,Not Active,"FAN1=3400 FAN2=1000 FAN4=2500 FAN5=2700 FAN6=2500 FAN7=2600 ",duty 55%
2026-09-29 14:31:59,1,67,76,100.36,Not Active,Not Active,"FAN1=3400 FAN2=1000 FAN4=2500 FAN5=2700 FAN6=2500 FAN7=2600 ",duty 55%
2026-09-29 14:31:59,2,62,68,54.05,Not Active,Not Active,"FAN1=3400 FAN2=1000 FAN4=2500 FAN5=2700 FAN6=2500 FAN7=2600 ",duty 55%
2026-09-29 14:31:59,3,46,57,37.35,Not Active,Not Active,"FAN1=3400 FAN2=1000 FAN4=2500 FAN5=2700 FAN6=2500 FAN7=2600 ",duty 55%
2026-09-29 14:32:09,0,65,73,74.69,Not Active,Not Active,"FAN1=3400 FAN2=1000 FAN4=2500 FAN5=2700 FAN6=2500 FAN7=2600 ",duty 55%
2026-09-29 14:32:09,1,66,76,93.38,Not Active,Not Active,"FAN1=3400 FAN2=1000 FAN4=2500 FAN5=2700 FAN6=2500 FAN7=2600 ",duty 55%
2026-09-29 14:32:09,2,64,68,105.42,Not Active,Not Active,"FAN1=3400 FAN2=1000 FAN4=2500 FAN5=2700 FAN6=2500 FAN7=2600 ",duty 55%
2026-09-29 14:32:09,3,46,57,37.21,Not Active,Not Active,"FAN1=3400 FAN2=1000 FAN4=2500 FAN5=2700 FAN6=2500 FAN7=2600 ",duty 55%
2026-09-29 14:32:17,0,65,74,81.13,Not Active,Not Active,"FAN1=3400 FAN2=1000 FAN4=2500 FAN5=2700 FAN6=2500 FAN7=2600 ",duty 55%
2026-09-29 14:32:17,1,67,75,100.56,Not Active,Not Active,"FAN1=3400 FAN2=1000 FAN4=2500 FAN5=2700 FAN6=2500 FAN7=2600 ",duty 55%
2026-09-29 14:32:17,2,63,69,62.79,Not Active,Not Active,"FAN1=3400 FAN2=1000 FAN4=2500 FAN5=2700 FAN6=2500 FAN7=2600 ",duty 55%
2026-09-29 14:32:17,3,46,57,37.38,Not Active,Not Active,"FAN1=3400 FAN2=1000 FAN4=2500 FAN5=2700 FAN6=2500 FAN7=2600 ",duty 55%
2026-09-29 14:32:26,0,66,75,97.91,Not Active,Not Active,"FAN1=3400 FAN2=1000 FAN4=2500 FAN5=2700 FAN6=2500 FAN7=2600 ",duty 55%
2026-09-29 14:32:26,1,67,75,94.92,Not Active,Not Active,"FAN1=3400 FAN2=1000 FAN4=2500 FAN5=2700 FAN6=2500 FAN7=2600 ",duty 55%
2026-09-29 14:32:26,2,64,69,100.86,Not Active,Not Active,"FAN1=3400 FAN2=1000 FAN4=2500 FAN5=2700 FAN6=2500 FAN7=2600 ",duty 55%
2026-09-29 14:32:26,3,46,57,37.34,Not Active,Not Active,"FAN1=3400 FAN2=1000 FAN4=2500 FAN5=2700 FAN6=2500 FAN7=2600 ",duty 55%
2026-09-29 14:32:34,0,66,73,102.89,Not Active,Not Active,"FAN1=3900 FAN2=1000 FAN4=2900 FAN5=3100 FAN6=2800 FAN7=3000 ",duty 55%
2026-09-29 14:32:34,1,66,76,112.59,Not Active,Not Active,"FAN1=3900 FAN2=1000 FAN4=2900 FAN5=3100 FAN6=2800 FAN7=3000 ",duty 55%
2026-09-29 14:32:34,2,64,69,85.50,Not Active,Not Active,"FAN1=3900 FAN2=1000 FAN4=2900 FAN5=3100 FAN6=2800 FAN7=3000 ",duty 55%
2026-09-29 14:32:34,3,46,57,37.34,Not Active,Not Active,"FAN1=3900 FAN2=1000 FAN4=2900 FAN5=3100 FAN6=2800 FAN7=3000 ",duty 55%
2026-09-29 14:32:44,0,64,73,74.66,Not Active,Not Active,"FAN1=3400 FAN2=1000 FAN4=2500 FAN5=2700 FAN6=2500 FAN7=2600 ",duty 55%
2026-09-29 14:32:44,1,66,75,59.53,Not Active,Not Active,"FAN1=3400 FAN2=1000 FAN4=2500 FAN5=2700 FAN6=2500 FAN7=2600 ",duty 55%
2026-09-29 14:32:44,2,63,69,69.33,Not Active,Not Active,"FAN1=3400 FAN2=1000 FAN4=2500 FAN5=2700 FAN6=2500 FAN7=2600 ",duty 55%
2026-09-29 14:32:44,3,46,58,37.32,Not Active,Not Active,"FAN1=3400 FAN2=1000 FAN4=2500 FAN5=2700 FAN6=2500 FAN7=2600 ",duty 55%
2026-09-29 14:32:52,0,66,75,100.22,Not Active,Not Active,"FAN1=3400 FAN2=700 FAN4=2500 FAN5=2700 FAN6=2500 FAN7=2600 ",duty 62%
2026-09-29 14:32:52,1,66,75,102.80,Not Active,Not Active,"FAN1=3400 FAN2=700 FAN4=2500 FAN5=2700 FAN6=2500 FAN7=2600 ",duty 62%
2026-09-29 14:32:52,2,64,69,100.20,Not Active,Not Active,"FAN1=3400 FAN2=700 FAN4=2500 FAN5=2700 FAN6=2500 FAN7=2600 ",duty 62%
2026-09-29 14:32:52,3,46,57,37.14,Not Active,Not Active,"FAN1=3400 FAN2=700 FAN4=2500 FAN5=2700 FAN6=2500 FAN7=2600 ",duty 62%
2026-09-29 14:33:02,0,65,74,119.04,Not Active,Not Active,"FAN1=3900 FAN2=1000 FAN4=2900 FAN5=3100 FAN6=2800 FAN7=3000 ",duty 62%
2026-09-29 14:33:02,1,66,75,118.43,Not Active,Not Active,"FAN1=3900 FAN2=1000 FAN4=2900 FAN5=3100 FAN6=2800 FAN7=3000 ",duty 62%
2026-09-29 14:33:02,2,64,69,97.98,Not Active,Not Active,"FAN1=3900 FAN2=1000 FAN4=2900 FAN5=3100 FAN6=2800 FAN7=3000 ",duty 62%
2026-09-29 14:33:02,3,46,58,37.28,Not Active,Not Active,"FAN1=3900 FAN2=1000 FAN4=2900 FAN5=3100 FAN6=2800 FAN7=3000 ",duty 62%
2026-09-29 14:33:11,0,65,73,93.04,Not Active,Not Active,"FAN1=3400 FAN2=1000 FAN4=2500 FAN5=2700 FAN6=2500 FAN7=2600 ",duty 55%
2026-09-29 14:33:11,1,66,74,90.43,Not Active,Not Active,"FAN1=3400 FAN2=1000 FAN4=2500 FAN5=2700 FAN6=2500 FAN7=2600 ",duty 55%
2026-09-29 14:33:11,2,64,69,92.51,Not Active,Not Active,"FAN1=3400 FAN2=1000 FAN4=2500 FAN5=2700 FAN6=2500 FAN7=2600 ",duty 55%
2026-09-29 14:33:11,3,45,57,37.26,Not Active,Not Active,"FAN1=3400 FAN2=1000 FAN4=2500 FAN5=2700 FAN6=2500 FAN7=2600 ",duty 55%
2026-09-29 14:33:19,0,64,74,48.84,Not Active,Not Active,"FAN1=3400 FAN2=1000 FAN4=2500 FAN5=2700 FAN6=2500 FAN7=2600 ",duty 55%
2026-09-29 14:33:19,1,66,75,120.98,Not Active,Not Active,"FAN1=3400 FAN2=1000 FAN4=2500 FAN5=2700 FAN6=2500 FAN7=2600 ",duty 55%
2026-09-29 14:33:19,2,62,68,65.89,Not Active,Not Active,"FAN1=3400 FAN2=1000 FAN4=2500 FAN5=2700 FAN6=2500 FAN7=2600 ",duty 55%
2026-09-29 14:33:19,3,46,57,37.26,Not Active,Not Active,"FAN1=3400 FAN2=1000 FAN4=2500 FAN5=2700 FAN6=2500 FAN7=2600 ",duty 55%
2026-09-29 14:33:28,0,66,73,216.21,Not Active,Not Active,"FAN1=3400 FAN2=1000 FAN4=2500 FAN5=2700 FAN6=2500 FAN7=2600 ",duty 55%
2026-09-29 14:33:28,1,66,75,95.83,Not Active,Not Active,"FAN1=3400 FAN2=1000 FAN4=2500 FAN5=2700 FAN6=2500 FAN7=2600 ",duty 55%
2026-09-29 14:33:28,2,64,68,100.24,Not Active,Not Active,"FAN1=3400 FAN2=1000 FAN4=2500 FAN5=2700 FAN6=2500 FAN7=2600 ",duty 55%
2026-09-29 14:33:28,3,46,57,37.29,Not Active,Not Active,"FAN1=3400 FAN2=1000 FAN4=2500 FAN5=2700 FAN6=2500 FAN7=2600 ",duty 55%
2026-09-29 14:33:38,0,66,73,116.37,Not Active,Not Active,"FAN1=3400 FAN2=1000 FAN4=2500 FAN5=2700 FAN6=2500 FAN7=2600 ",duty 55%
2026-09-29 14:33:38,1,66,75,100.50,Not Active,Not Active,"FAN1=3400 FAN2=1000 FAN4=2500 FAN5=2700 FAN6=2500 FAN7=2600 ",duty 55%
2026-09-29 14:33:38,2,64,69,99.10,Not Active,Not Active,"FAN1=3400 FAN2=1000 FAN4=2500 FAN5=2700 FAN6=2500 FAN7=2600 ",duty 55%
2026-09-29 14:33:38,3,46,58,37.27,Not Active,Not Active,"FAN1=3400 FAN2=1000 FAN4=2500 FAN5=2700 FAN6=2500 FAN7=2600 ",duty 55%
2026-09-29 14:33:48,0,66,73,104.26,Not Active,Not Active,"FAN1=3400 FAN2=1000 FAN4=2500 FAN5=2700 FAN6=2500 FAN7=2600 ",duty 55%
2026-09-29 14:33:48,1,66,74,96.37,Not Active,Not Active,"FAN1=3400 FAN2=1000 FAN4=2500 FAN5=2700 FAN6=2500 FAN7=2600 ",duty 55%
2026-09-29 14:33:48,2,64,69,99.83,Not Active,Not Active,"FAN1=3400 FAN2=1000 FAN4=2500 FAN5=2700 FAN6=2500 FAN7=2600 ",duty 55%
2026-09-29 14:33:48,3,46,57,37.34,Not Active,Not Active,"FAN1=3400 FAN2=1000 FAN4=2500 FAN5=2700 FAN6=2500 FAN7=2600 ",duty 55%
2026-09-29 14:33:57,0,66,74,84.20,Not Active,Not Active,"FAN1=3400 FAN2=600 FAN4=2500 FAN5=2700 FAN6=2500 FAN7=2600 ",duty 55%
2026-09-29 14:33:57,1,66,75,95.35,Not Active,Not Active,"FAN1=3400 FAN2=600 FAN4=2500 FAN5=2700 FAN6=2500 FAN7=2600 ",duty 55%
2026-09-29 14:33:57,2,64,69,102.55,Not Active,Not Active,"FAN1=3400 FAN2=600 FAN4=2500 FAN5=2700 FAN6=2500 FAN7=2600 ",duty 55%
2026-09-29 14:33:57,3,46,57,37.22,Not Active,Not Active,"FAN1=3400 FAN2=600 FAN4=2500 FAN5=2700 FAN6=2500 FAN7=2600 ",duty 55%
2026-09-29 14:34:07,0,66,75,100.69,Not Active,Not Active,"FAN1=3900 FAN2=1000 FAN4=2900 FAN5=3100 FAN6=2800 FAN7=3000 ",duty 62%
2026-09-29 14:34:07,1,67,76,113.00,Not Active,Not Active,"FAN1=3900 FAN2=1000 FAN4=2900 FAN5=3100 FAN6=2800 FAN7=3000 ",duty 62%
2026-09-29 14:34:07,2,64,69,105.69,Not Active,Not Active,"FAN1=3900 FAN2=1000 FAN4=2900 FAN5=3100 FAN6=2800 FAN7=3000 ",duty 62%
2026-09-29 14:34:07,3,46,57,37.27,Not Active,Not Active,"FAN1=3900 FAN2=1000 FAN4=2900 FAN5=3100 FAN6=2800 FAN7=3000 ",duty 62%
2026-09-29 14:34:15,0,65,74,90.13,Not Active,Not Active,"FAN1=3400 FAN2=1000 FAN4=2500 FAN5=2700 FAN6=2500 FAN7=2600 ",duty 55%
2026-09-29 14:34:15,1,66,74,153.76,Not Active,Not Active,"FAN1=3400 FAN2=1000 FAN4=2500 FAN5=2700 FAN6=2500 FAN7=2600 ",duty 55%
2026-09-29 14:34:15,2,64,69,82.24,Not Active,Not Active,"FAN1=3400 FAN2=1000 FAN4=2500 FAN5=2700 FAN6=2500 FAN7=2600 ",duty 55%
2026-09-29 14:34:15,3,46,58,37.24,Not Active,Not Active,"FAN1=3400 FAN2=1000 FAN4=2500 FAN5=2700 FAN6=2500 FAN7=2600 ",duty 55%
2026-09-29 14:34:24,0,66,74,84.85,Not Active,Not Active,"FAN1=3400 FAN2=1000 FAN4=2500 FAN5=2700 FAN6=2500 FAN7=2600 ",duty 55%
2026-09-29 14:34:24,1,66,75,100.17,Not Active,Not Active,"FAN1=3400 FAN2=1000 FAN4=2500 FAN5=2700 FAN6=2500 FAN7=2600 ",duty 55%
2026-09-29 14:34:24,2,64,69,116.01,Not Active,Not Active,"FAN1=3400 FAN2=1000 FAN4=2500 FAN5=2700 FAN6=2500 FAN7=2600 ",duty 55%
2026-09-29 14:34:24,3,46,57,37.28,Not Active,Not Active,"FAN1=3400 FAN2=1000 FAN4=2500 FAN5=2700 FAN6=2500 FAN7=2600 ",duty 55%
2026-09-29 14:34:32,0,66,74,110.43,Not Active,Not Active,"FAN1=3400 FAN2=1000 FAN4=2500 FAN5=2700 FAN6=2500 FAN7=2600 ",duty 55%
2026-09-29 14:34:32,1,66,74,102.03,Not Active,Not Active,"FAN1=3400 FAN2=1000 FAN4=2500 FAN5=2700 FAN6=2500 FAN7=2600 ",duty 55%
2026-09-29 14:34:32,2,64,68,100.01,Not Active,Not Active,"FAN1=3400 FAN2=1000 FAN4=2500 FAN5=2700 FAN6=2500 FAN7=2600 ",duty 55%
2026-09-29 14:34:32,3,46,58,37.29,Not Active,Not Active,"FAN1=3400 FAN2=1000 FAN4=2500 FAN5=2700 FAN6=2500 FAN7=2600 ",duty 55%
2026-09-29 14:34:44,0,66,74,122.67,Not Active,Not Active,"FAN1=3400 FAN2=1000 FAN4=2500 FAN5=2700 FAN6=2500 FAN7=2600 ",duty 55%
2026-09-29 14:34:44,1,67,75,117.69,Not Active,Not Active,"FAN1=3400 FAN2=1000 FAN4=2500 FAN5=2700 FAN6=2500 FAN7=2600 ",duty 55%
2026-09-29 14:34:44,2,64,69,100.52,Not Active,Not Active,"FAN1=3400 FAN2=1000 FAN4=2500 FAN5=2700 FAN6=2500 FAN7=2600 ",duty 55%
2026-09-29 14:34:44,3,46,57,37.24,Not Active,Not Active,"FAN1=3400 FAN2=1000 FAN4=2500 FAN5=2700 FAN6=2500 FAN7=2600 ",duty 55%
2026-09-29 14:34:52,0,66,75,82.06,Not Active,Not Active,"FAN1=3400 FAN2=1000 FAN4=2500 FAN5=2700 FAN6=2500 FAN7=2600 ",duty 55%
2026-09-29 14:34:52,1,66,74,94.59,Not Active,Not Active,"FAN1=3400 FAN2=1000 FAN4=2500 FAN5=2700 FAN6=2500 FAN7=2600 ",duty 55%
2026-09-29 14:34:52,2,64,69,94.29,Not Active,Not Active,"FAN1=3400 FAN2=1000 FAN4=2500 FAN5=2700 FAN6=2500 FAN7=2600 ",duty 55%
2026-09-29 14:34:52,3,46,57,37.31,Not Active,Not Active,"FAN1=3400 FAN2=1000 FAN4=2500 FAN5=2700 FAN6=2500 FAN7=2600 ",duty 55%
2026-09-29 14:35:03,0,66,73,97.71,Not Active,Not Active,"FAN1=3900 FAN2=1000 FAN4=2600 FAN5=2800 FAN6=2500 FAN7=2700 ",duty 55%
2026-09-29 14:35:03,1,66,74,100.40,Not Active,Not Active,"FAN1=3900 FAN2=1000 FAN4=2600 FAN5=2800 FAN6=2500 FAN7=2700 ",duty 55%
2026-09-29 14:35:03,2,63,69,115.64,Not Active,Not Active,"FAN1=3900 FAN2=1000 FAN4=2600 FAN5=2800 FAN6=2500 FAN7=2700 ",duty 55%
2026-09-29 14:35:03,3,46,58,37.41,Not Active,Not Active,"FAN1=3900 FAN2=1000 FAN4=2600 FAN5=2800 FAN6=2500 FAN7=2700 ",duty 55%
2026-09-29 14:35:14,0,65,74,113.93,Not Active,Not Active,"FAN1=3400 FAN2=1000 FAN4=2500 FAN5=2700 FAN6=2500 FAN7=2600 ",duty 55%
2026-09-29 14:35:14,1,65,75,66.17,Not Active,Not Active,"FAN1=3400 FAN2=1000 FAN4=2500 FAN5=2700 FAN6=2500 FAN7=2600 ",duty 55%
2026-09-29 14:35:14,2,62,69,55.78,Not Active,Not Active,"FAN1=3400 FAN2=1000 FAN4=2500 FAN5=2700 FAN6=2500 FAN7=2600 ",duty 55%
2026-09-29 14:35:14,3,46,57,37.31,Not Active,Not Active,"FAN1=3400 FAN2=1000 FAN4=2500 FAN5=2700 FAN6=2500 FAN7=2600 ",duty 55%
2026-09-29 14:35:23,0,64,74,73.89,Not Active,Not Active,"FAN1=3400 FAN2=1000 FAN4=2500 FAN5=2700 FAN6=2500 FAN7=2600 ",duty 55%
2026-09-29 14:35:23,1,66,75,99.62,Not Active,Not Active,"FAN1=3400 FAN2=1000 FAN4=2500 FAN5=2700 FAN6=2500 FAN7=2600 ",duty 55%
2026-09-29 14:35:23,2,62,68,74.61,Not Active,Not Active,"FAN1=3400 FAN2=1000 FAN4=2500 FAN5=2700 FAN6=2500 FAN7=2600 ",duty 55%
2026-09-29 14:35:23,3,46,57,37.23,Not Active,Not Active,"FAN1=3400 FAN2=1000 FAN4=2500 FAN5=2700 FAN6=2500 FAN7=2600 ",duty 55%
2026-09-29 14:35:32,0,64,73,70.82,Not Active,Not Active,"FAN1=3400 FAN2=1000 FAN4=2500 FAN5=2700 FAN6=2500 FAN7=2600 ",duty 55%
2026-09-29 14:35:32,1,66,75,92.95,Not Active,Not Active,"FAN1=3400 FAN2=1000 FAN4=2500 FAN5=2700 FAN6=2500 FAN7=2600 ",duty 55%
2026-09-29 14:35:32,2,62,68,74.37,Not Active,Not Active,"FAN1=3400 FAN2=1000 FAN4=2500 FAN5=2700 FAN6=2500 FAN7=2600 ",duty 55%
2026-09-29 14:35:32,3,46,57,37.16,Not Active,Not Active,"FAN1=3400 FAN2=1000 FAN4=2500 FAN5=2700 FAN6=2500 FAN7=2600 ",duty 55%
2026-09-29 14:35:40,0,64,75,72.43,Not Active,Not Active,"FAN1=3400 FAN2=1100 FAN4=2500 FAN5=2800 FAN6=2700 FAN7=2900 ",duty 62%
2026-09-29 14:35:40,1,65,77,75.20,Not Active,Not Active,"FAN1=3400 FAN2=1100 FAN4=2500 FAN5=2800 FAN6=2700 FAN7=2900 ",duty 62%
2026-09-29 14:35:40,2,63,71,127.01,Not Active,Not Active,"FAN1=3400 FAN2=1100 FAN4=2500 FAN5=2800 FAN6=2700 FAN7=2900 ",duty 62%
2026-09-29 14:35:40,3,46,57,37.20,Not Active,Not Active,"FAN1=3400 FAN2=1100 FAN4=2500 FAN5=2800 FAN6=2700 FAN7=2900 ",duty 62%
2026-09-29 14:35:51,0,63,73,67.50,Not Active,Not Active,"FAN1=3900 FAN2=1000 FAN4=2900 FAN5=3100 FAN6=2800 FAN7=3000 ",duty 62%
2026-09-29 14:35:51,1,64,74,74.89,Not Active,Not Active,"FAN1=3900 FAN2=1000 FAN4=2900 FAN5=3100 FAN6=2800 FAN7=3000 ",duty 62%
2026-09-29 14:35:51,2,63,69,74.04,Not Active,Not Active,"FAN1=3900 FAN2=1000 FAN4=2900 FAN5=3100 FAN6=2800 FAN7=3000 ",duty 62%
2026-09-29 14:35:51,3,46,57,37.11,Not Active,Not Active,"FAN1=3900 FAN2=1000 FAN4=2900 FAN5=3100 FAN6=2800 FAN7=3000 ",duty 62%
2026-09-29 14:35:59,0,64,74,64.08,Not Active,Not Active,"FAN1=3400 FAN2=1000 FAN4=2800 FAN5=3000 FAN6=2800 FAN7=3000 ",duty 62%
2026-09-29 14:35:59,1,64,76,64.35,Not Active,Not Active,"FAN1=3400 FAN2=1000 FAN4=2800 FAN5=3000 FAN6=2800 FAN7=3000 ",duty 62%
2026-09-29 14:35:59,2,62,69,158.43,Not Active,Not Active,"FAN1=3400 FAN2=1000 FAN4=2800 FAN5=3000 FAN6=2800 FAN7=3000 ",duty 62%
2026-09-29 14:35:59,3,46,57,37.22,Not Active,Not Active,"FAN1=3400 FAN2=1000 FAN4=2800 FAN5=3000 FAN6=2800 FAN7=3000 ",duty 62%
2026-09-29 14:36:10,0,60,71,44.97,Not Active,Not Active,"FAN1=3400 FAN2=1100 FAN4=2500 FAN5=2700 FAN6=2500 FAN7=2600 ",duty 55%
2026-09-29 14:36:10,1,62,72,57.29,Not Active,Not Active,"FAN1=3400 FAN2=1100 FAN4=2500 FAN5=2700 FAN6=2500 FAN7=2600 ",duty 55%
2026-09-29 14:36:10,2,59,67,45.69,Not Active,Not Active,"FAN1=3400 FAN2=1100 FAN4=2500 FAN5=2700 FAN6=2500 FAN7=2600 ",duty 55%
2026-09-29 14:36:10,3,45,56,37.25,Not Active,Not Active,"FAN1=3400 FAN2=1100 FAN4=2500 FAN5=2700 FAN6=2500 FAN7=2600 ",duty 55%
2026-09-29 14:36:19,0,64,74,104.85,Not Active,Not Active,"FAN1=2900 FAN2=1100 FAN4=2200 FAN5=2500 FAN6=2300 FAN7=2500 ",duty 53%
2026-09-29 14:36:19,1,65,74,75.66,Not Active,Not Active,"FAN1=2900 FAN2=1100 FAN4=2200 FAN5=2500 FAN6=2300 FAN7=2500 ",duty 53%
2026-09-29 14:36:19,2,62,68,83.24,Not Active,Not Active,"FAN1=2900 FAN2=1100 FAN4=2200 FAN5=2500 FAN6=2300 FAN7=2500 ",duty 53%
2026-09-29 14:36:19,3,46,57,37.46,Not Active,Not Active,"FAN1=2900 FAN2=1100 FAN4=2200 FAN5=2500 FAN6=2300 FAN7=2500 ",duty 53%
2026-09-29 14:36:30,0,63,73,114.09,Not Active,Not Active,"FAN1=3200 FAN2=700 FAN4=2400 FAN5=2600 FAN6=2400 FAN7=2500 ",duty 53%
2026-09-29 14:36:30,1,65,74,121.22,Not Active,Not Active,"FAN1=3200 FAN2=700 FAN4=2400 FAN5=2600 FAN6=2400 FAN7=2500 ",duty 53%
2026-09-29 14:36:30,2,62,68,71.25,Not Active,Not Active,"FAN1=3200 FAN2=700 FAN4=2400 FAN5=2600 FAN6=2400 FAN7=2500 ",duty 53%
2026-09-29 14:36:30,3,46,57,37.26,Not Active,Not Active,"FAN1=3200 FAN2=700 FAN4=2400 FAN5=2600 FAN6=2400 FAN7=2500 ",duty 53%
2026-09-29 14:36:38,0,65,73,82.08,Not Active,Not Active,"FAN1=3200 FAN2=1000 FAN4=2400 FAN5=2600 FAN6=2400 FAN7=2500 ",duty 53%
2026-09-29 14:36:38,1,66,75,101.10,Not Active,Not Active,"FAN1=3200 FAN2=1000 FAN4=2400 FAN5=2600 FAN6=2400 FAN7=2500 ",duty 53%
2026-09-29 14:36:38,2,63,69,107.71,Not Active,Not Active,"FAN1=3200 FAN2=1000 FAN4=2400 FAN5=2600 FAN6=2400 FAN7=2500 ",duty 53%
2026-09-29 14:36:38,3,46,57,37.32,Not Active,Not Active,"FAN1=3200 FAN2=1000 FAN4=2400 FAN5=2600 FAN6=2400 FAN7=2500 ",duty 53%
2026-09-29 14:36:50,0,65,73,86.90,Not Active,Not Active,"FAN1=3200 FAN2=1000 FAN4=2400 FAN5=2600 FAN6=2400 FAN7=2500 ",duty 53%
2026-09-29 14:36:50,1,66,74,86.84,Not Active,Not Active,"FAN1=3200 FAN2=1000 FAN4=2400 FAN5=2600 FAN6=2400 FAN7=2500 ",duty 53%
2026-09-29 14:36:50,2,63,69,106.69,Not Active,Not Active,"FAN1=3200 FAN2=1000 FAN4=2400 FAN5=2600 FAN6=2400 FAN7=2500 ",duty 53%
2026-09-29 14:36:50,3,46,57,37.33,Not Active,Not Active,"FAN1=3200 FAN2=1000 FAN4=2400 FAN5=2600 FAN6=2400 FAN7=2500 ",duty 53%
2026-09-29 14:37:01,0,65,74,88.38,Not Active,Not Active,"FAN1=3200 FAN2=1000 FAN4=2400 FAN5=2600 FAN6=2400 FAN7=2500 ",duty 53%
2026-09-29 14:37:01,1,66,75,115.46,Not Active,Not Active,"FAN1=3200 FAN2=1000 FAN4=2400 FAN5=2600 FAN6=2400 FAN7=2500 ",duty 53%
2026-09-29 14:37:01,2,62,69,50.50,Not Active,Not Active,"FAN1=3200 FAN2=1000 FAN4=2400 FAN5=2600 FAN6=2400 FAN7=2500 ",duty 53%
2026-09-29 14:37:01,3,46,57,37.44,Not Active,Not Active,"FAN1=3200 FAN2=1000 FAN4=2400 FAN5=2600 FAN6=2400 FAN7=2500 ",duty 53%
2026-09-29 14:37:11,0,66,75,115.44,Not Active,Not Active,"FAN1=3200 FAN2=700 FAN4=2400 FAN5=2600 FAN6=2400 FAN7=2500 ",duty 53%
2026-09-29 14:37:11,1,66,75,115.50,Not Active,Not Active,"FAN1=3200 FAN2=700 FAN4=2400 FAN5=2600 FAN6=2400 FAN7=2500 ",duty 53%
2026-09-29 14:37:11,2,64,69,84.88,Not Active,Not Active,"FAN1=3200 FAN2=700 FAN4=2400 FAN5=2600 FAN6=2400 FAN7=2500 ",duty 53%
2026-09-29 14:37:11,3,46,57,37.32,Not Active,Not Active,"FAN1=3200 FAN2=700 FAN4=2400 FAN5=2600 FAN6=2400 FAN7=2500 ",duty 53%
2026-09-29 14:37:21,0,66,74,102.01,Not Active,Not Active,"FAN1=3200 FAN2=1000 FAN4=2400 FAN5=2600 FAN6=2400 FAN7=2500 ",duty 53%
2026-09-29 14:37:21,1,66,75,87.71,Not Active,Not Active,"FAN1=3200 FAN2=1000 FAN4=2400 FAN5=2600 FAN6=2400 FAN7=2500 ",duty 53%
2026-09-29 14:37:21,2,64,69,87.91,Not Active,Not Active,"FAN1=3200 FAN2=1000 FAN4=2400 FAN5=2600 FAN6=2400 FAN7=2500 ",duty 53%
2026-09-29 14:37:21,3,46,57,37.29,Not Active,Not Active,"FAN1=3200 FAN2=1000 FAN4=2400 FAN5=2600 FAN6=2400 FAN7=2500 ",duty 53%
2026-09-29 14:37:29,0,65,75,188.85,Not Active,Not Active,"FAN1=3200 FAN2=700 FAN4=2400 FAN5=2600 FAN6=2400 FAN7=2500 ",duty 62%
2026-09-29 14:37:29,1,66,76,60.08,Not Active,Not Active,"FAN1=3200 FAN2=700 FAN4=2400 FAN5=2600 FAN6=2400 FAN7=2500 ",duty 62%
2026-09-29 14:37:29,2,64,69,153.22,Not Active,Not Active,"FAN1=3200 FAN2=700 FAN4=2400 FAN5=2600 FAN6=2400 FAN7=2500 ",duty 62%
2026-09-29 14:37:29,3,46,57,37.40,Not Active,Not Active,"FAN1=3200 FAN2=700 FAN4=2400 FAN5=2600 FAN6=2400 FAN7=2500 ",duty 62%
2026-09-29 14:37:39,0,64,73,67.39,Not Active,Not Active,"FAN1=3400 FAN2=1000 FAN4=2800 FAN5=2900 FAN6=2600 FAN7=2700 ",duty 55%
2026-09-29 14:37:39,1,66,76,110.59,Not Active,Not Active,"FAN1=3400 FAN2=1000 FAN4=2800 FAN5=2900 FAN6=2600 FAN7=2700 ",duty 55%
2026-09-29 14:37:39,2,63,68,74.03,Not Active,Not Active,"FAN1=3400 FAN2=1000 FAN4=2800 FAN5=2900 FAN6=2600 FAN7=2700 ",duty 55%
2026-09-29 14:37:39,3,46,57,37.51,Not Active,Not Active,"FAN1=3400 FAN2=1000 FAN4=2800 FAN5=2900 FAN6=2600 FAN7=2700 ",duty 55%
2026-09-29 14:37:47,0,66,74,86.84,Not Active,Not Active,"FAN1=3400 FAN2=1000 FAN4=2500 FAN5=2700 FAN6=2500 FAN7=2600 ",duty 55%
2026-09-29 14:37:47,1,66,75,89.26,Not Active,Not Active,"FAN1=3400 FAN2=1000 FAN4=2500 FAN5=2700 FAN6=2500 FAN7=2600 ",duty 55%
2026-09-29 14:37:47,2,64,69,112.90,Not Active,Not Active,"FAN1=3400 FAN2=1000 FAN4=2500 FAN5=2700 FAN6=2500 FAN7=2600 ",duty 55%
2026-09-29 14:37:47,3,46,58,37.39,Not Active,Not Active,"FAN1=3400 FAN2=1000 FAN4=2500 FAN5=2700 FAN6=2500 FAN7=2600 ",duty 55%
2026-09-29 14:37:56,0,66,74,94.82,Not Active,Not Active,"FAN1=3400 FAN2=1000 FAN4=2500 FAN5=2700 FAN6=2500 FAN7=2600 ",duty 55%
2026-09-29 14:37:56,1,66,76,94.66,Not Active,Not Active,"FAN1=3400 FAN2=1000 FAN4=2500 FAN5=2700 FAN6=2500 FAN7=2600 ",duty 55%
2026-09-29 14:37:56,2,64,69,108.39,Not Active,Not Active,"FAN1=3400 FAN2=1000 FAN4=2500 FAN5=2700 FAN6=2500 FAN7=2600 ",duty 55%
2026-09-29 14:37:56,3,46,57,37.37,Not Active,Not Active,"FAN1=3400 FAN2=1000 FAN4=2500 FAN5=2700 FAN6=2500 FAN7=2600 ",duty 55%
2026-09-29 14:38:05,0,65,75,66.72,Not Active,Not Active,"FAN1=3400 FAN2=1000 FAN4=2500 FAN5=2700 FAN6=2500 FAN7=2600 ",duty 55%
2026-09-29 14:38:05,1,66,76,75.70,Not Active,Not Active,"FAN1=3400 FAN2=1000 FAN4=2500 FAN5=2700 FAN6=2500 FAN7=2600 ",duty 55%
2026-09-29 14:38:05,2,63,68,80.51,Not Active,Not Active,"FAN1=3400 FAN2=1000 FAN4=2500 FAN5=2700 FAN6=2500 FAN7=2600 ",duty 55%
2026-09-29 14:38:05,3,46,57,37.36,Not Active,Not Active,"FAN1=3400 FAN2=1000 FAN4=2500 FAN5=2700 FAN6=2500 FAN7=2600 ",duty 55%
2026-09-29 14:38:13,0,66,73,93.04,Not Active,Not Active,"FAN1=3800 FAN2=1000 FAN4=2900 FAN5=3100 FAN6=2800 FAN7=3000 ",duty 62%
2026-09-29 14:38:13,1,66,75,93.30,Not Active,Not Active,"FAN1=3800 FAN2=1000 FAN4=2900 FAN5=3100 FAN6=2800 FAN7=3000 ",duty 62%
2026-09-29 14:38:13,2,63,69,100.05,Not Active,Not Active,"FAN1=3800 FAN2=1000 FAN4=2900 FAN5=3100 FAN6=2800 FAN7=3000 ",duty 62%
2026-09-29 14:38:13,3,46,57,37.37,Not Active,Not Active,"FAN1=3800 FAN2=1000 FAN4=2900 FAN5=3100 FAN6=2800 FAN7=3000 ",duty 62%
2026-09-29 14:38:25,0,65,73,100.37,Not Active,Not Active,"FAN1=3300 FAN2=1000 FAN4=2400 FAN5=2600 FAN6=2400 FAN7=2500 ",duty 53%
2026-09-29 14:38:25,1,66,76,122.56,Not Active,Not Active,"FAN1=3300 FAN2=1000 FAN4=2400 FAN5=2600 FAN6=2400 FAN7=2500 ",duty 53%
2026-09-29 14:38:25,2,63,70,57.87,Not Active,Not Active,"FAN1=3300 FAN2=1000 FAN4=2400 FAN5=2600 FAN6=2400 FAN7=2500 ",duty 53%
2026-09-29 14:38:25,3,46,57,37.23,Not Active,Not Active,"FAN1=3300 FAN2=1000 FAN4=2400 FAN5=2600 FAN6=2400 FAN7=2500 ",duty 53%
2026-09-29 14:38:37,0,64,73,85.41,Not Active,Not Active,"FAN1=3200 FAN2=1000 FAN4=2400 FAN5=2600 FAN6=2400 FAN7=2500 ",duty 53%
2026-09-29 14:38:37,1,65,75,130.70,Not Active,Not Active,"FAN1=3200 FAN2=1000 FAN4=2400 FAN5=2600 FAN6=2400 FAN7=2500 ",duty 53%
2026-09-29 14:38:37,2,62,69,80.45,Not Active,Not Active,"FAN1=3200 FAN2=1000 FAN4=2400 FAN5=2600 FAN6=2400 FAN7=2500 ",duty 53%
2026-09-29 14:38:37,3,46,57,37.38,Not Active,Not Active,"FAN1=3200 FAN2=1000 FAN4=2400 FAN5=2600 FAN6=2400 FAN7=2500 ",duty 53%
2026-09-29 14:38:47,0,64,75,93.09,Not Active,Not Active,"FAN1=4400 FAN2=1000 FAN4=3200 FAN5=3500 FAN6=3200 FAN7=2600 ",duty 69%
2026-09-29 14:38:47,1,65,77,62.87,Not Active,Not Active,"FAN1=4400 FAN2=1000 FAN4=3200 FAN5=3500 FAN6=3200 FAN7=2600 ",duty 69%
2026-09-29 14:38:47,2,62,71,103.71,Not Active,Not Active,"FAN1=4400 FAN2=1000 FAN4=3200 FAN5=3500 FAN6=3200 FAN7=2600 ",duty 69%
2026-09-29 14:38:47,3,46,57,37.40,Not Active,Not Active,"FAN1=4400 FAN2=1000 FAN4=3200 FAN5=3500 FAN6=3200 FAN7=2600 ",duty 69%
2026-09-29 14:38:55,0,62,72,67.79,Not Active,Not Active,"FAN1=3900 FAN2=1000 FAN4=2900 FAN5=3100 FAN6=2800 FAN7=3000 ",duty 55%
2026-09-29 14:38:55,1,64,73,88.99,Not Active,Not Active,"FAN1=3900 FAN2=1000 FAN4=2900 FAN5=3100 FAN6=2800 FAN7=3000 ",duty 55%
2026-09-29 14:38:55,2,61,67,67.69,Not Active,Not Active,"FAN1=3900 FAN2=1000 FAN4=2900 FAN5=3100 FAN6=2800 FAN7=3000 ",duty 55%
2026-09-29 14:38:55,3,46,58,37.26,Not Active,Not Active,"FAN1=3900 FAN2=1000 FAN4=2900 FAN5=3100 FAN6=2800 FAN7=3000 ",duty 55%
2026-09-29 14:39:04,0,63,75,100.44,Not Active,Not Active,"FAN1=3400 FAN2=1000 FAN4=2500 FAN5=2700 FAN6=2500 FAN7=2600 ",duty 55%
2026-09-29 14:39:04,1,64,76,83.46,Not Active,Not Active,"FAN1=3400 FAN2=1000 FAN4=2500 FAN5=2700 FAN6=2500 FAN7=2600 ",duty 55%
2026-09-29 14:39:04,2,62,70,114.48,Not Active,Not Active,"FAN1=3400 FAN2=1000 FAN4=2500 FAN5=2700 FAN6=2500 FAN7=2600 ",duty 55%
2026-09-29 14:39:04,3,46,57,37.29,Not Active,Not Active,"FAN1=3400 FAN2=1000 FAN4=2500 FAN5=2700 FAN6=2500 FAN7=2600 ",duty 55%
2026-09-29 14:39:15,0,61,72,45.25,Not Active,Not Active,"FAN1=4400 FAN2=1000 FAN4=2700 FAN5=2900 FAN6=2600 FAN7=2700 ",duty 55%
2026-09-29 14:39:15,1,63,73,57.58,Not Active,Not Active,"FAN1=4400 FAN2=1000 FAN4=2700 FAN5=2900 FAN6=2600 FAN7=2700 ",duty 55%
2026-09-29 14:39:15,2,60,67,45.79,Not Active,Not Active,"FAN1=4400 FAN2=1000 FAN4=2700 FAN5=2900 FAN6=2600 FAN7=2700 ",duty 55%
2026-09-29 14:39:15,3,45,56,37.25,Not Active,Not Active,"FAN1=4400 FAN2=1000 FAN4=2700 FAN5=2900 FAN6=2600 FAN7=2700 ",duty 55%
2026-09-29 14:39:26,0,63,74,56.30,Not Active,Not Active,"FAN1=3100 FAN2=1000 FAN4=2300 FAN5=2500 FAN6=2300 FAN7=2400 ",duty 51%
2026-09-29 14:39:26,1,64,74,75.56,Not Active,Not Active,"FAN1=3100 FAN2=1000 FAN4=2300 FAN5=2500 FAN6=2300 FAN7=2400 ",duty 51%
2026-09-29 14:39:26,2,62,69,153.35,Not Active,Not Active,"FAN1=3100 FAN2=1000 FAN4=2300 FAN5=2500 FAN6=2300 FAN7=2400 ",duty 51%
2026-09-29 14:39:26,3,45,58,37.40,Not Active,Not Active,"FAN1=3100 FAN2=1000 FAN4=2300 FAN5=2500 FAN6=2300 FAN7=2400 ",duty 51%
2026-09-29 14:39:34,0,62,73,67.96,Not Active,Not Active,"FAN1=3900 FAN2=1000 FAN4=2900 FAN5=3100 FAN6=2800 FAN7=3000 ",duty 62%
2026-09-29 14:39:34,1,64,73,87.52,Not Active,Not Active,"FAN1=3900 FAN2=1000 FAN4=2900 FAN5=3100 FAN6=2800 FAN7=3000 ",duty 62%
2026-09-29 14:39:34,2,61,67,67.69,Not Active,Not Active,"FAN1=3900 FAN2=1000 FAN4=2900 FAN5=3100 FAN6=2800 FAN7=3000 ",duty 62%
2026-09-29 14:39:34,3,45,56,37.17,Not Active,Not Active,"FAN1=3900 FAN2=1000 FAN4=2900 FAN5=3100 FAN6=2800 FAN7=3000 ",duty 62%
2026-09-29 14:39:43,0,62,73,101.26,Not Active,Not Active,"FAN1=3900 FAN2=1100 FAN4=2900 FAN5=3000 FAN6=2500 FAN7=2600 ",duty 49%
2026-09-29 14:39:43,1,63,74,103.29,Not Active,Not Active,"FAN1=3900 FAN2=1100 FAN4=2900 FAN5=3000 FAN6=2500 FAN7=2600 ",duty 49%
2026-09-29 14:39:43,2,59,66,72.17,Not Active,Not Active,"FAN1=3900 FAN2=1100 FAN4=2900 FAN5=3000 FAN6=2500 FAN7=2600 ",duty 49%
2026-09-29 14:39:43,3,45,56,37.19,Not Active,Not Active,"FAN1=3900 FAN2=1100 FAN4=2900 FAN5=3000 FAN6=2500 FAN7=2600 ",duty 49%
2026-09-29 14:39:51,0,62,73,70.23,Not Active,Not Active,"FAN1=3200 FAN2=1000 FAN4=2400 FAN5=2600 FAN6=2400 FAN7=2500 ",duty 53%
2026-09-29 14:39:51,1,63,73,58.58,Not Active,Not Active,"FAN1=3200 FAN2=1000 FAN4=2400 FAN5=2600 FAN6=2400 FAN7=2500 ",duty 53%
2026-09-29 14:39:51,2,62,68,133.01,Not Active,Not Active,"FAN1=3200 FAN2=1000 FAN4=2400 FAN5=2600 FAN6=2400 FAN7=2500 ",duty 53%
2026-09-29 14:39:51,3,45,58,37.17,Not Active,Not Active,"FAN1=3200 FAN2=1000 FAN4=2400 FAN5=2600 FAN6=2400 FAN7=2500 ",duty 53%
2026-09-29 14:40:00,0,64,73,111.67,Not Active,Not Active,"FAN1=3200 FAN2=1000 FAN4=2400 FAN5=2600 FAN6=2400 FAN7=2500 ",duty 53%
2026-09-29 14:40:00,1,65,75,110.76,Not Active,Not Active,"FAN1=3200 FAN2=1000 FAN4=2400 FAN5=2600 FAN6=2400 FAN7=2500 ",duty 53%
2026-09-29 14:40:00,2,62,68,83.20,Not Active,Not Active,"FAN1=3200 FAN2=1000 FAN4=2400 FAN5=2600 FAN6=2400 FAN7=2500 ",duty 53%
2026-09-29 14:40:00,3,46,58,37.28,Not Active,Not Active,"FAN1=3200 FAN2=1000 FAN4=2400 FAN5=2600 FAN6=2400 FAN7=2500 ",duty 53%
2026-09-29 14:40:08,0,63,73,50.40,Not Active,Not Active,"FAN1=3200 FAN2=1000 FAN4=2400 FAN5=2600 FAN6=2400 FAN7=2500 ",duty 53%
2026-09-29 14:40:08,1,65,74,78.23,Not Active,Not Active,"FAN1=3200 FAN2=1000 FAN4=2400 FAN5=2600 FAN6=2400 FAN7=2500 ",duty 53%
2026-09-29 14:40:08,2,61,67,72.45,Not Active,Not Active,"FAN1=3200 FAN2=1000 FAN4=2400 FAN5=2600 FAN6=2400 FAN7=2500 ",duty 53%
2026-09-29 14:40:08,3,46,57,37.33,Not Active,Not Active,"FAN1=3200 FAN2=1000 FAN4=2400 FAN5=2600 FAN6=2400 FAN7=2500 ",duty 53%
2026-09-29 14:40:16,0,65,74,81.77,Not Active,Not Active,"FAN1=3200 FAN2=1000 FAN4=2400 FAN5=2600 FAN6=2400 FAN7=2500 ",duty 53%
2026-09-29 14:40:16,1,65,75,85.37,Not Active,Not Active,"FAN1=3200 FAN2=1000 FAN4=2400 FAN5=2600 FAN6=2400 FAN7=2500 ",duty 53%
2026-09-29 14:40:16,2,63,69,85.42,Not Active,Not Active,"FAN1=3200 FAN2=1000 FAN4=2400 FAN5=2600 FAN6=2400 FAN7=2500 ",duty 53%
2026-09-29 14:40:16,3,46,57,37.28,Not Active,Not Active,"FAN1=3200 FAN2=1000 FAN4=2400 FAN5=2600 FAN6=2400 FAN7=2500 ",duty 53%
2026-09-29 14:40:28,0,65,74,102.10,Not Active,Not Active,"FAN1=3200 FAN2=1000 FAN4=2400 FAN5=2600 FAN6=2400 FAN7=2500 ",duty 53%
2026-09-29 14:40:28,1,65,74,96.64,Not Active,Not Active,"FAN1=3200 FAN2=1000 FAN4=2400 FAN5=2600 FAN6=2400 FAN7=2500 ",duty 53%
2026-09-29 14:40:28,2,63,69,103.17,Not Active,Not Active,"FAN1=3200 FAN2=1000 FAN4=2400 FAN5=2600 FAN6=2400 FAN7=2500 ",duty 53%
2026-09-29 14:40:28,3,46,57,37.36,Not Active,Not Active,"FAN1=3200 FAN2=1000 FAN4=2400 FAN5=2600 FAN6=2400 FAN7=2500 ",duty 53%
2026-09-29 14:40:37,0,65,74,90.92,Not Active,Not Active,"FAN1=3200 FAN2=1000 FAN4=2400 FAN5=2600 FAN6=2400 FAN7=2500 ",duty 53%
2026-09-29 14:40:37,1,66,74,92.53,Not Active,Not Active,"FAN1=3200 FAN2=1000 FAN4=2400 FAN5=2600 FAN6=2400 FAN7=2500 ",duty 53%
2026-09-29 14:40:37,2,63,69,128.10,Not Active,Not Active,"FAN1=3200 FAN2=1000 FAN4=2400 FAN5=2600 FAN6=2400 FAN7=2500 ",duty 53%
2026-09-29 14:40:37,3,46,57,37.30,Not Active,Not Active,"FAN1=3200 FAN2=1000 FAN4=2400 FAN5=2600 FAN6=2400 FAN7=2500 ",duty 53%
2026-09-29 14:40:45,0,63,74,49.66,Not Active,Not Active,"FAN1=3200 FAN2=1000 FAN4=2400 FAN5=2600 FAN6=2400 FAN7=2500 ",duty 53%
2026-09-29 14:40:45,1,65,75,58.33,Not Active,Not Active,"FAN1=3200 FAN2=1000 FAN4=2400 FAN5=2600 FAN6=2400 FAN7=2500 ",duty 53%
2026-09-29 14:40:45,2,64,69,194.15,Not Active,Not Active,"FAN1=3200 FAN2=1000 FAN4=2400 FAN5=2600 FAN6=2400 FAN7=2500 ",duty 53%
2026-09-29 14:40:45,3,46,57,37.38,Not Active,Not Active,"FAN1=3200 FAN2=1000 FAN4=2400 FAN5=2600 FAN6=2400 FAN7=2500 ",duty 53%
2026-09-29 14:40:55,0,65,73,119.56,Not Active,Not Active,"FAN1=3200 FAN2=1000 FAN4=2400 FAN5=2600 FAN6=2400 FAN7=2500 ",duty 53%
2026-09-29 14:40:55,1,66,74,123.42,Not Active,Not Active,"FAN1=3200 FAN2=1000 FAN4=2400 FAN5=2600 FAN6=2400 FAN7=2500 ",duty 53%
2026-09-29 14:40:55,2,63,68,98.50,Not Active,Not Active,"FAN1=3200 FAN2=1000 FAN4=2400 FAN5=2600 FAN6=2400 FAN7=2500 ",duty 53%
2026-09-29 14:40:55,3,46,58,37.34,Not Active,Not Active,"FAN1=3200 FAN2=1000 FAN4=2400 FAN5=2600 FAN6=2400 FAN7=2500 ",duty 53%
2026-09-29 14:41:04,0,66,75,87.68,Not Active,Not Active,"FAN1=3200 FAN2=700 FAN4=2400 FAN5=2600 FAN6=2400 FAN7=2500 ",duty 53%
2026-09-29 14:41:04,1,66,75,125.22,Not Active,Not Active,"FAN1=3200 FAN2=700 FAN4=2400 FAN5=2600 FAN6=2400 FAN7=2500 ",duty 53%
2026-09-29 14:41:04,2,64,68,96.27,Not Active,Not Active,"FAN1=3200 FAN2=700 FAN4=2400 FAN5=2600 FAN6=2400 FAN7=2500 ",duty 53%
2026-09-29 14:41:04,3,46,57,37.42,Not Active,Not Active,"FAN1=3200 FAN2=700 FAN4=2400 FAN5=2600 FAN6=2400 FAN7=2500 ",duty 53%
2026-09-29 14:41:13,0,66,75,85.99,Not Active,Not Active,"FAN1=3200 FAN2=1000 FAN4=2400 FAN5=2600 FAN6=2400 FAN7=2500 ",duty 53%
2026-09-29 14:41:13,1,66,74,110.90,Not Active,Not Active,"FAN1=3200 FAN2=1000 FAN4=2400 FAN5=2600 FAN6=2400 FAN7=2500 ",duty 53%
2026-09-29 14:41:13,2,64,69,91.40,Not Active,Not Active,"FAN1=3200 FAN2=1000 FAN4=2400 FAN5=2600 FAN6=2400 FAN7=2500 ",duty 53%
2026-09-29 14:41:13,3,46,57,37.39,Not Active,Not Active,"FAN1=3200 FAN2=1000 FAN4=2400 FAN5=2600 FAN6=2400 FAN7=2500 ",duty 53%
2026-09-29 14:41:21,0,66,74,88.58,Not Active,Not Active,"FAN1=3400 FAN2=1000 FAN4=2500 FAN5=2700 FAN6=2500 FAN7=2600 ",duty 55%
2026-09-29 14:41:21,1,66,75,107.89,Not Active,Not Active,"FAN1=3400 FAN2=1000 FAN4=2500 FAN5=2700 FAN6=2500 FAN7=2600 ",duty 55%
2026-09-29 14:41:21,2,63,69,101.68,Not Active,Not Active,"FAN1=3400 FAN2=1000 FAN4=2500 FAN5=2700 FAN6=2500 FAN7=2600 ",duty 55%
2026-09-29 14:41:21,3,46,57,37.32,Not Active,Not Active,"FAN1=3400 FAN2=1000 FAN4=2500 FAN5=2700 FAN6=2500 FAN7=2600 ",duty 55%
2026-09-29 14:41:32,0,66,74,122.54,Not Active,Not Active,"FAN1=3400 FAN2=1000 FAN4=2500 FAN5=2700 FAN6=2500 FAN7=2600 ",duty 55%
2026-09-29 14:41:32,1,66,74,93.96,Not Active,Not Active,"FAN1=3400 FAN2=1000 FAN4=2500 FAN5=2700 FAN6=2500 FAN7=2600 ",duty 55%
2026-09-29 14:41:32,2,62,69,47.50,Not Active,Not Active,"FAN1=3400 FAN2=1000 FAN4=2500 FAN5=2700 FAN6=2500 FAN7=2600 ",duty 55%
2026-09-29 14:41:32,3,46,58,37.49,Not Active,Not Active,"FAN1=3400 FAN2=1000 FAN4=2500 FAN5=2700 FAN6=2500 FAN7=2600 ",duty 55%
2026-09-29 14:41:40,0,66,73,119.24,Not Active,Not Active,"FAN1=3400 FAN2=1000 FAN4=2500 FAN5=2700 FAN6=2500 FAN7=2600 ",duty 55%
2026-09-29 14:41:40,1,66,75,101.02,Not Active,Not Active,"FAN1=3400 FAN2=1000 FAN4=2500 FAN5=2700 FAN6=2500 FAN7=2600 ",duty 55%
2026-09-29 14:41:40,2,64,69,127.30,Not Active,Not Active,"FAN1=3400 FAN2=1000 FAN4=2500 FAN5=2700 FAN6=2500 FAN7=2600 ",duty 55%
2026-09-29 14:41:40,3,46,57,37.30,Not Active,Not Active,"FAN1=3400 FAN2=1000 FAN4=2500 FAN5=2700 FAN6=2500 FAN7=2600 ",duty 55%
2026-09-29 14:41:51,0,66,74,89.90,Not Active,Not Active,"FAN1=3400 FAN2=1000 FAN4=2500 FAN5=2700 FAN6=2500 FAN7=2600 ",duty 62%
2026-09-29 14:41:51,1,66,76,104.98,Not Active,Not Active,"FAN1=3400 FAN2=1000 FAN4=2500 FAN5=2700 FAN6=2500 FAN7=2600 ",duty 62%
2026-09-29 14:41:51,2,64,68,88.29,Not Active,Not Active,"FAN1=3400 FAN2=1000 FAN4=2500 FAN5=2700 FAN6=2500 FAN7=2600 ",duty 62%
2026-09-29 14:41:51,3,46,57,37.45,Not Active,Not Active,"FAN1=3400 FAN2=1000 FAN4=2500 FAN5=2700 FAN6=2500 FAN7=2600 ",duty 62%
2026-09-29 14:42:01,0,63,74,66.30,Not Active,Not Active,"FAN1=3900 FAN2=1000 FAN4=2900 FAN5=3100 FAN6=2800 FAN7=3000 ",duty 62%
2026-09-29 14:42:01,1,64,73,74.17,Not Active,Not Active,"FAN1=3900 FAN2=1000 FAN4=2900 FAN5=3100 FAN6=2800 FAN7=3000 ",duty 62%
2026-09-29 14:42:01,2,62,68,64.98,Not Active,Not Active,"FAN1=3900 FAN2=1000 FAN4=2900 FAN5=3100 FAN6=2800 FAN7=3000 ",duty 62%
2026-09-29 14:42:01,3,46,57,37.37,Not Active,Not Active,"FAN1=3900 FAN2=1000 FAN4=2900 FAN5=3100 FAN6=2800 FAN7=3000 ",duty 62%
2026-09-29 14:42:09,0,64,75,69.68,Not Active,Not Active,"FAN1=3400 FAN2=1000 FAN4=2500 FAN5=2700 FAN6=2500 FAN7=2600 ",duty 55%
2026-09-29 14:42:09,1,65,77,104.68,Not Active,Not Active,"FAN1=3400 FAN2=1000 FAN4=2500 FAN5=2700 FAN6=2500 FAN7=2600 ",duty 55%
2026-09-29 14:42:09,2,62,70,92.08,Not Active,Not Active,"FAN1=3400 FAN2=1000 FAN4=2500 FAN5=2700 FAN6=2500 FAN7=2600 ",duty 55%
2026-09-29 14:42:09,3,46,57,37.37,Not Active,Not Active,"FAN1=3400 FAN2=1000 FAN4=2500 FAN5=2700 FAN6=2500 FAN7=2600 ",duty 55%
2026-09-29 14:42:19,0,64,74,51.28,Not Active,Not Active,"FAN1=3900 FAN2=1100 FAN4=2900 FAN5=3100 FAN6=2800 FAN7=3000 ",duty 62%
2026-09-29 14:42:19,1,65,76,147.47,Not Active,Not Active,"FAN1=3900 FAN2=1100 FAN4=2900 FAN5=3100 FAN6=2800 FAN7=3000 ",duty 62%
2026-09-29 14:42:19,2,62,71,117.34,Not Active,Not Active,"FAN1=3900 FAN2=1100 FAN4=2900 FAN5=3100 FAN6=2800 FAN7=3000 ",duty 62%
2026-09-29 14:42:19,3,46,57,37.48,Not Active,Not Active,"FAN1=3900 FAN2=1100 FAN4=2900 FAN5=3100 FAN6=2800 FAN7=3000 ",duty 62%
2026-09-29 14:42:27,0,63,73,71.67,Not Active,Not Active,"FAN1=3200 FAN2=1100 FAN4=2900 FAN5=3100 FAN6=2800 FAN7=3000 ",duty 53%
2026-09-29 14:42:27,1,64,74,83.55,Not Active,Not Active,"FAN1=3200 FAN2=1100 FAN4=2900 FAN5=3100 FAN6=2800 FAN7=3000 ",duty 53%
2026-09-29 14:42:27,2,62,69,92.82,Not Active,Not Active,"FAN1=3200 FAN2=1100 FAN4=2900 FAN5=3100 FAN6=2800 FAN7=3000 ",duty 53%
2026-09-29 14:42:27,3,46,58,37.31,Not Active,Not Active,"FAN1=3200 FAN2=1100 FAN4=2900 FAN5=3100 FAN6=2800 FAN7=3000 ",duty 53%
2026-09-29 14:42:38,0,63,73,52.03,Not Active,Not Active,"FAN1=3200 FAN2=1000 FAN4=2400 FAN5=2600 FAN6=2400 FAN7=2500 ",duty 53%
2026-09-29 14:42:38,1,65,76,90.46,Not Active,Not Active,"FAN1=3200 FAN2=1000 FAN4=2400 FAN5=2600 FAN6=2400 FAN7=2500 ",duty 53%
2026-09-29 14:42:38,2,62,70,114.90,Not Active,Not Active,"FAN1=3200 FAN2=1000 FAN4=2400 FAN5=2600 FAN6=2400 FAN7=2500 ",duty 53%
2026-09-29 14:42:38,3,46,58,37.31,Not Active,Not Active,"FAN1=3200 FAN2=1000 FAN4=2400 FAN5=2600 FAN6=2400 FAN7=2500 ",duty 53%
2026-09-29 14:42:47,0,63,73,66.86,Not Active,Not Active,"FAN1=3200 FAN2=700 FAN4=2400 FAN5=2600 FAN6=2400 FAN7=2500 ",duty 53%
2026-09-29 14:42:47,1,65,74,102.03,Not Active,Not Active,"FAN1=3200 FAN2=700 FAN4=2400 FAN5=2600 FAN6=2400 FAN7=2500 ",duty 53%
2026-09-29 14:42:47,2,61,67,60.78,Not Active,Not Active,"FAN1=3200 FAN2=700 FAN4=2400 FAN5=2600 FAN6=2400 FAN7=2500 ",duty 53%
2026-09-29 14:42:47,3,46,57,37.25,Not Active,Not Active,"FAN1=3200 FAN2=700 FAN4=2400 FAN5=2600 FAN6=2400 FAN7=2500 ",duty 53%
2026-09-29 14:42:55,0,63,74,62.53,Not Active,Not Active,"FAN1=3900 FAN2=1000 FAN4=2900 FAN5=3100 FAN6=2800 FAN7=3000 ",duty 62%
2026-09-29 14:42:55,1,64,75,145.02,Not Active,Not Active,"FAN1=3900 FAN2=1000 FAN4=2900 FAN5=3100 FAN6=2800 FAN7=3000 ",duty 62%
2026-09-29 14:42:55,2,62,70,76.83,Not Active,Not Active,"FAN1=3900 FAN2=1000 FAN4=2900 FAN5=3100 FAN6=2800 FAN7=3000 ",duty 62%
2026-09-29 14:42:55,3,46,57,37.38,Not Active,Not Active,"FAN1=3900 FAN2=1000 FAN4=2900 FAN5=3100 FAN6=2800 FAN7=3000 ",duty 62%
2026-09-29 14:43:06,0,61,72,45.16,Not Active,Not Active,"FAN1=3400 FAN2=1000 FAN4=2500 FAN5=2700 FAN6=2500 FAN7=2600 ",duty 55%
2026-09-29 14:43:06,1,63,72,57.79,Not Active,Not Active,"FAN1=3400 FAN2=1000 FAN4=2500 FAN5=2700 FAN6=2500 FAN7=2600 ",duty 55%
2026-09-29 14:43:06,2,60,66,45.88,Not Active,Not Active,"FAN1=3400 FAN2=1000 FAN4=2500 FAN5=2700 FAN6=2500 FAN7=2600 ",duty 55%
2026-09-29 14:43:06,3,46,57,37.35,Not Active,Not Active,"FAN1=3400 FAN2=1000 FAN4=2500 FAN5=2700 FAN6=2500 FAN7=2600 ",duty 55%
2026-09-29 14:43:14,0,64,74,96.31,Not Active,Not Active,"FAN1=2900 FAN2=1000 FAN4=2100 FAN5=2400 FAN6=2200 FAN7=2300 ",duty 53%
2026-09-29 14:43:14,1,65,74,104.49,Not Active,Not Active,"FAN1=2900 FAN2=1000 FAN4=2100 FAN5=2400 FAN6=2200 FAN7=2300 ",duty 53%
2026-09-29 14:43:14,2,62,68,106.22,Not Active,Not Active,"FAN1=2900 FAN2=1000 FAN4=2100 FAN5=2400 FAN6=2200 FAN7=2300 ",duty 53%
2026-09-29 14:43:14,3,46,57,37.38,Not Active,Not Active,"FAN1=2900 FAN2=1000 FAN4=2100 FAN5=2400 FAN6=2200 FAN7=2300 ",duty 53%
2026-09-29 14:43:24,0,63,72,194.21,Not Active,Not Active,"FAN1=3200 FAN2=1000 FAN4=2400 FAN5=2600 FAN6=2400 FAN7=2500 ",duty 53%
2026-09-29 14:43:24,1,65,74,128.68,Not Active,Not Active,"FAN1=3200 FAN2=1000 FAN4=2400 FAN5=2600 FAN6=2400 FAN7=2500 ",duty 53%
2026-09-29 14:43:24,2,62,68,112.66,Not Active,Not Active,"FAN1=3200 FAN2=1000 FAN4=2400 FAN5=2600 FAN6=2400 FAN7=2500 ",duty 53%
2026-09-29 14:43:24,3,46,57,37.53,Not Active,Not Active,"FAN1=3200 FAN2=1000 FAN4=2400 FAN5=2600 FAN6=2400 FAN7=2500 ",duty 53%
2026-09-29 14:43:32,0,65,74,75.24,Not Active,Not Active,"FAN1=3200 FAN2=1000 FAN4=2400 FAN5=2600 FAN6=2400 FAN7=2500 ",duty 53%
2026-09-29 14:43:32,1,65,75,81.06,Not Active,Not Active,"FAN1=3200 FAN2=1000 FAN4=2400 FAN5=2600 FAN6=2400 FAN7=2500 ",duty 53%
2026-09-29 14:43:32,2,63,69,116.99,Not Active,Not Active,"FAN1=3200 FAN2=1000 FAN4=2400 FAN5=2600 FAN6=2400 FAN7=2500 ",duty 53%
2026-09-29 14:43:32,3,46,57,37.25,Not Active,Not Active,"FAN1=3200 FAN2=1000 FAN4=2400 FAN5=2600 FAN6=2400 FAN7=2500 ",duty 53%
2026-09-29 14:43:42,0,65,73,103.38,Not Active,Not Active,"FAN1=3200 FAN2=1000 FAN4=2400 FAN5=2600 FAN6=2400 FAN7=2500 ",duty 53%
2026-09-29 14:43:42,1,66,75,107.06,Not Active,Not Active,"FAN1=3200 FAN2=1000 FAN4=2400 FAN5=2600 FAN6=2400 FAN7=2500 ",duty 53%
2026-09-29 14:43:42,2,63,69,77.47,Not Active,Not Active,"FAN1=3200 FAN2=1000 FAN4=2400 FAN5=2600 FAN6=2400 FAN7=2500 ",duty 53%
2026-09-29 14:43:42,3,46,58,37.39,Not Active,Not Active,"FAN1=3200 FAN2=1000 FAN4=2400 FAN5=2600 FAN6=2400 FAN7=2500 ",duty 53%
2026-09-29 14:43:50,0,67,73,71.86,Not Active,Not Active,"FAN1=3200 FAN2=1000 FAN4=2400 FAN5=2600 FAN6=2400 FAN7=2500 ",duty 53%
2026-09-29 14:43:50,1,67,75,62.24,Not Active,Not Active,"FAN1=3200 FAN2=1000 FAN4=2400 FAN5=2600 FAN6=2400 FAN7=2500 ",duty 53%
2026-09-29 14:43:50,2,63,68,85.89,Not Active,Not Active,"FAN1=3200 FAN2=1000 FAN4=2400 FAN5=2600 FAN6=2400 FAN7=2500 ",duty 53%
2026-09-29 14:43:50,3,46,58,37.33,Not Active,Not Active,"FAN1=3200 FAN2=1000 FAN4=2400 FAN5=2600 FAN6=2400 FAN7=2500 ",duty 53%
2026-09-29 14:44:01,0,66,73,109.69,Not Active,Not Active,"FAN1=3200 FAN2=600 FAN4=2400 FAN5=2600 FAN6=2400 FAN7=2500 ",duty 53%
2026-09-29 14:44:01,1,66,74,105.98,Not Active,Not Active,"FAN1=3200 FAN2=600 FAN4=2400 FAN5=2600 FAN6=2400 FAN7=2500 ",duty 53%
2026-09-29 14:44:01,2,64,69,119.61,Not Active,Not Active,"FAN1=3200 FAN2=600 FAN4=2400 FAN5=2600 FAN6=2400 FAN7=2500 ",duty 53%
2026-09-29 14:44:01,3,46,57,37.40,Not Active,Not Active,"FAN1=3200 FAN2=600 FAN4=2400 FAN5=2600 FAN6=2400 FAN7=2500 ",duty 53%
2026-09-29 14:44:11,0,64,73,72.63,Not Active,Not Active,"FAN1=3200 FAN2=900 FAN4=2400 FAN5=2600 FAN6=2400 FAN7=2500 ",duty 53%
2026-09-29 14:44:11,1,66,74,101.51,Not Active,Not Active,"FAN1=3200 FAN2=900 FAN4=2400 FAN5=2600 FAN6=2400 FAN7=2500 ",duty 53%
2026-09-29 14:44:11,2,63,68,74.66,Not Active,Not Active,"FAN1=3200 FAN2=900 FAN4=2400 FAN5=2600 FAN6=2400 FAN7=2500 ",duty 53%
2026-09-29 14:44:11,3,46,57,37.44,Not Active,Not Active,"FAN1=3200 FAN2=900 FAN4=2400 FAN5=2600 FAN6=2400 FAN7=2500 ",duty 53%
2026-09-29 14:44:19,0,66,74,91.22,Not Active,Not Active,"FAN1=3900 FAN2=1000 FAN4=2900 FAN5=3100 FAN6=2800 FAN7=3000 ",duty 62%
2026-09-29 14:44:19,1,66,76,96.04,Not Active,Not Active,"FAN1=3900 FAN2=1000 FAN4=2900 FAN5=3100 FAN6=2800 FAN7=3000 ",duty 62%
2026-09-29 14:44:19,2,64,69,90.25,Not Active,Not Active,"FAN1=3900 FAN2=1000 FAN4=2900 FAN5=3100 FAN6=2800 FAN7=3000 ",duty 62%
2026-09-29 14:44:19,3,46,58,37.39,Not Active,Not Active,"FAN1=3900 FAN2=1000 FAN4=2900 FAN5=3100 FAN6=2800 FAN7=3000 ",duty 62%
2026-09-29 14:44:27,0,65,75,103.82,Not Active,Not Active,"FAN1=3900 FAN2=1100 FAN4=2900 FAN5=3100 FAN6=2800 FAN7=3000 ",duty 55%
2026-09-29 14:44:27,1,66,75,88.96,Not Active,Not Active,"FAN1=3900 FAN2=1100 FAN4=2900 FAN5=3100 FAN6=2800 FAN7=3000 ",duty 55%
2026-09-29 14:44:27,2,64,68,100.95,Not Active,Not Active,"FAN1=3900 FAN2=1100 FAN4=2900 FAN5=3100 FAN6=2800 FAN7=3000 ",duty 55%
2026-09-29 14:44:27,3,46,57,37.38,Not Active,Not Active,"FAN1=3900 FAN2=1100 FAN4=2900 FAN5=3100 FAN6=2800 FAN7=3000 ",duty 55%
2026-09-29 14:44:37,0,65,73,102.08,Not Active,Not Active,"FAN1=3400 FAN2=1000 FAN4=2500 FAN5=2700 FAN6=2500 FAN7=2600 ",duty 55%
2026-09-29 14:44:37,1,66,75,103.91,Not Active,Not Active,"FAN1=3400 FAN2=1000 FAN4=2500 FAN5=2700 FAN6=2500 FAN7=2600 ",duty 55%
2026-09-29 14:44:37,2,63,69,111.54,Not Active,Not Active,"FAN1=3400 FAN2=1000 FAN4=2500 FAN5=2700 FAN6=2500 FAN7=2600 ",duty 55%
2026-09-29 14:44:37,3,46,57,37.57,Not Active,Not Active,"FAN1=3400 FAN2=1000 FAN4=2500 FAN5=2700 FAN6=2500 FAN7=2600 ",duty 55%
2026-09-29 14:44:45,0,65,73,75.81,Not Active,Not Active,"FAN1=3400 FAN2=700 FAN4=2500 FAN5=2700 FAN6=2500 FAN7=2600 ",duty 55%
2026-09-29 14:44:45,1,66,74,84.88,Not Active,Not Active,"FAN1=3400 FAN2=700 FAN4=2500 FAN5=2700 FAN6=2500 FAN7=2600 ",duty 55%
2026-09-29 14:44:45,2,62,69,46.38,Not Active,Not Active,"FAN1=3400 FAN2=700 FAN4=2500 FAN5=2700 FAN6=2500 FAN7=2600 ",duty 55%
2026-09-29 14:44:45,3,46,58,37.37,Not Active,Not Active,"FAN1=3400 FAN2=700 FAN4=2500 FAN5=2700 FAN6=2500 FAN7=2600 ",duty 55%
2026-09-29 14:44:56,0,66,74,122.07,Not Active,Not Active,"FAN1=3400 FAN2=1000 FAN4=2500 FAN5=2700 FAN6=2500 FAN7=2600 ",duty 55%
2026-09-29 14:44:56,1,66,75,114.17,Not Active,Not Active,"FAN1=3400 FAN2=1000 FAN4=2500 FAN5=2700 FAN6=2500 FAN7=2600 ",duty 55%
2026-09-29 14:44:56,2,64,69,94.10,Not Active,Not Active,"FAN1=3400 FAN2=1000 FAN4=2500 FAN5=2700 FAN6=2500 FAN7=2600 ",duty 55%
2026-09-29 14:44:56,3,46,57,37.53,Not Active,Not Active,"FAN1=3400 FAN2=1000 FAN4=2500 FAN5=2700 FAN6=2500 FAN7=2600 ",duty 55%
2026-09-29 14:45:04,0,64,74,74.27,Not Active,Not Active,"FAN1=3400 FAN2=1000 FAN4=2500 FAN5=2700 FAN6=2500 FAN7=2600 ",duty 55%
2026-09-29 14:45:04,1,65,75,59.66,Not Active,Not Active,"FAN1=3400 FAN2=1000 FAN4=2500 FAN5=2700 FAN6=2500 FAN7=2600 ",duty 55%
2026-09-29 14:45:04,2,64,69,138.45,Not Active,Not Active,"FAN1=3400 FAN2=1000 FAN4=2500 FAN5=2700 FAN6=2500 FAN7=2600 ",duty 55%
2026-09-29 14:45:04,3,46,57,37.35,Not Active,Not Active,"FAN1=3400 FAN2=1000 FAN4=2500 FAN5=2700 FAN6=2500 FAN7=2600 ",duty 55%
2026-09-29 14:45:13,0,64,73,63.74,Not Active,Not Active,"FAN1=3400 FAN2=1000 FAN4=2500 FAN5=2700 FAN6=2500 FAN7=2600 ",duty 55%
2026-09-29 14:45:13,1,66,74,92.73,Not Active,Not Active,"FAN1=3400 FAN2=1000 FAN4=2500 FAN5=2700 FAN6=2500 FAN7=2600 ",duty 55%
2026-09-29 14:45:13,2,62,68,68.18,Not Active,Not Active,"FAN1=3400 FAN2=1000 FAN4=2500 FAN5=2700 FAN6=2500 FAN7=2600 ",duty 55%
2026-09-29 14:45:13,3,46,57,37.36,Not Active,Not Active,"FAN1=3400 FAN2=1000 FAN4=2500 FAN5=2700 FAN6=2500 FAN7=2600 ",duty 55%
2026-09-29 14:45:23,0,64,72,74.39,Not Active,Not Active,"FAN1=3400 FAN2=1000 FAN4=2500 FAN5=2700 FAN6=2500 FAN7=2600 ",duty 55%
2026-09-29 14:45:23,1,66,75,101.44,Not Active,Not Active,"FAN1=3400 FAN2=1000 FAN4=2500 FAN5=2700 FAN6=2500 FAN7=2600 ",duty 55%
2026-09-29 14:45:23,2,62,67,67.60,Not Active,Not Active,"FAN1=3400 FAN2=1000 FAN4=2500 FAN5=2700 FAN6=2500 FAN7=2600 ",duty 55%
2026-09-29 14:45:23,3,46,57,37.32,Not Active,Not Active,"FAN1=3400 FAN2=1000 FAN4=2500 FAN5=2700 FAN6=2500 FAN7=2600 ",duty 55%
2026-09-29 14:45:31,0,63,73,73.77,Not Active,Not Active,"FAN1=3400 FAN2=1000 FAN4=2500 FAN5=2700 FAN6=2500 FAN7=2600 ",duty 62%
2026-09-29 14:45:31,1,65,75,58.27,Not Active,Not Active,"FAN1=3400 FAN2=1000 FAN4=2500 FAN5=2700 FAN6=2500 FAN7=2600 ",duty 62%
2026-09-29 14:45:31,2,62,68,98.31,Not Active,Not Active,"FAN1=3400 FAN2=1000 FAN4=2500 FAN5=2700 FAN6=2500 FAN7=2600 ",duty 62%
2026-09-29 14:45:31,3,46,57,37.19,Not Active,Not Active,"FAN1=3400 FAN2=1000 FAN4=2500 FAN5=2700 FAN6=2500 FAN7=2600 ",duty 62%
2026-09-29 14:45:40,0,64,76,67.47,Not Active,Not Active,"FAN1=3400 FAN2=1000 FAN4=2500 FAN5=2700 FAN6=2500 FAN7=2700 ",duty 55%
2026-09-29 14:45:40,1,65,77,111.05,Not Active,Not Active,"FAN1=3400 FAN2=1000 FAN4=2500 FAN5=2700 FAN6=2500 FAN7=2700 ",duty 55%
2026-09-29 14:45:40,2,62,70,110.39,Not Active,Not Active,"FAN1=3400 FAN2=1000 FAN4=2500 FAN5=2700 FAN6=2500 FAN7=2700 ",duty 55%
2026-09-29 14:45:40,3,46,57,37.17,Not Active,Not Active,"FAN1=3400 FAN2=1000 FAN4=2500 FAN5=2700 FAN6=2500 FAN7=2700 ",duty 55%
2026-09-29 14:45:52,0,64,73,114.06,Not Active,Not Active,"FAN1=3500 FAN2=700 FAN4=2500 FAN5=2700 FAN6=2500 FAN7=2700 ",duty 55%
2026-09-29 14:45:52,1,65,75,73.35,Not Active,Not Active,"FAN1=3500 FAN2=700 FAN4=2500 FAN5=2700 FAN6=2500 FAN7=2700 ",duty 55%
2026-09-29 14:45:52,2,62,69,68.62,Not Active,Not Active,"FAN1=3500 FAN2=700 FAN4=2500 FAN5=2700 FAN6=2500 FAN7=2700 ",duty 55%
2026-09-29 14:45:52,3,46,57,37.27,Not Active,Not Active,"FAN1=3500 FAN2=700 FAN4=2500 FAN5=2700 FAN6=2500 FAN7=2700 ",duty 55%
2026-09-29 14:46:02,0,64,75,61.36,Not Active,Not Active,"FAN1=3100 FAN2=1000 FAN4=2200 FAN5=2500 FAN6=2300 FAN7=2400 ",duty 51%
2026-09-29 14:46:02,1,64,76,123.09,Not Active,Not Active,"FAN1=3100 FAN2=1000 FAN4=2200 FAN5=2500 FAN6=2300 FAN7=2400 ",duty 51%
2026-09-29 14:46:02,2,62,69,137.76,Not Active,Not Active,"FAN1=3100 FAN2=1000 FAN4=2200 FAN5=2500 FAN6=2300 FAN7=2400 ",duty 51%
2026-09-29 14:46:02,3,46,57,37.49,Not Active,Not Active,"FAN1=3100 FAN2=1000 FAN4=2200 FAN5=2500 FAN6=2300 FAN7=2400 ",duty 51%
2026-09-29 14:46:11,0,61,71,45.15,Not Active,Not Active,"FAN1=3400 FAN2=1000 FAN4=2500 FAN5=2700 FAN6=2500 FAN7=2600 ",duty 55%
2026-09-29 14:46:11,1,63,73,57.87,Not Active,Not Active,"FAN1=3400 FAN2=1000 FAN4=2500 FAN5=2700 FAN6=2500 FAN7=2600 ",duty 55%
2026-09-29 14:46:11,2,60,67,46.77,Not Active,Not Active,"FAN1=3400 FAN2=1000 FAN4=2500 FAN5=2700 FAN6=2500 FAN7=2600 ",duty 55%
2026-09-29 14:46:11,3,46,57,37.34,Not Active,Not Active,"FAN1=3400 FAN2=1000 FAN4=2500 FAN5=2700 FAN6=2500 FAN7=2600 ",duty 55%
2026-09-29 14:46:21,0,59,70,45.26,Not Active,Not Active,"FAN1=2900 FAN2=1000 FAN4=2100 FAN5=2400 FAN6=2200 FAN7=2300 ",duty 49%
2026-09-29 14:46:21,1,62,72,57.29,Not Active,Not Active,"FAN1=2900 FAN2=1000 FAN4=2100 FAN5=2400 FAN6=2200 FAN7=2300 ",duty 49%
2026-09-29 14:46:21,2,59,66,45.50,Not Active,Not Active,"FAN1=2900 FAN2=1000 FAN4=2100 FAN5=2400 FAN6=2200 FAN7=2300 ",duty 49%
2026-09-29 14:46:21,3,46,57,37.34,Not Active,Not Active,"FAN1=2900 FAN2=1000 FAN4=2100 FAN5=2400 FAN6=2200 FAN7=2300 ",duty 49%
2026-09-29 14:46:32,0,63,73,72.99,Not Active,Not Active,"FAN1=2900 FAN2=1000 FAN4=2100 FAN5=2400 FAN6=2200 FAN7=2300 ",duty 49%
2026-09-29 14:46:32,1,64,73,106.98,Not Active,Not Active,"FAN1=2900 FAN2=1000 FAN4=2100 FAN5=2400 FAN6=2200 FAN7=2300 ",duty 49%
2026-09-29 14:46:32,2,62,68,115.34,Not Active,Not Active,"FAN1=2900 FAN2=1000 FAN4=2100 FAN5=2400 FAN6=2200 FAN7=2300 ",duty 49%
2026-09-29 14:46:32,3,46,58,37.28,Not Active,Not Active,"FAN1=2900 FAN2=1000 FAN4=2100 FAN5=2400 FAN6=2200 FAN7=2300 ",duty 49%
2026-09-29 14:46:41,0,64,73,82.91,Not Active,Not Active,"FAN1=3200 FAN2=1000 FAN4=2300 FAN5=2600 FAN6=2400 FAN7=2500 ",duty 53%
2026-09-29 14:46:41,1,65,75,116.70,Not Active,Not Active,"FAN1=3200 FAN2=1000 FAN4=2300 FAN5=2600 FAN6=2400 FAN7=2500 ",duty 53%
2026-09-29 14:46:41,2,62,68,105.00,Not Active,Not Active,"FAN1=3200 FAN2=1000 FAN4=2300 FAN5=2600 FAN6=2400 FAN7=2500 ",duty 53%
2026-09-29 14:46:41,3,46,57,37.62,Not Active,Not Active,"FAN1=3200 FAN2=1000 FAN4=2300 FAN5=2600 FAN6=2400 FAN7=2500 ",duty 53%
2026-09-29 14:46:52,0,65,73,83.51,Not Active,Not Active,"FAN1=3200 FAN2=1000 FAN4=2400 FAN5=2600 FAN6=2400 FAN7=2500 ",duty 53%
2026-09-29 14:46:52,1,66,74,91.84,Not Active,Not Active,"FAN1=3200 FAN2=1000 FAN4=2400 FAN5=2600 FAN6=2400 FAN7=2500 ",duty 53%
2026-09-29 14:46:52,2,63,68,107.97,Not Active,Not Active,"FAN1=3200 FAN2=1000 FAN4=2400 FAN5=2600 FAN6=2400 FAN7=2500 ",duty 53%
2026-09-29 14:46:52,3,46,57,37.43,Not Active,Not Active,"FAN1=3200 FAN2=1000 FAN4=2400 FAN5=2600 FAN6=2400 FAN7=2500 ",duty 53%
2026-09-29 14:47:01,0,65,73,98.39,Not Active,Not Active,"FAN1=3200 FAN2=1000 FAN4=2400 FAN5=2600 FAN6=2400 FAN7=2500 ",duty 53%
2026-09-29 14:47:01,1,65,74,103.14,Not Active,Not Active,"FAN1=3200 FAN2=1000 FAN4=2400 FAN5=2600 FAN6=2400 FAN7=2500 ",duty 53%
2026-09-29 14:47:01,2,63,69,109.84,Not Active,Not Active,"FAN1=3200 FAN2=1000 FAN4=2400 FAN5=2600 FAN6=2400 FAN7=2500 ",duty 53%
2026-09-29 14:47:01,3,46,57,37.66,Not Active,Not Active,"FAN1=3200 FAN2=1000 FAN4=2400 FAN5=2600 FAN6=2400 FAN7=2500 ",duty 53%
2026-09-29 14:47:10,0,65,74,108.38,Not Active,Not Active,"FAN1=3200 FAN2=1000 FAN4=2400 FAN5=2600 FAN6=2400 FAN7=2500 ",duty 53%
2026-09-29 14:47:10,1,66,75,106.92,Not Active,Not Active,"FAN1=3200 FAN2=1000 FAN4=2400 FAN5=2600 FAN6=2400 FAN7=2500 ",duty 53%
2026-09-29 14:47:10,2,62,68,67.64,Not Active,Not Active,"FAN1=3200 FAN2=1000 FAN4=2400 FAN5=2600 FAN6=2400 FAN7=2500 ",duty 53%
2026-09-29 14:47:10,3,46,57,37.52,Not Active,Not Active,"FAN1=3200 FAN2=1000 FAN4=2400 FAN5=2600 FAN6=2400 FAN7=2500 ",duty 53%
2026-09-29 14:47:18,0,64,73,70.61,Not Active,Not Active,"FAN1=3200 FAN2=1000 FAN4=2400 FAN5=2600 FAN6=2400 FAN7=2500 ",duty 53%
2026-09-29 14:47:18,1,66,74,63.06,Not Active,Not Active,"FAN1=3200 FAN2=1000 FAN4=2400 FAN5=2600 FAN6=2400 FAN7=2500 ",duty 53%
2026-09-29 14:47:18,2,62,68,78.49,Not Active,Not Active,"FAN1=3200 FAN2=1000 FAN4=2400 FAN5=2600 FAN6=2400 FAN7=2500 ",duty 53%
2026-09-29 14:47:18,3,46,57,37.54,Not Active,Not Active,"FAN1=3200 FAN2=1000 FAN4=2400 FAN5=2600 FAN6=2400 FAN7=2500 ",duty 53%
2026-09-29 14:47:26,0,66,73,107.49,Not Active,Not Active,"FAN1=3200 FAN2=1000 FAN4=2400 FAN5=2600 FAN6=2400 FAN7=2500 ",duty 53%
2026-09-29 14:47:26,1,66,74,107.30,Not Active,Not Active,"FAN1=3200 FAN2=1000 FAN4=2400 FAN5=2600 FAN6=2400 FAN7=2500 ",duty 53%
2026-09-29 14:47:26,2,62,69,107.55,Not Active,Not Active,"FAN1=3200 FAN2=1000 FAN4=2400 FAN5=2600 FAN6=2400 FAN7=2500 ",duty 53%
2026-09-29 14:47:26,3,46,57,37.54,Not Active,Not Active,"FAN1=3200 FAN2=1000 FAN4=2400 FAN5=2600 FAN6=2400 FAN7=2500 ",duty 53%
2026-09-29 14:47:36,0,66,73,105.39,Not Active,Not Active,"FAN1=3200 FAN2=1100 FAN4=2400 FAN5=2600 FAN6=2400 FAN7=2500 ",duty 53%
2026-09-29 14:47:36,1,66,76,107.25,Not Active,Not Active,"FAN1=3200 FAN2=1100 FAN4=2400 FAN5=2600 FAN6=2400 FAN7=2500 ",duty 53%
2026-09-29 14:47:36,2,63,69,101.62,Not Active,Not Active,"FAN1=3200 FAN2=1100 FAN4=2400 FAN5=2600 FAN6=2400 FAN7=2500 ",duty 53%
2026-09-29 14:47:36,3,46,57,37.51,Not Active,Not Active,"FAN1=3200 FAN2=1100 FAN4=2400 FAN5=2600 FAN6=2400 FAN7=2500 ",duty 53%
2026-09-29 14:47:44,0,66,74,102.15,Not Active,Not Active,"FAN1=3200 FAN2=1100 FAN4=2400 FAN5=2600 FAN6=2400 FAN7=2500 ",duty 53%
2026-09-29 14:47:44,1,67,76,84.96,Not Active,Not Active,"FAN1=3200 FAN2=1100 FAN4=2400 FAN5=2600 FAN6=2400 FAN7=2500 ",duty 53%
2026-09-29 14:47:44,2,64,69,106.94,Not Active,Not Active,"FAN1=3200 FAN2=1100 FAN4=2400 FAN5=2600 FAN6=2400 FAN7=2500 ",duty 53%
2026-09-29 14:47:44,3,46,57,37.60,Not Active,Not Active,"FAN1=3200 FAN2=1100 FAN4=2400 FAN5=2600 FAN6=2400 FAN7=2500 ",duty 53%
2026-09-29 14:47:52,0,66,74,109.75,Not Active,Not Active,"FAN1=3200 FAN2=1000 FAN4=2400 FAN5=2600 FAN6=2400 FAN7=2500 ",duty 53%
2026-09-29 14:47:52,1,67,75,87.51,Not Active,Not Active,"FAN1=3200 FAN2=1000 FAN4=2400 FAN5=2600 FAN6=2400 FAN7=2500 ",duty 53%
2026-09-29 14:47:52,2,64,69,93.53,Not Active,Not Active,"FAN1=3200 FAN2=1000 FAN4=2400 FAN5=2600 FAN6=2400 FAN7=2500 ",duty 53%
2026-09-29 14:47:52,3,46,57,37.58,Not Active,Not Active,"FAN1=3200 FAN2=1000 FAN4=2400 FAN5=2600 FAN6=2400 FAN7=2500 ",duty 53%
2026-09-29 14:48:02,0,66,74,87.75,Not Active,Not Active,"FAN1=3200 FAN2=1000 FAN4=2400 FAN5=2700 FAN6=2600 FAN7=2900 ",duty 62%
2026-09-29 14:48:02,1,67,76,93.78,Not Active,Not Active,"FAN1=3200 FAN2=1000 FAN4=2400 FAN5=2700 FAN6=2600 FAN7=2900 ",duty 62%
2026-09-29 14:48:02,2,64,70,105.68,Not Active,Not Active,"FAN1=3200 FAN2=1000 FAN4=2400 FAN5=2700 FAN6=2600 FAN7=2900 ",duty 62%
2026-09-29 14:48:02,3,46,57,37.56,Not Active,Not Active,"FAN1=3200 FAN2=1000 FAN4=2400 FAN5=2700 FAN6=2600 FAN7=2900 ",duty 62%
2026-09-29 14:48:10,0,66,74,102.88,Not Active,Not Active,"FAN1=3400 FAN2=1000 FAN4=2500 FAN5=2700 FAN6=2500 FAN7=2600 ",duty 55%
2026-09-29 14:48:10,1,66,76,115.69,Not Active,Not Active,"FAN1=3400 FAN2=1000 FAN4=2500 FAN5=2700 FAN6=2500 FAN7=2600 ",duty 55%
2026-09-29 14:48:10,2,64,69,107.73,Not Active,Not Active,"FAN1=3400 FAN2=1000 FAN4=2500 FAN5=2700 FAN6=2500 FAN7=2600 ",duty 55%
2026-09-29 14:48:10,3,46,57,37.55,Not Active,Not Active,"FAN1=3400 FAN2=1000 FAN4=2500 FAN5=2700 FAN6=2500 FAN7=2600 ",duty 55%
2026-09-29 14:48:20,0,65,74,49.03,Not Active,Not Active,"FAN1=3400 FAN2=1100 FAN4=2500 FAN5=2700 FAN6=2500 FAN7=2600 ",duty 62%
2026-09-29 14:48:20,1,66,76,107.78,Not Active,Not Active,"FAN1=3400 FAN2=1100 FAN4=2500 FAN5=2700 FAN6=2500 FAN7=2600 ",duty 62%
2026-09-29 14:48:20,2,62,69,56.10,Not Active,Not Active,"FAN1=3400 FAN2=1100 FAN4=2500 FAN5=2700 FAN6=2500 FAN7=2600 ",duty 62%
2026-09-29 14:48:20,3,46,57,37.47,Not Active,Not Active,"FAN1=3400 FAN2=1100 FAN4=2500 FAN5=2700 FAN6=2500 FAN7=2600 ",duty 62%
2026-09-29 14:48:28,0,66,74,101.45,Not Active,Not Active,"FAN1=3400 FAN2=1100 FAN4=2500 FAN5=2700 FAN6=2500 FAN7=2600 ",duty 55%
2026-09-29 14:48:28,1,66,75,91.37,Not Active,Not Active,"FAN1=3400 FAN2=1100 FAN4=2500 FAN5=2700 FAN6=2500 FAN7=2600 ",duty 55%
2026-09-29 14:48:28,2,63,69,90.70,Not Active,Not Active,"FAN1=3400 FAN2=1100 FAN4=2500 FAN5=2700 FAN6=2500 FAN7=2600 ",duty 55%
2026-09-29 14:48:28,3,46,57,37.49,Not Active,Not Active,"FAN1=3400 FAN2=1100 FAN4=2500 FAN5=2700 FAN6=2500 FAN7=2600 ",duty 55%
2026-09-29 14:48:36,0,66,74,111.53,Not Active,Not Active,"FAN1=3400 FAN2=1000 FAN4=2500 FAN5=2700 FAN6=2500 FAN7=2600 ",duty 55%
2026-09-29 14:48:36,1,66,74,91.30,Not Active,Not Active,"FAN1=3400 FAN2=1000 FAN4=2500 FAN5=2700 FAN6=2500 FAN7=2600 ",duty 55%
2026-09-29 14:48:36,2,64,69,97.93,Not Active,Not Active,"FAN1=3400 FAN2=1000 FAN4=2500 FAN5=2700 FAN6=2500 FAN7=2600 ",duty 55%
2026-09-29 14:48:36,3,46,57,37.45,Not Active,Not Active,"FAN1=3400 FAN2=1000 FAN4=2500 FAN5=2700 FAN6=2500 FAN7=2600 ",duty 55%
2026-09-29 14:48:47,0,66,73,89.74,Not Active,Not Active,"FAN1=3400 FAN2=1000 FAN4=2500 FAN5=2700 FAN6=2500 FAN7=2600 ",duty 55%
2026-09-29 14:48:47,1,66,76,107.44,Not Active,Not Active,"FAN1=3400 FAN2=1000 FAN4=2500 FAN5=2700 FAN6=2500 FAN7=2600 ",duty 55%
2026-09-29 14:48:47,2,64,69,88.88,Not Active,Not Active,"FAN1=3400 FAN2=1000 FAN4=2500 FAN5=2700 FAN6=2500 FAN7=2600 ",duty 55%
2026-09-29 14:48:47,3,46,57,37.37,Not Active,Not Active,"FAN1=3400 FAN2=1000 FAN4=2500 FAN5=2700 FAN6=2500 FAN7=2600 ",duty 55%
2026-09-29 14:48:55,0,64,73,50.86,Not Active,Not Active,"FAN1=3400 FAN2=1000 FAN4=2500 FAN5=2700 FAN6=2500 FAN7=2600 ",duty 55%
2026-09-29 14:48:55,1,66,76,91.82,Not Active,Not Active,"FAN1=3400 FAN2=1000 FAN4=2500 FAN5=2700 FAN6=2500 FAN7=2600 ",duty 55%
2026-09-29 14:48:55,2,63,69,74.90,Not Active,Not Active,"FAN1=3400 FAN2=1000 FAN4=2500 FAN5=2700 FAN6=2500 FAN7=2600 ",duty 55%
2026-09-29 14:48:55,3,46,57,37.55,Not Active,Not Active,"FAN1=3400 FAN2=1000 FAN4=2500 FAN5=2700 FAN6=2500 FAN7=2600 ",duty 55%
2026-09-29 14:49:04,0,66,74,87.02,Not Active,Not Active,"FAN1=3400 FAN2=1000 FAN4=2500 FAN5=2700 FAN6=2500 FAN7=2600 ",duty 55%
2026-09-29 14:49:04,1,66,76,92.33,Not Active,Not Active,"FAN1=3400 FAN2=1000 FAN4=2500 FAN5=2700 FAN6=2500 FAN7=2600 ",duty 55%
2026-09-29 14:49:04,2,64,69,103.54,Not Active,Not Active,"FAN1=3400 FAN2=1000 FAN4=2500 FAN5=2700 FAN6=2500 FAN7=2600 ",duty 55%
2026-09-29 14:49:04,3,46,58,37.47,Not Active,Not Active,"FAN1=3400 FAN2=1000 FAN4=2500 FAN5=2700 FAN6=2500 FAN7=2600 ",duty 55%
2026-09-29 14:49:13,0,65,73,115.22,Not Active,Not Active,"FAN1=3400 FAN2=1000 FAN4=2500 FAN5=2700 FAN6=2500 FAN7=2600 ",duty 55%
2026-09-29 14:49:13,1,66,75,114.95,Not Active,Not Active,"FAN1=3400 FAN2=1000 FAN4=2500 FAN5=2700 FAN6=2500 FAN7=2600 ",duty 55%
2026-09-29 14:49:13,2,63,69,54.98,Not Active,Not Active,"FAN1=3400 FAN2=1000 FAN4=2500 FAN5=2700 FAN6=2500 FAN7=2600 ",duty 55%
2026-09-29 14:49:13,3,46,58,37.49,Not Active,Not Active,"FAN1=3400 FAN2=1000 FAN4=2500 FAN5=2700 FAN6=2500 FAN7=2600 ",duty 55%
2026-09-29 14:49:24,0,66,75,100.56,Not Active,Not Active,"FAN1=3400 FAN2=1000 FAN4=2500 FAN5=2700 FAN6=2500 FAN7=2600 ",duty 55%
2026-09-29 14:49:24,1,67,75,119.99,Not Active,Not Active,"FAN1=3400 FAN2=1000 FAN4=2500 FAN5=2700 FAN6=2500 FAN7=2600 ",duty 55%
2026-09-29 14:49:24,2,64,69,118.33,Not Active,Not Active,"FAN1=3400 FAN2=1000 FAN4=2500 FAN5=2700 FAN6=2500 FAN7=2600 ",duty 55%
2026-09-29 14:49:24,3,46,57,37.34,Not Active,Not Active,"FAN1=3400 FAN2=1000 FAN4=2500 FAN5=2700 FAN6=2500 FAN7=2600 ",duty 55%
2026-09-29 14:49:32,0,66,75,108.62,Not Active,Not Active,"FAN1=3400 FAN2=700 FAN4=2500 FAN5=2900 FAN6=2700 FAN7=2900 ",duty 62%
2026-09-29 14:49:32,1,67,76,108.90,Not Active,Not Active,"FAN1=3400 FAN2=700 FAN4=2500 FAN5=2900 FAN6=2700 FAN7=2900 ",duty 62%
2026-09-29 14:49:32,2,64,69,124.00,Not Active,Not Active,"FAN1=3400 FAN2=700 FAN4=2500 FAN5=2900 FAN6=2700 FAN7=2900 ",duty 62%
2026-09-29 14:49:32,3,46,57,37.34,Not Active,Not Active,"FAN1=3400 FAN2=700 FAN4=2500 FAN5=2900 FAN6=2700 FAN7=2900 ",duty 62%
2026-09-29 14:49:42,0,66,74,95.58,Not Active,Not Active,"FAN1=3400 FAN2=1000 FAN4=2500 FAN5=2700 FAN6=2500 FAN7=2600 ",duty 55%
2026-09-29 14:49:42,1,67,75,119.28,Not Active,Not Active,"FAN1=3400 FAN2=1000 FAN4=2500 FAN5=2700 FAN6=2500 FAN7=2600 ",duty 55%
2026-09-29 14:49:42,2,63,68,46.04,Not Active,Not Active,"FAN1=3400 FAN2=1000 FAN4=2500 FAN5=2700 FAN6=2500 FAN7=2600 ",duty 55%
2026-09-29 14:49:42,3,46,57,37.37,Not Active,Not Active,"FAN1=3400 FAN2=1000 FAN4=2500 FAN5=2700 FAN6=2500 FAN7=2600 ",duty 55%
2026-09-29 14:49:50,0,66,74,96.85,Not Active,Not Active,"FAN1=3400 FAN2=1000 FAN4=2500 FAN5=2700 FAN6=2500 FAN7=2600 ",duty 55%
2026-09-29 14:49:50,1,67,75,122.27,Not Active,Not Active,"FAN1=3400 FAN2=1000 FAN4=2500 FAN5=2700 FAN6=2500 FAN7=2600 ",duty 55%
2026-09-29 14:49:50,2,64,69,117.45,Not Active,Not Active,"FAN1=3400 FAN2=1000 FAN4=2500 FAN5=2700 FAN6=2500 FAN7=2600 ",duty 55%
2026-09-29 14:49:50,3,46,57,37.33,Not Active,Not Active,"FAN1=3400 FAN2=1000 FAN4=2500 FAN5=2700 FAN6=2500 FAN7=2600 ",duty 55%
2026-09-29 14:50:00,0,64,74,72.00,Not Active,Not Active,"FAN1=3900 FAN2=700 FAN4=2900 FAN5=3100 FAN6=2800 FAN7=3000 ",duty 62%
2026-09-29 14:50:00,1,66,76,65.59,Not Active,Not Active,"FAN1=3900 FAN2=700 FAN4=2900 FAN5=3100 FAN6=2800 FAN7=3000 ",duty 62%
2026-09-29 14:50:00,2,63,68,78.67,Not Active,Not Active,"FAN1=3900 FAN2=700 FAN4=2900 FAN5=3100 FAN6=2800 FAN7=3000 ",duty 62%
2026-09-29 14:50:00,3,46,57,37.33,Not Active,Not Active,"FAN1=3900 FAN2=700 FAN4=2900 FAN5=3100 FAN6=2800 FAN7=3000 ",duty 62%
2026-09-29 14:50:09,0,66,73,127.30,Not Active,Not Active,"FAN1=3400 FAN2=1000 FAN4=2500 FAN5=2700 FAN6=2500 FAN7=2600 ",duty 55%
2026-09-29 14:50:09,1,66,75,88.84,Not Active,Not Active,"FAN1=3400 FAN2=1000 FAN4=2500 FAN5=2700 FAN6=2500 FAN7=2600 ",duty 55%
2026-09-29 14:50:09,2,64,68,97.01,Not Active,Not Active,"FAN1=3400 FAN2=1000 FAN4=2500 FAN5=2700 FAN6=2500 FAN7=2600 ",duty 55%
2026-09-29 14:50:09,3,46,58,37.35,Not Active,Not Active,"FAN1=3400 FAN2=1000 FAN4=2500 FAN5=2700 FAN6=2500 FAN7=2600 ",duty 55%
2026-09-29 14:50:19,0,66,73,97.39,Not Active,Not Active,"FAN1=3400 FAN2=700 FAN4=2500 FAN5=2700 FAN6=2500 FAN7=2600 ",duty 55%
2026-09-29 14:50:19,1,66,75,83.51,Not Active,Not Active,"FAN1=3400 FAN2=700 FAN4=2500 FAN5=2700 FAN6=2500 FAN7=2600 ",duty 55%
2026-09-29 14:50:19,2,64,69,85.14,Not Active,Not Active,"FAN1=3400 FAN2=700 FAN4=2500 FAN5=2700 FAN6=2500 FAN7=2600 ",duty 55%
2026-09-29 14:50:19,3,46,57,37.37,Not Active,Not Active,"FAN1=3400 FAN2=700 FAN4=2500 FAN5=2700 FAN6=2500 FAN7=2600 ",duty 55%
2026-09-29 14:50:29,0,66,74,86.04,Not Active,Not Active,"FAN1=3400 FAN2=1000 FAN4=2500 FAN5=2700 FAN6=2500 FAN7=2600 ",duty 55%
2026-09-29 14:50:29,1,66,74,79.25,Not Active,Not Active,"FAN1=3400 FAN2=1000 FAN4=2500 FAN5=2700 FAN6=2500 FAN7=2600 ",duty 55%
2026-09-29 14:50:29,2,64,69,98.52,Not Active,Not Active,"FAN1=3400 FAN2=1000 FAN4=2500 FAN5=2700 FAN6=2500 FAN7=2600 ",duty 55%
2026-09-29 14:50:29,3,46,58,37.38,Not Active,Not Active,"FAN1=3400 FAN2=1000 FAN4=2500 FAN5=2700 FAN6=2500 FAN7=2600 ",duty 55%
2026-09-29 14:50:37,0,66,73,88.87,Not Active,Not Active,"FAN1=3400 FAN2=1000 FAN4=2500 FAN5=2700 FAN6=2500 FAN7=2600 ",duty 55%
2026-09-29 14:50:37,1,67,75,137.43,Not Active,Not Active,"FAN1=3400 FAN2=1000 FAN4=2500 FAN5=2700 FAN6=2500 FAN7=2600 ",duty 55%
2026-09-29 14:50:37,2,64,69,99.35,Not Active,Not Active,"FAN1=3400 FAN2=1000 FAN4=2500 FAN5=2700 FAN6=2500 FAN7=2600 ",duty 55%
2026-09-29 14:50:37,3,46,57,37.39,Not Active,Not Active,"FAN1=3400 FAN2=1000 FAN4=2500 FAN5=2700 FAN6=2500 FAN7=2600 ",duty 55%
2026-09-29 14:50:47,0,66,74,93.01,Not Active,Not Active,"FAN1=3400 FAN2=1000 FAN4=2500 FAN5=2700 FAN6=2500 FAN7=2600 ",duty 62%
2026-09-29 14:50:47,1,66,76,94.10,Not Active,Not Active,"FAN1=3400 FAN2=1000 FAN4=2500 FAN5=2700 FAN6=2500 FAN7=2600 ",duty 62%
2026-09-29 14:50:47,2,64,70,103.06,Not Active,Not Active,"FAN1=3400 FAN2=1000 FAN4=2500 FAN5=2700 FAN6=2500 FAN7=2600 ",duty 62%
2026-09-29 14:50:47,3,46,57,37.39,Not Active,Not Active,"FAN1=3400 FAN2=1000 FAN4=2500 FAN5=2700 FAN6=2500 FAN7=2600 ",duty 62%
2026-09-29 14:50:56,0,66,73,83.05,Not Active,Not Active,"FAN1=3900 FAN2=1000 FAN4=2900 FAN5=3100 FAN6=2800 FAN7=3000 ",duty 62%
2026-09-29 14:50:56,1,66,75,111.72,Not Active,Not Active,"FAN1=3900 FAN2=1000 FAN4=2900 FAN5=3100 FAN6=2800 FAN7=3000 ",duty 62%
2026-09-29 14:50:56,2,64,69,119.82,Not Active,Not Active,"FAN1=3900 FAN2=1000 FAN4=2900 FAN5=3100 FAN6=2800 FAN7=3000 ",duty 62%
2026-09-29 14:50:56,3,46,57,37.34,Not Active,Not Active,"FAN1=3900 FAN2=1000 FAN4=2900 FAN5=3100 FAN6=2800 FAN7=3000 ",duty 62%
2026-09-29 14:51:04,0,66,73,103.97,Not Active,Not Active,"FAN1=3400 FAN2=1000 FAN4=2500 FAN5=2700 FAN6=2500 FAN7=2600 ",duty 55%
2026-09-29 14:51:04,1,66,76,82.03,Not Active,Not Active,"FAN1=3400 FAN2=1000 FAN4=2500 FAN5=2700 FAN6=2500 FAN7=2600 ",duty 55%
2026-09-29 14:51:04,2,64,69,100.73,Not Active,Not Active,"FAN1=3400 FAN2=1000 FAN4=2500 FAN5=2700 FAN6=2500 FAN7=2600 ",duty 55%
2026-09-29 14:51:04,3,46,57,37.34,Not Active,Not Active,"FAN1=3400 FAN2=1000 FAN4=2500 FAN5=2700 FAN6=2500 FAN7=2600 ",duty 55%
2026-09-29 14:51:14,0,66,73,118.92,Not Active,Not Active,"FAN1=3400 FAN2=1100 FAN4=2500 FAN5=2700 FAN6=2500 FAN7=2600 ",duty 55%
2026-09-29 14:51:14,1,66,75,81.82,Not Active,Not Active,"FAN1=3400 FAN2=1100 FAN4=2500 FAN5=2700 FAN6=2500 FAN7=2600 ",duty 55%
2026-09-29 14:51:14,2,64,69,106.56,Not Active,Not Active,"FAN1=3400 FAN2=1100 FAN4=2500 FAN5=2700 FAN6=2500 FAN7=2600 ",duty 55%
2026-09-29 14:51:14,3,46,57,37.34,Not Active,Not Active,"FAN1=3400 FAN2=1100 FAN4=2500 FAN5=2700 FAN6=2500 FAN7=2600 ",duty 55%
2026-09-29 14:51:22,0,65,74,93.81,Not Active,Not Active,"FAN1=3900 FAN2=700 FAN4=2900 FAN5=3100 FAN6=2800 FAN7=3000 ",duty 55%
2026-09-29 14:51:22,1,66,76,88.39,Not Active,Not Active,"FAN1=3900 FAN2=700 FAN4=2900 FAN5=3100 FAN6=2800 FAN7=3000 ",duty 55%
2026-09-29 14:51:22,2,64,69,81.98,Not Active,Not Active,"FAN1=3900 FAN2=700 FAN4=2900 FAN5=3100 FAN6=2800 FAN7=3000 ",duty 55%
2026-09-29 14:51:22,3,46,58,37.34,Not Active,Not Active,"FAN1=3900 FAN2=700 FAN4=2900 FAN5=3100 FAN6=2800 FAN7=3000 ",duty 55%
2026-09-29 14:51:33,0,66,73,111.45,Not Active,Not Active,"FAN1=3400 FAN2=1000 FAN4=2500 FAN5=2700 FAN6=2500 FAN7=2600 ",duty 55%
2026-09-29 14:51:33,1,66,74,100.53,Not Active,Not Active,"FAN1=3400 FAN2=1000 FAN4=2500 FAN5=2700 FAN6=2500 FAN7=2600 ",duty 55%
2026-09-29 14:51:33,2,64,69,95.14,Not Active,Not Active,"FAN1=3400 FAN2=1000 FAN4=2500 FAN5=2700 FAN6=2500 FAN7=2600 ",duty 55%
2026-09-29 14:51:33,3,46,57,37.35,Not Active,Not Active,"FAN1=3400 FAN2=1000 FAN4=2500 FAN5=2700 FAN6=2500 FAN7=2600 ",duty 55%
2026-09-29 14:51:41,0,66,74,83.64,Not Active,Not Active,"FAN1=3900 FAN2=1100 FAN4=2900 FAN5=3100 FAN6=2800 FAN7=3000 ",duty 55%
2026-09-29 14:51:41,1,66,75,100.76,Not Active,Not Active,"FAN1=3900 FAN2=1100 FAN4=2900 FAN5=3100 FAN6=2800 FAN7=3000 ",duty 55%
2026-09-29 14:51:41,2,64,69,99.32,Not Active,Not Active,"FAN1=3900 FAN2=1100 FAN4=2900 FAN5=3100 FAN6=2800 FAN7=3000 ",duty 55%
2026-09-29 14:51:41,3,46,57,37.31,Not Active,Not Active,"FAN1=3900 FAN2=1100 FAN4=2900 FAN5=3100 FAN6=2800 FAN7=3000 ",duty 55%
2026-09-29 14:51:51,0,66,74,95.78,Not Active,Not Active,"FAN1=3400 FAN2=1100 FAN4=2500 FAN5=2700 FAN6=2500 FAN7=2600 ",duty 55%
2026-09-29 14:51:51,1,66,74,102.09,Not Active,Not Active,"FAN1=3400 FAN2=1100 FAN4=2500 FAN5=2700 FAN6=2500 FAN7=2600 ",duty 55%
2026-09-29 14:51:51,2,64,69,103.61,Not Active,Not Active,"FAN1=3400 FAN2=1100 FAN4=2500 FAN5=2700 FAN6=2500 FAN7=2600 ",duty 55%
2026-09-29 14:51:51,3,46,57,37.15,Not Active,Not Active,"FAN1=3400 FAN2=1100 FAN4=2500 FAN5=2700 FAN6=2500 FAN7=2600 ",duty 55%
2026-09-29 14:52:00,0,66,74,112.44,Not Active,Not Active,"FAN1=3400 FAN2=1000 FAN4=2500 FAN5=2700 FAN6=2500 FAN7=2600 ",duty 55%
2026-09-29 14:52:00,1,66,75,93.46,Not Active,Not Active,"FAN1=3400 FAN2=1000 FAN4=2500 FAN5=2700 FAN6=2500 FAN7=2600 ",duty 55%
2026-09-29 14:52:00,2,64,69,99.82,Not Active,Not Active,"FAN1=3400 FAN2=1000 FAN4=2500 FAN5=2700 FAN6=2500 FAN7=2600 ",duty 55%
2026-09-29 14:52:00,3,46,57,37.38,Not Active,Not Active,"FAN1=3400 FAN2=1000 FAN4=2500 FAN5=2700 FAN6=2500 FAN7=2600 ",duty 55%
2026-09-29 14:52:08,0,66,74,114.21,Not Active,Not Active,"FAN1=3400 FAN2=1000 FAN4=2500 FAN5=2700 FAN6=2500 FAN7=2600 ",duty 55%
2026-09-29 14:52:08,1,66,75,114.17,Not Active,Not Active,"FAN1=3400 FAN2=1000 FAN4=2500 FAN5=2700 FAN6=2500 FAN7=2600 ",duty 55%
2026-09-29 14:52:08,2,64,69,102.57,Not Active,Not Active,"FAN1=3400 FAN2=1000 FAN4=2500 FAN5=2700 FAN6=2500 FAN7=2600 ",duty 55%
2026-09-29 14:52:08,3,46,58,37.23,Not Active,Not Active,"FAN1=3400 FAN2=1000 FAN4=2500 FAN5=2700 FAN6=2500 FAN7=2600 ",duty 55%
2026-09-29 14:52:17,0,66,74,94.76,Not Active,Not Active,"FAN1=3400 FAN2=700 FAN4=2500 FAN5=2700 FAN6=2500 FAN7=2600 ",duty 55%
2026-09-29 14:52:17,1,66,74,116.40,Not Active,Not Active,"FAN1=3400 FAN2=700 FAN4=2500 FAN5=2700 FAN6=2500 FAN7=2600 ",duty 55%
2026-09-29 14:52:17,2,64,69,89.86,Not Active,Not Active,"FAN1=3400 FAN2=700 FAN4=2500 FAN5=2700 FAN6=2500 FAN7=2600 ",duty 55%
2026-09-29 14:52:17,3,46,57,37.36,Not Active,Not Active,"FAN1=3400 FAN2=700 FAN4=2500 FAN5=2700 FAN6=2500 FAN7=2600 ",duty 55%
2026-09-29 14:52:28,0,66,73,119.16,Not Active,Not Active,"FAN1=3400 FAN2=1100 FAN4=2500 FAN5=2700 FAN6=2500 FAN7=2600 ",duty 55%
2026-09-29 14:52:28,1,67,75,102.42,Not Active,Not Active,"FAN1=3400 FAN2=1100 FAN4=2500 FAN5=2700 FAN6=2500 FAN7=2600 ",duty 55%
2026-09-29 14:52:28,2,64,69,98.11,Not Active,Not Active,"FAN1=3400 FAN2=1100 FAN4=2500 FAN5=2700 FAN6=2500 FAN7=2600 ",duty 55%
2026-09-29 14:52:28,3,46,57,37.15,Not Active,Not Active,"FAN1=3400 FAN2=1100 FAN4=2500 FAN5=2700 FAN6=2500 FAN7=2600 ",duty 55%
2026-09-29 14:52:40,0,66,74,94.67,Not Active,Not Active,"FAN1=3400 FAN2=1000 FAN4=2500 FAN5=2700 FAN6=2500 FAN7=2600 ",duty 55%
2026-09-29 14:52:40,1,67,75,86.54,Not Active,Not Active,"FAN1=3400 FAN2=1000 FAN4=2500 FAN5=2700 FAN6=2500 FAN7=2600 ",duty 55%
2026-09-29 14:52:40,2,64,70,99.04,Not Active,Not Active,"FAN1=3400 FAN2=1000 FAN4=2500 FAN5=2700 FAN6=2500 FAN7=2600 ",duty 55%
2026-09-29 14:52:40,3,46,57,37.47,Not Active,Not Active,"FAN1=3400 FAN2=1000 FAN4=2500 FAN5=2700 FAN6=2500 FAN7=2600 ",duty 55%
2026-09-29 14:52:48,0,66,74,99.75,Not Active,Not Active,"FAN1=3900 FAN2=1000 FAN4=2900 FAN5=3100 FAN6=2800 FAN7=3000 ",duty 62%
2026-09-29 14:52:48,1,66,76,102.96,Not Active,Not Active,"FAN1=3900 FAN2=1000 FAN4=2900 FAN5=3100 FAN6=2800 FAN7=3000 ",duty 62%
2026-09-29 14:52:48,2,64,69,81.75,Not Active,Not Active,"FAN1=3900 FAN2=1000 FAN4=2900 FAN5=3100 FAN6=2800 FAN7=3000 ",duty 62%
2026-09-29 14:52:48,3,46,57,37.24,Not Active,Not Active,"FAN1=3900 FAN2=1000 FAN4=2900 FAN5=3100 FAN6=2800 FAN7=3000 ",duty 62%
2026-09-29 14:52:56,0,64,74,65.87,Not Active,Not Active,"FAN1=3400 FAN2=1000 FAN4=2500 FAN5=2700 FAN6=2500 FAN7=2600 ",duty 55%
2026-09-29 14:52:56,1,66,75,95.04,Not Active,Not Active,"FAN1=3400 FAN2=1000 FAN4=2500 FAN5=2700 FAN6=2500 FAN7=2600 ",duty 55%
2026-09-29 14:52:56,2,62,69,57.21,Not Active,Not Active,"FAN1=3400 FAN2=1000 FAN4=2500 FAN5=2700 FAN6=2500 FAN7=2600 ",duty 55%
2026-09-29 14:52:56,3,46,57,37.36,Not Active,Not Active,"FAN1=3400 FAN2=1000 FAN4=2500 FAN5=2700 FAN6=2500 FAN7=2600 ",duty 55%
2026-09-29 14:53:05,0,66,74,99.95,Not Active,Not Active,"FAN1=3400 FAN2=1000 FAN4=2500 FAN5=2700 FAN6=2500 FAN7=2600 ",duty 55%
2026-09-29 14:53:05,1,67,75,101.69,Not Active,Not Active,"FAN1=3400 FAN2=1000 FAN4=2500 FAN5=2700 FAN6=2500 FAN7=2600 ",duty 55%
2026-09-29 14:53:05,2,63,69,58.75,Not Active,Not Active,"FAN1=3400 FAN2=1000 FAN4=2500 FAN5=2700 FAN6=2500 FAN7=2600 ",duty 55%
2026-09-29 14:53:05,3,46,57,37.21,Not Active,Not Active,"FAN1=3400 FAN2=1000 FAN4=2500 FAN5=2700 FAN6=2500 FAN7=2600 ",duty 55%
2026-09-29 14:53:13,0,66,73,84.22,Not Active,Not Active,"FAN1=3400 FAN2=700 FAN4=2500 FAN5=2700 FAN6=2500 FAN7=2600 ",duty 55%
2026-09-29 14:53:13,1,66,75,99.08,Not Active,Not Active,"FAN1=3400 FAN2=700 FAN4=2500 FAN5=2700 FAN6=2500 FAN7=2600 ",duty 55%
2026-09-29 14:53:13,2,64,69,101.76,Not Active,Not Active,"FAN1=3400 FAN2=700 FAN4=2500 FAN5=2700 FAN6=2500 FAN7=2600 ",duty 55%
2026-09-29 14:53:13,3,46,57,37.37,Not Active,Not Active,"FAN1=3400 FAN2=700 FAN4=2500 FAN5=2700 FAN6=2500 FAN7=2600 ",duty 55%
2026-09-29 14:53:23,0,66,74,85.23,Not Active,Not Active,"FAN1=3900 FAN2=1000 FAN4=2900 FAN5=3100 FAN6=2500 FAN7=2800 ",duty 62%
2026-09-29 14:53:23,1,66,76,101.40,Not Active,Not Active,"FAN1=3900 FAN2=1000 FAN4=2900 FAN5=3100 FAN6=2500 FAN7=2800 ",duty 62%
2026-09-29 14:53:23,2,64,69,100.92,Not Active,Not Active,"FAN1=3900 FAN2=1000 FAN4=2900 FAN5=3100 FAN6=2500 FAN7=2800 ",duty 62%
2026-09-29 14:53:23,3,46,57,37.42,Not Active,Not Active,"FAN1=3900 FAN2=1000 FAN4=2900 FAN5=3100 FAN6=2500 FAN7=2800 ",duty 62%
2026-09-29 14:53:31,0,66,74,87.34,Not Active,Not Active,"FAN1=3400 FAN2=1000 FAN4=2500 FAN5=2700 FAN6=2500 FAN7=2600 ",duty 55%
2026-09-29 14:53:31,1,66,75,93.43,Not Active,Not Active,"FAN1=3400 FAN2=1000 FAN4=2500 FAN5=2700 FAN6=2500 FAN7=2600 ",duty 55%
2026-09-29 14:53:31,2,64,68,119.39,Not Active,Not Active,"FAN1=3400 FAN2=1000 FAN4=2500 FAN5=2700 FAN6=2500 FAN7=2600 ",duty 55%
2026-09-29 14:53:31,3,46,58,37.44,Not Active,Not Active,"FAN1=3400 FAN2=1000 FAN4=2500 FAN5=2700 FAN6=2500 FAN7=2600 ",duty 55%
2026-09-29 14:53:39,0,66,73,104.13,Not Active,Not Active,"FAN1=3400 FAN2=700 FAN4=2500 FAN5=2700 FAN6=2500 FAN7=2600 ",duty 55%
2026-09-29 14:53:39,1,66,75,117.60,Not Active,Not Active,"FAN1=3400 FAN2=700 FAN4=2500 FAN5=2700 FAN6=2500 FAN7=2600 ",duty 55%
2026-09-29 14:53:39,2,64,69,119.69,Not Active,Not Active,"FAN1=3400 FAN2=700 FAN4=2500 FAN5=2700 FAN6=2500 FAN7=2600 ",duty 55%
2026-09-29 14:53:39,3,46,57,37.37,Not Active,Not Active,"FAN1=3400 FAN2=700 FAN4=2500 FAN5=2700 FAN6=2500 FAN7=2600 ",duty 55%
2026-09-29 14:53:50,0,66,74,83.20,Not Active,Not Active,"FAN1=3400 FAN2=700 FAN4=2500 FAN5=2700 FAN6=2500 FAN7=2600 ",duty 55%
2026-09-29 14:53:50,1,67,76,87.17,Not Active,Not Active,"FAN1=3400 FAN2=700 FAN4=2500 FAN5=2700 FAN6=2500 FAN7=2600 ",duty 55%
2026-09-29 14:53:50,2,64,69,99.64,Not Active,Not Active,"FAN1=3400 FAN2=700 FAN4=2500 FAN5=2700 FAN6=2500 FAN7=2600 ",duty 55%
2026-09-29 14:53:50,3,46,57,37.49,Not Active,Not Active,"FAN1=3400 FAN2=700 FAN4=2500 FAN5=2700 FAN6=2500 FAN7=2600 ",duty 55%
2026-09-29 14:54:02,0,66,75,95.82,Not Active,Not Active,"FAN1=3600 FAN2=1000 FAN4=2500 FAN5=2700 FAN6=2500 FAN7=2600 ",duty 62%
2026-09-29 14:54:02,1,67,75,100.62,Not Active,Not Active,"FAN1=3600 FAN2=1000 FAN4=2500 FAN5=2700 FAN6=2500 FAN7=2600 ",duty 62%
2026-09-29 14:54:02,2,64,70,124.58,Not Active,Not Active,"FAN1=3600 FAN2=1000 FAN4=2500 FAN5=2700 FAN6=2500 FAN7=2600 ",duty 62%
2026-09-29 14:54:02,3,46,57,37.34,Not Active,Not Active,"FAN1=3600 FAN2=1000 FAN4=2500 FAN5=2700 FAN6=2500 FAN7=2600 ",duty 62%
2026-09-29 14:54:12,0,64,73,74.03,Not Active,Not Active,"FAN1=3400 FAN2=1000 FAN4=2500 FAN5=2700 FAN6=2500 FAN7=2900 ",duty 55%
2026-09-29 14:54:12,1,66,74,55.92,Not Active,Not Active,"FAN1=3400 FAN2=1000 FAN4=2500 FAN5=2700 FAN6=2500 FAN7=2900 ",duty 55%
2026-09-29 14:54:12,2,64,69,82.53,Not Active,Not Active,"FAN1=3400 FAN2=1000 FAN4=2500 FAN5=2700 FAN6=2500 FAN7=2900 ",duty 55%
2026-09-29 14:54:12,3,46,57,37.23,Not Active,Not Active,"FAN1=3400 FAN2=1000 FAN4=2500 FAN5=2700 FAN6=2500 FAN7=2900 ",duty 55%
2026-09-29 14:54:20,0,64,73,74.36,Not Active,Not Active,"FAN1=3400 FAN2=1100 FAN4=2500 FAN5=2700 FAN6=2600 FAN7=2900 ",duty 62%
2026-09-29 14:54:20,1,66,76,100.15,Not Active,Not Active,"FAN1=3400 FAN2=1100 FAN4=2500 FAN5=2700 FAN6=2600 FAN7=2900 ",duty 62%
2026-09-29 14:54:20,2,62,68,74.71,Not Active,Not Active,"FAN1=3400 FAN2=1100 FAN4=2500 FAN5=2700 FAN6=2600 FAN7=2900 ",duty 62%
2026-09-29 14:54:20,3,46,57,37.33,Not Active,Not Active,"FAN1=3400 FAN2=1100 FAN4=2500 FAN5=2700 FAN6=2600 FAN7=2900 ",duty 62%
2026-09-29 14:54:31,0,63,74,69.94,Not Active,Not Active,"FAN1=3400 FAN2=1000 FAN4=2500 FAN5=2700 FAN6=2500 FAN7=2700 ",duty 55%
2026-09-29 14:54:31,1,65,75,56.89,Not Active,Not Active,"FAN1=3400 FAN2=1000 FAN4=2500 FAN5=2700 FAN6=2500 FAN7=2700 ",duty 55%
2026-09-29 14:54:31,2,63,69,133.96,Not Active,Not Active,"FAN1=3400 FAN2=1000 FAN4=2500 FAN5=2700 FAN6=2500 FAN7=2700 ",duty 55%
2026-09-29 14:54:31,3,46,57,37.42,Not Active,Not Active,"FAN1=3400 FAN2=1000 FAN4=2500 FAN5=2700 FAN6=2500 FAN7=2700 ",duty 55%
2026-09-29 14:54:39,0,64,75,108.43,Not Active,Not Active,"FAN1=3400 FAN2=1000 FAN4=2500 FAN5=2700 FAN6=2500 FAN7=2600 ",duty 69%
2026-09-29 14:54:39,1,65,76,66.67,Not Active,Not Active,"FAN1=3400 FAN2=1000 FAN4=2500 FAN5=2700 FAN6=2500 FAN7=2600 ",duty 69%
2026-09-29 14:54:39,2,63,71,113.93,Not Active,Not Active,"FAN1=3400 FAN2=1000 FAN4=2500 FAN5=2700 FAN6=2500 FAN7=2600 ",duty 69%
2026-09-29 14:54:39,3,46,57,37.54,Not Active,Not Active,"FAN1=3400 FAN2=1000 FAN4=2500 FAN5=2700 FAN6=2500 FAN7=2600 ",duty 69%
2026-09-29 14:54:48,0,61,73,45.26,Not Active,Not Active,"FAN1=3400 FAN2=1000 FAN4=3200 FAN5=3500 FAN6=3200 FAN7=3500 ",duty 55%
2026-09-29 14:54:48,1,63,73,58.08,Not Active,Not Active,"FAN1=3400 FAN2=1000 FAN4=3200 FAN5=3500 FAN6=3200 FAN7=3500 ",duty 55%
2026-09-29 14:54:48,2,60,67,45.88,Not Active,Not Active,"FAN1=3400 FAN2=1000 FAN4=3200 FAN5=3500 FAN6=3200 FAN7=3500 ",duty 55%
2026-09-29 14:54:48,3,46,57,37.34,Not Active,Not Active,"FAN1=3400 FAN2=1000 FAN4=3200 FAN5=3500 FAN6=3200 FAN7=3500 ",duty 55%
2026-09-29 14:54:57,0,63,73,67.15,Not Active,Not Active,"FAN1=3100 FAN2=1000 FAN4=2300 FAN5=2500 FAN6=2300 FAN7=2400 ",duty 51%
2026-09-29 14:54:57,1,64,73,108.59,Not Active,Not Active,"FAN1=3100 FAN2=1000 FAN4=2300 FAN5=2500 FAN6=2300 FAN7=2400 ",duty 51%
2026-09-29 14:54:57,2,61,68,119.76,Not Active,Not Active,"FAN1=3100 FAN2=1000 FAN4=2300 FAN5=2500 FAN6=2300 FAN7=2400 ",duty 51%
2026-09-29 14:54:57,3,46,57,37.26,Not Active,Not Active,"FAN1=3100 FAN2=1000 FAN4=2300 FAN5=2500 FAN6=2300 FAN7=2400 ",duty 51%
2026-09-29 14:55:05,0,65,73,142.26,Not Active,Not Active,"FAN1=3400 FAN2=700 FAN4=2500 FAN5=2700 FAN6=2500 FAN7=2600 ",duty 55%
2026-09-29 14:55:05,1,65,74,174.07,Not Active,Not Active,"FAN1=3400 FAN2=700 FAN4=2500 FAN5=2700 FAN6=2500 FAN7=2600 ",duty 55%
2026-09-29 14:55:05,2,63,69,104.36,Not Active,Not Active,"FAN1=3400 FAN2=700 FAN4=2500 FAN5=2700 FAN6=2500 FAN7=2600 ",duty 55%
2026-09-29 14:55:05,3,46,57,37.32,Not Active,Not Active,"FAN1=3400 FAN2=700 FAN4=2500 FAN5=2700 FAN6=2500 FAN7=2600 ",duty 55%
2026-09-29 14:55:14,0,64,74,110.23,Not Active,Not Active,"FAN1=3400 FAN2=1000 FAN4=2500 FAN5=2700 FAN6=2500 FAN7=2600 ",duty 55%
2026-09-29 14:55:14,1,65,75,100.37,Not Active,Not Active,"FAN1=3400 FAN2=1000 FAN4=2500 FAN5=2700 FAN6=2500 FAN7=2600 ",duty 55%
2026-09-29 14:55:14,2,63,68,89.28,Not Active,Not Active,"FAN1=3400 FAN2=1000 FAN4=2500 FAN5=2700 FAN6=2500 FAN7=2600 ",duty 55%
2026-09-29 14:55:14,3,46,57,37.31,Not Active,Not Active,"FAN1=3400 FAN2=1000 FAN4=2500 FAN5=2700 FAN6=2500 FAN7=2600 ",duty 55%
2026-09-29 14:55:22,0,63,73,118.84,Not Active,Not Active,"FAN1=3400 FAN2=1100 FAN4=2500 FAN5=2700 FAN6=2500 FAN7=2600 ",duty 51%
2026-09-29 14:55:22,1,64,74,80.51,Not Active,Not Active,"FAN1=3400 FAN2=1100 FAN4=2500 FAN5=2700 FAN6=2500 FAN7=2600 ",duty 51%
2026-09-29 14:55:22,2,61,69,93.61,Not Active,Not Active,"FAN1=3400 FAN2=1100 FAN4=2500 FAN5=2700 FAN6=2500 FAN7=2600 ",duty 51%
2026-09-29 14:55:22,3,46,57,37.39,Not Active,Not Active,"FAN1=3400 FAN2=1100 FAN4=2500 FAN5=2700 FAN6=2500 FAN7=2600 ",duty 51%
2026-09-29 14:55:33,0,63,73,79.12,Not Active,Not Active,"FAN1=3400 FAN2=1000 FAN4=2400 FAN5=2600 FAN6=2500 FAN7=2600 ",duty 55%
2026-09-29 14:55:33,1,64,74,122.32,Not Active,Not Active,"FAN1=3400 FAN2=1000 FAN4=2400 FAN5=2600 FAN6=2500 FAN7=2600 ",duty 55%
2026-09-29 14:55:33,2,62,69,103.55,Not Active,Not Active,"FAN1=3400 FAN2=1000 FAN4=2400 FAN5=2600 FAN6=2500 FAN7=2600 ",duty 55%
2026-09-29 14:55:33,3,46,57,37.37,Not Active,Not Active,"FAN1=3400 FAN2=1000 FAN4=2400 FAN5=2600 FAN6=2500 FAN7=2600 ",duty 55%
2026-09-29 14:55:41,0,64,73,132.00,Not Active,Not Active,"FAN1=3400 FAN2=1100 FAN4=2500 FAN5=2700 FAN6=2500 FAN7=2600 ",duty 55%
2026-09-29 14:55:41,1,65,75,104.70,Not Active,Not Active,"FAN1=3400 FAN2=1100 FAN4=2500 FAN5=2700 FAN6=2500 FAN7=2600 ",duty 55%
2026-09-29 14:55:41,2,62,70,73.66,Not Active,Not Active,"FAN1=3400 FAN2=1100 FAN4=2500 FAN5=2700 FAN6=2500 FAN7=2600 ",duty 55%
2026-09-29 14:55:41,3,46,57,37.40,Not Active,Not Active,"FAN1=3400 FAN2=1100 FAN4=2500 FAN5=2700 FAN6=2500 FAN7=2600 ",duty 55%
2026-09-29 14:55:49,0,64,73,89.53,Not Active,Not Active,"FAN1=3400 FAN2=1000 FAN4=2500 FAN5=2700 FAN6=2500 FAN7=2600 ",duty 55%
2026-09-29 14:55:49,1,64,75,72.98,Not Active,Not Active,"FAN1=3400 FAN2=1000 FAN4=2500 FAN5=2700 FAN6=2500 FAN7=2600 ",duty 55%
2026-09-29 14:55:49,2,62,70,119.21,Not Active,Not Active,"FAN1=3400 FAN2=1000 FAN4=2500 FAN5=2700 FAN6=2500 FAN7=2600 ",duty 55%
2026-09-29 14:55:49,3,46,57,37.57,Not Active,Not Active,"FAN1=3400 FAN2=1000 FAN4=2500 FAN5=2700 FAN6=2500 FAN7=2600 ",duty 55%
2026-09-29 14:55:59,0,64,74,99.29,Not Active,Not Active,"FAN1=3400 FAN2=1000 FAN4=2500 FAN5=2700 FAN6=2500 FAN7=2600 ",duty 55%
2026-09-29 14:55:59,1,65,75,113.68,Not Active,Not Active,"FAN1=3400 FAN2=1000 FAN4=2500 FAN5=2700 FAN6=2500 FAN7=2600 ",duty 55%
2026-09-29 14:55:59,2,62,70,117.01,Not Active,Not Active,"FAN1=3400 FAN2=1000 FAN4=2500 FAN5=2700 FAN6=2500 FAN7=2600 ",duty 55%
2026-09-29 14:55:59,3,46,57,37.41,Not Active,Not Active,"FAN1=3400 FAN2=1000 FAN4=2500 FAN5=2700 FAN6=2500 FAN7=2600 ",duty 55%
2026-09-29 14:56:07,0,64,73,73.39,Not Active,Not Active,"FAN1=3700 FAN2=1000 FAN4=2500 FAN5=2800 FAN6=2500 FAN7=2700 ",duty 55%
2026-09-29 14:56:07,1,64,74,111.61,Not Active,Not Active,"FAN1=3700 FAN2=1000 FAN4=2500 FAN5=2800 FAN6=2500 FAN7=2700 ",duty 55%
2026-09-29 14:56:07,2,62,69,134.75,Not Active,Not Active,"FAN1=3700 FAN2=1000 FAN4=2500 FAN5=2800 FAN6=2500 FAN7=2700 ",duty 55%
2026-09-29 14:56:07,3,46,57,37.27,Not Active,Not Active,"FAN1=3700 FAN2=1000 FAN4=2500 FAN5=2800 FAN6=2500 FAN7=2700 ",duty 55%
2026-09-29 14:56:19,0,64,75,123.29,Not Active,Not Active,"FAN1=3400 FAN2=1000 FAN4=2500 FAN5=2700 FAN6=2500 FAN7=2600 ",duty 55%
2026-09-29 14:56:19,1,64,75,118.88,Not Active,Not Active,"FAN1=3400 FAN2=1000 FAN4=2500 FAN5=2700 FAN6=2500 FAN7=2600 ",duty 55%
2026-09-29 14:56:19,2,63,70,129.31,Not Active,Not Active,"FAN1=3400 FAN2=1000 FAN4=2500 FAN5=2700 FAN6=2500 FAN7=2600 ",duty 55%
2026-09-29 14:56:19,3,46,57,37.27,Not Active,Not Active,"FAN1=3400 FAN2=1000 FAN4=2500 FAN5=2700 FAN6=2500 FAN7=2600 ",duty 55%
2026-09-29 14:56:27,0,63,73,56.45,Not Active,Not Active,"FAN1=3400 FAN2=1000 FAN4=2500 FAN5=2700 FAN6=2500 FAN7=2600 ",duty 55%
2026-09-29 14:56:27,1,64,74,80.91,Not Active,Not Active,"FAN1=3400 FAN2=1000 FAN4=2500 FAN5=2700 FAN6=2500 FAN7=2600 ",duty 55%
2026-09-29 14:56:27,2,62,69,52.02,Not Active,Not Active,"FAN1=3400 FAN2=1000 FAN4=2500 FAN5=2700 FAN6=2500 FAN7=2600 ",duty 55%
2026-09-29 14:56:27,3,46,57,37.31,Not Active,Not Active,"FAN1=3400 FAN2=1000 FAN4=2500 FAN5=2700 FAN6=2500 FAN7=2600 ",duty 55%
2026-09-29 14:56:37,0,65,73,109.05,Not Active,Not Active,"FAN1=3400 FAN2=1000 FAN4=2500 FAN5=2700 FAN6=2500 FAN7=2600 ",duty 55%
2026-09-29 14:56:37,1,64,73,88.44,Not Active,Not Active,"FAN1=3400 FAN2=1000 FAN4=2500 FAN5=2700 FAN6=2500 FAN7=2600 ",duty 55%
2026-09-29 14:56:37,2,61,67,67.89,Not Active,Not Active,"FAN1=3400 FAN2=1000 FAN4=2500 FAN5=2700 FAN6=2500 FAN7=2600 ",duty 55%
2026-09-29 14:56:37,3,46,57,37.29,Not Active,Not Active,"FAN1=3400 FAN2=1000 FAN4=2500 FAN5=2700 FAN6=2500 FAN7=2600 ",duty 55%
2026-09-29 14:56:48,0,63,72,67.24,Not Active,Not Active,"FAN1=3400 FAN2=1000 FAN4=2500 FAN5=2700 FAN6=2500 FAN7=2600 ",duty 55%
2026-09-29 14:56:48,1,64,73,84.93,Not Active,Not Active,"FAN1=3400 FAN2=1000 FAN4=2500 FAN5=2700 FAN6=2500 FAN7=2600 ",duty 55%
2026-09-29 14:56:48,2,61,67,66.20,Not Active,Not Active,"FAN1=3400 FAN2=1000 FAN4=2500 FAN5=2700 FAN6=2500 FAN7=2600 ",duty 55%
2026-09-29 14:56:48,3,46,57,37.36,Not Active,Not Active,"FAN1=3400 FAN2=1000 FAN4=2500 FAN5=2700 FAN6=2500 FAN7=2600 ",duty 55%
2026-09-29 14:56:56,0,63,73,93.07,Not Active,Not Active,"FAN1=3100 FAN2=1000 FAN4=2300 FAN5=2500 FAN6=2300 FAN7=2400 ",duty 51%
2026-09-29 14:56:56,1,65,74,88.25,Not Active,Not Active,"FAN1=3100 FAN2=1000 FAN4=2300 FAN5=2500 FAN6=2300 FAN7=2400 ",duty 51%
2026-09-29 14:56:56,2,62,68,75.48,Not Active,Not Active,"FAN1=3100 FAN2=1000 FAN4=2300 FAN5=2500 FAN6=2300 FAN7=2400 ",duty 51%
2026-09-29 14:56:56,3,46,57,37.40,Not Active,Not Active,"FAN1=3100 FAN2=1000 FAN4=2300 FAN5=2500 FAN6=2300 FAN7=2400 ",duty 51%
2026-09-29 14:57:04,0,64,73,90.63,Not Active,Not Active,"FAN1=3100 FAN2=1000 FAN4=2300 FAN5=2500 FAN6=2300 FAN7=2400 ",duty 51%
2026-09-29 14:57:04,1,65,75,80.88,Not Active,Not Active,"FAN1=3100 FAN2=1000 FAN4=2300 FAN5=2500 FAN6=2300 FAN7=2400 ",duty 51%
2026-09-29 14:57:04,2,62,69,93.15,Not Active,Not Active,"FAN1=3100 FAN2=1000 FAN4=2300 FAN5=2500 FAN6=2300 FAN7=2400 ",duty 51%
2026-09-29 14:57:04,3,46,57,37.58,Not Active,Not Active,"FAN1=3100 FAN2=1000 FAN4=2300 FAN5=2500 FAN6=2300 FAN7=2400 ",duty 51%
2026-09-29 14:57:13,0,64,74,127.93,Not Active,Not Active,"FAN1=3300 FAN2=1000 FAN4=2500 FAN5=2700 FAN6=2500 FAN7=2600 ",duty 55%
2026-09-29 14:57:13,1,65,75,88.03,Not Active,Not Active,"FAN1=3300 FAN2=1000 FAN4=2500 FAN5=2700 FAN6=2500 FAN7=2600 ",duty 55%
2026-09-29 14:57:13,2,62,70,81.20,Not Active,Not Active,"FAN1=3300 FAN2=1000 FAN4=2500 FAN5=2700 FAN6=2500 FAN7=2600 ",duty 55%
2026-09-29 14:57:13,3,46,57,37.10,Not Active,Not Active,"FAN1=3300 FAN2=1000 FAN4=2500 FAN5=2700 FAN6=2500 FAN7=2600 ",duty 55%
2026-09-29 14:57:22,0,61,72,45.35,Not Active,Not Active,"FAN1=3400 FAN2=1100 FAN4=2500 FAN5=2700 FAN6=2500 FAN7=2600 ",duty 55%
2026-09-29 14:57:22,1,63,72,57.79,Not Active,Not Active,"FAN1=3400 FAN2=1100 FAN4=2500 FAN5=2700 FAN6=2500 FAN7=2600 ",duty 55%
2026-09-29 14:57:22,2,60,66,45.99,Not Active,Not Active,"FAN1=3400 FAN2=1100 FAN4=2500 FAN5=2700 FAN6=2500 FAN7=2600 ",duty 55%
2026-09-29 14:57:22,3,46,58,37.34,Not Active,Not Active,"FAN1=3400 FAN2=1100 FAN4=2500 FAN5=2700 FAN6=2500 FAN7=2600 ",duty 55%
2026-09-29 14:57:30,0,60,72,44.89,Not Active,Not Active,"FAN1=3100 FAN2=700 FAN4=2300 FAN5=2500 FAN6=2300 FAN7=2500 ",duty 51%
2026-09-29 14:57:30,1,62,71,56.92,Not Active,Not Active,"FAN1=3100 FAN2=700 FAN4=2300 FAN5=2500 FAN6=2300 FAN7=2500 ",duty 51%
2026-09-29 14:57:30,2,59,65,45.34,Not Active,Not Active,"FAN1=3100 FAN2=700 FAN4=2300 FAN5=2500 FAN6=2300 FAN7=2500 ",duty 51%
2026-09-29 14:57:30,3,46,57,37.35,Not Active,Not Active,"FAN1=3100 FAN2=700 FAN4=2300 FAN5=2500 FAN6=2300 FAN7=2500 ",duty 51%
2026-09-29 14:57:40,0,59,71,44.42,Not Active,Not Active,"FAN1=2800 FAN2=1000 FAN4=2000 FAN5=2300 FAN6=2100 FAN7=2200 ",duty 47%
2026-09-29 14:57:40,1,61,71,56.72,Not Active,Not Active,"FAN1=2800 FAN2=1000 FAN4=2000 FAN5=2300 FAN6=2100 FAN7=2200 ",duty 47%
2026-09-29 14:57:40,2,58,65,45.06,Not Active,Not Active,"FAN1=2800 FAN2=1000 FAN4=2000 FAN5=2300 FAN6=2100 FAN7=2200 ",duty 47%
2026-09-29 14:57:40,3,46,57,37.45,Not Active,Not Active,"FAN1=2800 FAN2=1000 FAN4=2000 FAN5=2300 FAN6=2100 FAN7=2200 ",duty 47%
2026-09-29 14:57:48,0,59,71,44.39,Not Active,Not Active,"FAN1=2800 FAN2=1100 FAN4=2000 FAN5=2300 FAN6=2100 FAN7=2200 ",duty 47%
2026-09-29 14:57:48,1,61,70,56.51,Not Active,Not Active,"FAN1=2800 FAN2=1100 FAN4=2000 FAN5=2300 FAN6=2100 FAN7=2200 ",duty 47%
2026-09-29 14:57:48,2,58,64,44.95,Not Active,Not Active,"FAN1=2800 FAN2=1100 FAN4=2000 FAN5=2300 FAN6=2100 FAN7=2200 ",duty 47%
2026-09-29 14:57:48,3,46,57,37.55,Not Active,Not Active,"FAN1=2800 FAN2=1100 FAN4=2000 FAN5=2300 FAN6=2100 FAN7=2200 ",duty 47%
2026-09-29 14:57:59,0,58,70,44.22,Not Active,Not Active,"FAN1=2800 FAN2=1000 FAN4=2000 FAN5=2300 FAN6=2100 FAN7=2200 ",duty 47%
2026-09-29 14:57:59,1,61,70,56.12,Not Active,Not Active,"FAN1=2800 FAN2=1000 FAN4=2000 FAN5=2300 FAN6=2100 FAN7=2200 ",duty 47%
2026-09-29 14:57:59,2,57,64,44.56,Not Active,Not Active,"FAN1=2800 FAN2=1000 FAN4=2000 FAN5=2300 FAN6=2100 FAN7=2200 ",duty 47%
2026-09-29 14:57:59,3,46,57,37.64,Not Active,Not Active,"FAN1=2800 FAN2=1000 FAN4=2000 FAN5=2300 FAN6=2100 FAN7=2200 ",duty 47%
2026-09-29 14:58:07,0,58,70,44.04,Not Active,Not Active,"FAN1=2800 FAN2=1000 FAN4=2000 FAN5=2300 FAN6=2100 FAN7=2200 ",duty 47%
2026-09-29 14:58:07,1,60,70,55.95,Not Active,Not Active,"FAN1=2800 FAN2=1000 FAN4=2000 FAN5=2300 FAN6=2100 FAN7=2200 ",duty 47%
2026-09-29 14:58:07,2,57,65,44.30,Not Active,Not Active,"FAN1=2800 FAN2=1000 FAN4=2000 FAN5=2300 FAN6=2100 FAN7=2200 ",duty 47%
2026-09-29 14:58:07,3,47,58,37.64,Not Active,Not Active,"FAN1=2800 FAN2=1000 FAN4=2000 FAN5=2300 FAN6=2100 FAN7=2200 ",duty 47%
2026-09-29 14:58:15,0,57,70,43.64,Not Active,Not Active,"FAN1=2800 FAN2=1000 FAN4=2000 FAN5=2300 FAN6=2100 FAN7=2200 ",duty 47%
2026-09-29 14:58:15,1,60,70,55.47,Not Active,Not Active,"FAN1=2800 FAN2=1000 FAN4=2000 FAN5=2300 FAN6=2100 FAN7=2200 ",duty 47%
2026-09-29 14:58:15,2,56,63,44.18,Not Active,Not Active,"FAN1=2800 FAN2=1000 FAN4=2000 FAN5=2300 FAN6=2100 FAN7=2200 ",duty 47%
2026-09-29 14:58:15,3,47,58,37.74,Not Active,Not Active,"FAN1=2800 FAN2=1000 FAN4=2000 FAN5=2300 FAN6=2100 FAN7=2200 ",duty 47%
2026-09-29 14:58:24,0,57,70,43.44,Not Active,Not Active,"FAN1=2800 FAN2=1000 FAN4=2000 FAN5=2300 FAN6=2100 FAN7=2200 ",duty 47%
2026-09-29 14:58:24,1,60,69,55.35,Not Active,Not Active,"FAN1=2800 FAN2=1000 FAN4=2000 FAN5=2300 FAN6=2100 FAN7=2200 ",duty 47%
2026-09-29 14:58:24,2,56,63,44.19,Not Active,Not Active,"FAN1=2800 FAN2=1000 FAN4=2000 FAN5=2300 FAN6=2100 FAN7=2200 ",duty 47%
2026-09-29 14:58:24,3,47,59,37.83,Not Active,Not Active,"FAN1=2800 FAN2=1000 FAN4=2000 FAN5=2300 FAN6=2100 FAN7=2200 ",duty 47%
2026-09-29 14:58:33,0,57,69,43.36,Not Active,Not Active,"FAN1=2800 FAN2=1100 FAN4=2000 FAN5=2300 FAN6=2100 FAN7=2200 ",duty 47%
2026-09-29 14:58:33,1,59,70,55.06,Not Active,Not Active,"FAN1=2800 FAN2=1100 FAN4=2000 FAN5=2300 FAN6=2100 FAN7=2200 ",duty 47%
2026-09-29 14:58:33,2,56,63,43.91,Not Active,Not Active,"FAN1=2800 FAN2=1100 FAN4=2000 FAN5=2300 FAN6=2100 FAN7=2200 ",duty 47%
2026-09-29 14:58:33,3,47,58,37.74,Not Active,Not Active,"FAN1=2800 FAN2=1100 FAN4=2000 FAN5=2300 FAN6=2100 FAN7=2200 ",duty 47%
2026-09-29 14:58:43,0,56,69,43.27,Not Active,Not Active,"FAN1=2700 FAN2=1000 FAN4=1800 FAN5=2100 FAN6=2000 FAN7=2100 ",duty 44%
2026-09-29 14:58:43,1,59,69,54.97,Not Active,Not Active,"FAN1=2700 FAN2=1000 FAN4=1800 FAN5=2100 FAN6=2000 FAN7=2100 ",duty 44%
2026-09-29 14:58:43,2,55,63,43.80,Not Active,Not Active,"FAN1=2700 FAN2=1000 FAN4=1800 FAN5=2100 FAN6=2000 FAN7=2100 ",duty 44%
2026-09-29 14:58:43,3,47,58,37.83,Not Active,Not Active,"FAN1=2700 FAN2=1000 FAN4=1800 FAN5=2100 FAN6=2000 FAN7=2100 ",duty 44%
2026-09-29 14:58:51,0,56,69,43.17,Not Active,Not Active,"FAN1=2700 FAN2=1000 FAN4=1800 FAN5=2100 FAN6=2000 FAN7=2100 ",duty 44%
2026-09-29 14:58:51,1,59,69,54.78,Not Active,Not Active,"FAN1=2700 FAN2=1000 FAN4=1800 FAN5=2100 FAN6=2000 FAN7=2100 ",duty 44%
2026-09-29 14:58:51,2,55,64,43.71,Not Active,Not Active,"FAN1=2700 FAN2=1000 FAN4=1800 FAN5=2100 FAN6=2000 FAN7=2100 ",duty 44%
2026-09-29 14:58:51,3,47,58,38.03,Not Active,Not Active,"FAN1=2700 FAN2=1000 FAN4=1800 FAN5=2100 FAN6=2000 FAN7=2100 ",duty 44%
2026-09-29 14:59:02,0,56,69,43.17,Not Active,Not Active,"FAN1=2700 FAN2=700 FAN4=1800 FAN5=2100 FAN6=2000 FAN7=2100 ",duty 44%
2026-09-29 14:59:02,1,59,70,54.68,Not Active,Not Active,"FAN1=2700 FAN2=700 FAN4=1800 FAN5=2100 FAN6=2000 FAN7=2100 ",duty 44%
2026-09-29 14:59:02,2,55,63,43.51,Not Active,Not Active,"FAN1=2700 FAN2=700 FAN4=1800 FAN5=2100 FAN6=2000 FAN7=2100 ",duty 44%
2026-09-29 14:59:02,3,47,58,37.93,Not Active,Not Active,"FAN1=2700 FAN2=700 FAN4=1800 FAN5=2100 FAN6=2000 FAN7=2100 ",duty 44%
2026-09-29 14:59:13,0,55,69,43.07,Not Active,Not Active,"FAN1=2700 FAN2=700 FAN4=1800 FAN5=2100 FAN6=2000 FAN7=2100 ",duty 44%
2026-09-29 14:59:13,1,59,68,54.68,Not Active,Not Active,"FAN1=2700 FAN2=700 FAN4=1800 FAN5=2100 FAN6=2000 FAN7=2100 ",duty 44%
2026-09-29 14:59:13,2,55,63,43.32,Not Active,Not Active,"FAN1=2700 FAN2=700 FAN4=1800 FAN5=2100 FAN6=2000 FAN7=2100 ",duty 44%
2026-09-29 14:59:13,3,48,58,38.01,Not Active,Not Active,"FAN1=2700 FAN2=700 FAN4=1800 FAN5=2100 FAN6=2000 FAN7=2100 ",duty 44%
2026-09-29 14:59:21,0,55,68,42.77,Not Active,Not Active,"FAN1=2700 FAN2=1000 FAN4=1800 FAN5=2100 FAN6=2000 FAN7=2100 ",duty 44%
2026-09-29 14:59:21,1,59,68,54.28,Not Active,Not Active,"FAN1=2700 FAN2=1000 FAN4=1800 FAN5=2100 FAN6=2000 FAN7=2100 ",duty 44%
2026-09-29 14:59:21,2,55,62,43.32,Not Active,Not Active,"FAN1=2700 FAN2=1000 FAN4=1800 FAN5=2100 FAN6=2000 FAN7=2100 ",duty 44%
2026-09-29 14:59:21,3,48,58,38.01,Not Active,Not Active,"FAN1=2700 FAN2=1000 FAN4=1800 FAN5=2100 FAN6=2000 FAN7=2100 ",duty 44%
2026-09-29 14:59:30,0,55,68,42.68,Not Active,Not Active,"FAN1=2700 FAN2=1000 FAN4=1800 FAN5=2100 FAN6=2000 FAN7=2100 ",duty 44%
2026-09-29 14:59:30,1,58,68,54.28,Not Active,Not Active,"FAN1=2700 FAN2=1000 FAN4=1800 FAN5=2100 FAN6=2000 FAN7=2100 ",duty 44%
2026-09-29 14:59:30,2,54,62,43.32,Not Active,Not Active,"FAN1=2700 FAN2=1000 FAN4=1800 FAN5=2100 FAN6=2000 FAN7=2100 ",duty 44%
2026-09-29 14:59:30,3,48,58,38.01,Not Active,Not Active,"FAN1=2700 FAN2=1000 FAN4=1800 FAN5=2100 FAN6=2000 FAN7=2100 ",duty 44%
2026-09-29 14:59:38,0,55,68,42.77,Not Active,Not Active,"FAN1=2700 FAN2=1000 FAN4=1800 FAN5=2100 FAN6=2000 FAN7=2100 ",duty 44%
2026-09-29 14:59:38,1,58,68,54.28,Not Active,Not Active,"FAN1=2700 FAN2=1000 FAN4=1800 FAN5=2100 FAN6=2000 FAN7=2100 ",duty 44%
2026-09-29 14:59:38,2,54,62,43.32,Not Active,Not Active,"FAN1=2700 FAN2=1000 FAN4=1800 FAN5=2100 FAN6=2000 FAN7=2100 ",duty 44%
2026-09-29 14:59:38,3,48,59,38.12,Not Active,Not Active,"FAN1=2700 FAN2=1000 FAN4=1800 FAN5=2100 FAN6=2000 FAN7=2100 ",duty 44%
2026-09-29 14:59:47,0,55,68,42.58,Not Active,Not Active,"FAN1=2700 FAN2=1000 FAN4=1800 FAN5=2100 FAN6=2000 FAN7=2100 ",duty 44%
2026-09-29 14:59:47,1,58,68,54.09,Not Active,Not Active,"FAN1=2700 FAN2=1000 FAN4=1800 FAN5=2100 FAN6=2000 FAN7=2100 ",duty 44%
2026-09-29 14:59:47,2,54,62,43.32,Not Active,Not Active,"FAN1=2700 FAN2=1000 FAN4=1800 FAN5=2100 FAN6=2000 FAN7=2100 ",duty 44%
2026-09-29 14:59:47,3,48,59,38.34,Not Active,Not Active,"FAN1=2700 FAN2=1000 FAN4=1800 FAN5=2100 FAN6=2000 FAN7=2100 ",duty 44%
2026-09-29 14:59:56,0,54,68,42.76,Not Active,Not Active,"FAN1=2700 FAN2=1000 FAN4=1800 FAN5=2100 FAN6=2000 FAN7=2100 ",duty 44%
2026-09-29 14:59:56,1,58,68,54.09,Not Active,Not Active,"FAN1=2700 FAN2=1000 FAN4=1800 FAN5=2100 FAN6=2000 FAN7=2100 ",duty 44%
2026-09-29 14:59:56,2,54,63,43.13,Not Active,Not Active,"FAN1=2700 FAN2=1000 FAN4=1800 FAN5=2100 FAN6=2000 FAN7=2100 ",duty 44%
2026-09-29 14:59:56,3,48,59,38.22,Not Active,Not Active,"FAN1=2700 FAN2=1000 FAN4=1800 FAN5=2100 FAN6=2000 FAN7=2100 ",duty 44%
2026-09-29 15:00:07,0,54,68,42.67,Not Active,Not Active,"FAN1=2700 FAN2=1000 FAN4=1800 FAN5=2100 FAN6=2000 FAN7=2100 ",duty 44%
2026-09-29 15:00:07,1,58,68,54.09,Not Active,Not Active,"FAN1=2700 FAN2=1000 FAN4=1800 FAN5=2100 FAN6=2000 FAN7=2100 ",duty 44%
2026-09-29 15:00:07,2,54,63,43.14,Not Active,Not Active,"FAN1=2700 FAN2=1000 FAN4=1800 FAN5=2100 FAN6=2000 FAN7=2100 ",duty 44%
2026-09-29 15:00:07,3,48,60,38.22,Not Active,Not Active,"FAN1=2700 FAN2=1000 FAN4=1800 FAN5=2100 FAN6=2000 FAN7=2100 ",duty 44%
2026-09-29 15:00:15,0,54,67,42.47,Not Active,Not Active,"FAN1=2700 FAN2=700 FAN4=1800 FAN5=2100 FAN6=2000 FAN7=2100 ",duty 44%
2026-09-29 15:00:15,1,58,68,53.88,Not Active,Not Active,"FAN1=2700 FAN2=700 FAN4=1800 FAN5=2100 FAN6=2000 FAN7=2100 ",duty 44%
2026-09-29 15:00:15,2,54,61,42.84,Not Active,Not Active,"FAN1=2700 FAN2=700 FAN4=1800 FAN5=2100 FAN6=2000 FAN7=2100 ",duty 44%
2026-09-29 15:00:15,3,48,59,38.23,Not Active,Not Active,"FAN1=2700 FAN2=700 FAN4=1800 FAN5=2100 FAN6=2000 FAN7=2100 ",duty 44%
2026-09-29 15:00:25,0,54,67,42.28,Not Active,Not Active,"FAN1=2700 FAN2=1000 FAN4=1800 FAN5=2100 FAN6=2000 FAN7=2100 ",duty 44%
2026-09-29 15:00:25,1,58,68,53.79,Not Active,Not Active,"FAN1=2700 FAN2=1000 FAN4=1800 FAN5=2100 FAN6=2000 FAN7=2100 ",duty 44%
2026-09-29 15:00:25,2,53,61,42.84,Not Active,Not Active,"FAN1=2700 FAN2=1000 FAN4=1800 FAN5=2100 FAN6=2000 FAN7=2100 ",duty 44%
2026-09-29 15:00:25,3,48,59,38.23,Not Active,Not Active,"FAN1=2700 FAN2=1000 FAN4=1800 FAN5=2100 FAN6=2000 FAN7=2100 ",duty 44%
2026-09-29 15:00:34,0,54,67,42.28,Not Active,Not Active,"FAN1=2700 FAN2=1000 FAN4=1800 FAN5=2100 FAN6=2000 FAN7=2100 ",duty 44%
2026-09-29 15:00:34,1,58,68,53.69,Not Active,Not Active,"FAN1=2700 FAN2=1000 FAN4=1800 FAN5=2100 FAN6=2000 FAN7=2100 ",duty 44%
2026-09-29 15:00:34,2,53,61,42.84,Not Active,Not Active,"FAN1=2700 FAN2=1000 FAN4=1800 FAN5=2100 FAN6=2000 FAN7=2100 ",duty 44%
2026-09-29 15:00:34,3,48,59,38.52,Not Active,Not Active,"FAN1=2700 FAN2=1000 FAN4=1800 FAN5=2100 FAN6=2000 FAN7=2100 ",duty 44%
2026-09-29 15:00:44,0,54,67,42.07,Not Active,Not Active,"FAN1=2700 FAN2=1000 FAN4=1800 FAN5=2100 FAN6=2000 FAN7=2100 ",duty 44%
2026-09-29 15:00:44,1,57,67,53.69,Not Active,Not Active,"FAN1=2700 FAN2=1000 FAN4=1800 FAN5=2100 FAN6=2000 FAN7=2100 ",duty 44%
2026-09-29 15:00:44,2,53,61,42.94,Not Active,Not Active,"FAN1=2700 FAN2=1000 FAN4=1800 FAN5=2100 FAN6=2000 FAN7=2100 ",duty 44%
2026-09-29 15:00:44,3,49,59,38.43,Not Active,Not Active,"FAN1=2700 FAN2=1000 FAN4=1800 FAN5=2100 FAN6=2000 FAN7=2100 ",duty 44%
2026-09-29 15:00:52,0,53,67,42.09,Not Active,Not Active,"FAN1=2700 FAN2=1000 FAN4=1800 FAN5=2100 FAN6=2000 FAN7=2100 ",duty 44%
2026-09-29 15:00:52,1,57,67,53.59,Not Active,Not Active,"FAN1=2700 FAN2=1000 FAN4=1800 FAN5=2100 FAN6=2000 FAN7=2100 ",duty 44%
2026-09-29 15:00:52,2,53,61,42.84,Not Active,Not Active,"FAN1=2700 FAN2=1000 FAN4=1800 FAN5=2100 FAN6=2000 FAN7=2100 ",duty 44%
2026-09-29 15:00:52,3,49,59,38.32,Not Active,Not Active,"FAN1=2700 FAN2=1000 FAN4=1800 FAN5=2100 FAN6=2000 FAN7=2100 ",duty 44%
2026-09-29 15:01:03,0,53,67,42.09,Not Active,Not Active,"FAN1=2700 FAN2=1000 FAN4=1800 FAN5=2100 FAN6=2000 FAN7=2100 ",duty 44%
2026-09-29 15:01:03,1,57,67,53.50,Not Active,Not Active,"FAN1=2700 FAN2=1000 FAN4=1800 FAN5=2100 FAN6=2000 FAN7=2100 ",duty 44%
2026-09-29 15:01:03,2,53,61,42.84,Not Active,Not Active,"FAN1=2700 FAN2=1000 FAN4=1800 FAN5=2100 FAN6=2000 FAN7=2100 ",duty 44%
2026-09-29 15:01:03,3,49,60,38.44,Not Active,Not Active,"FAN1=2700 FAN2=1000 FAN4=1800 FAN5=2100 FAN6=2000 FAN7=2100 ",duty 44%
2026-09-29 15:01:14,0,53,67,42.08,Not Active,Not Active,"FAN1=2700 FAN2=1000 FAN4=1800 FAN5=2100 FAN6=2000 FAN7=2100 ",duty 44%
2026-09-29 15:01:14,1,57,67,53.50,Not Active,Not Active,"FAN1=2700 FAN2=1000 FAN4=1800 FAN5=2100 FAN6=2000 FAN7=2100 ",duty 44%
2026-09-29 15:01:14,2,53,62,42.67,Not Active,Not Active,"FAN1=2700 FAN2=1000 FAN4=1800 FAN5=2100 FAN6=2000 FAN7=2100 ",duty 44%
2026-09-29 15:01:14,3,49,59,38.42,Not Active,Not Active,"FAN1=2700 FAN2=1000 FAN4=1800 FAN5=2100 FAN6=2000 FAN7=2100 ",duty 44%
2026-09-29 15:01:22,0,53,67,42.09,Not Active,Not Active,"FAN1=2700 FAN2=700 FAN4=1800 FAN5=2100 FAN6=2000 FAN7=2100 ",duty 44%
2026-09-29 15:01:22,1,57,67,53.40,Not Active,Not Active,"FAN1=2700 FAN2=700 FAN4=1800 FAN5=2100 FAN6=2000 FAN7=2100 ",duty 44%
2026-09-29 15:01:22,2,53,61,42.57,Not Active,Not Active,"FAN1=2700 FAN2=700 FAN4=1800 FAN5=2100 FAN6=2000 FAN7=2100 ",duty 44%
2026-09-29 15:01:22,3,49,59,38.42,Not Active,Not Active,"FAN1=2700 FAN2=700 FAN4=1800 FAN5=2100 FAN6=2000 FAN7=2100 ",duty 44%
2026-09-29 15:01:32,0,53,67,41.99,Not Active,Not Active,"FAN1=2700 FAN2=1000 FAN4=1800 FAN5=2100 FAN6=2000 FAN7=2100 ",duty 44%
2026-09-29 15:01:32,1,57,67,53.21,Not Active,Not Active,"FAN1=2700 FAN2=1000 FAN4=1800 FAN5=2100 FAN6=2000 FAN7=2100 ",duty 44%
2026-09-29 15:01:32,2,52,61,42.58,Not Active,Not Active,"FAN1=2700 FAN2=1000 FAN4=1800 FAN5=2100 FAN6=2000 FAN7=2100 ",duty 44%
2026-09-29 15:01:32,3,49,60,38.52,Not Active,Not Active,"FAN1=2700 FAN2=1000 FAN4=1800 FAN5=2100 FAN6=2000 FAN7=2100 ",duty 44%
2026-09-29 15:01:40,0,53,67,41.71,Not Active,Not Active,"FAN1=2700 FAN2=1100 FAN4=1800 FAN5=2100 FAN6=2000 FAN7=2100 ",duty 44%
2026-09-29 15:01:40,1,57,67,53.11,Not Active,Not Active,"FAN1=2700 FAN2=1100 FAN4=1800 FAN5=2100 FAN6=2000 FAN7=2100 ",duty 44%
2026-09-29 15:01:40,2,52,60,42.58,Not Active,Not Active,"FAN1=2700 FAN2=1100 FAN4=1800 FAN5=2100 FAN6=2000 FAN7=2100 ",duty 44%
2026-09-29 15:01:40,3,49,59,38.52,Not Active,Not Active,"FAN1=2700 FAN2=1100 FAN4=1800 FAN5=2100 FAN6=2000 FAN7=2100 ",duty 44%
2026-09-29 15:01:51,0,53,66,41.71,Not Active,Not Active,"FAN1=2700 FAN2=1000 FAN4=1800 FAN5=2100 FAN6=2000 FAN7=2100 ",duty 44%
2026-09-29 15:01:51,1,57,67,53.20,Not Active,Not Active,"FAN1=2700 FAN2=1000 FAN4=1800 FAN5=2100 FAN6=2000 FAN7=2100 ",duty 44%
2026-09-29 15:01:51,2,52,60,42.56,Not Active,Not Active,"FAN1=2700 FAN2=1000 FAN4=1800 FAN5=2100 FAN6=2000 FAN7=2100 ",duty 44%
2026-09-29 15:01:51,3,49,59,38.61,Not Active,Not Active,"FAN1=2700 FAN2=1000 FAN4=1800 FAN5=2100 FAN6=2000 FAN7=2100 ",duty 44%
2026-09-29 15:01:59,0,52,66,41.80,Not Active,Not Active,"FAN1=2700 FAN2=1000 FAN4=1800 FAN5=2100 FAN6=2000 FAN7=2100 ",duty 44%
2026-09-29 15:01:59,1,57,67,53.11,Not Active,Not Active,"FAN1=2700 FAN2=1000 FAN4=1800 FAN5=2100 FAN6=2000 FAN7=2100 ",duty 44%
2026-09-29 15:01:59,2,52,60,42.47,Not Active,Not Active,"FAN1=2700 FAN2=1000 FAN4=1800 FAN5=2100 FAN6=2000 FAN7=2100 ",duty 44%
2026-09-29 15:01:59,3,49,59,38.42,Not Active,Not Active,"FAN1=2700 FAN2=1000 FAN4=1800 FAN5=2100 FAN6=2000 FAN7=2100 ",duty 44%
2026-09-29 15:02:09,0,52,66,41.88,Not Active,Not Active,"FAN1=2700 FAN2=1000 FAN4=1800 FAN5=2100 FAN6=2000 FAN7=2100 ",duty 44%
2026-09-29 15:02:09,1,57,67,53.11,Not Active,Not Active,"FAN1=2700 FAN2=1000 FAN4=1800 FAN5=2100 FAN6=2000 FAN7=2100 ",duty 44%
2026-09-29 15:02:09,2,52,60,42.58,Not Active,Not Active,"FAN1=2700 FAN2=1000 FAN4=1800 FAN5=2100 FAN6=2000 FAN7=2100 ",duty 44%
2026-09-29 15:02:09,3,49,59,38.61,Not Active,Not Active,"FAN1=2700 FAN2=1000 FAN4=1800 FAN5=2100 FAN6=2000 FAN7=2100 ",duty 44%
2026-09-29 15:02:17,0,52,66,41.72,Not Active,Not Active,"FAN1=2700 FAN2=1000 FAN4=1800 FAN5=2100 FAN6=2000 FAN7=2100 ",duty 44%
2026-09-29 15:02:17,1,57,67,53.01,Not Active,Not Active,"FAN1=2700 FAN2=1000 FAN4=1800 FAN5=2100 FAN6=2000 FAN7=2100 ",duty 44%
2026-09-29 15:02:17,2,52,60,42.28,Not Active,Not Active,"FAN1=2700 FAN2=1000 FAN4=1800 FAN5=2100 FAN6=2000 FAN7=2100 ",duty 44%
2026-09-29 15:02:17,3,49,59,38.52,Not Active,Not Active,"FAN1=2700 FAN2=1000 FAN4=1800 FAN5=2100 FAN6=2000 FAN7=2100 ",duty 44%
2026-09-29 15:02:29,0,52,66,41.80,Not Active,Not Active,"FAN1=2700 FAN2=1000 FAN4=1800 FAN5=2100 FAN6=2000 FAN7=2100 ",duty 44%
2026-09-29 15:02:29,1,56,67,53.49,Not Active,Not Active,"FAN1=2700 FAN2=1000 FAN4=1800 FAN5=2100 FAN6=2000 FAN7=2100 ",duty 44%
2026-09-29 15:02:29,2,52,60,42.28,Not Active,Not Active,"FAN1=2700 FAN2=1000 FAN4=1800 FAN5=2100 FAN6=2000 FAN7=2100 ",duty 44%
2026-09-29 15:02:29,3,49,59,38.62,Not Active,Not Active,"FAN1=2700 FAN2=1000 FAN4=1800 FAN5=2100 FAN6=2000 FAN7=2100 ",duty 44%
2026-09-29 15:02:40,0,52,66,41.42,Not Active,Not Active,"FAN1=2700 FAN2=1000 FAN4=1800 FAN5=2100 FAN6=2000 FAN7=2100 ",duty 41%
2026-09-29 15:02:40,1,56,66,52.82,Not Active,Not Active,"FAN1=2700 FAN2=1000 FAN4=1800 FAN5=2100 FAN6=2000 FAN7=2100 ",duty 41%
2026-09-29 15:02:40,2,52,60,42.28,Not Active,Not Active,"FAN1=2700 FAN2=1000 FAN4=1800 FAN5=2100 FAN6=2000 FAN7=2100 ",duty 41%
2026-09-29 15:02:40,3,49,60,38.61,Not Active,Not Active,"FAN1=2700 FAN2=1000 FAN4=1800 FAN5=2100 FAN6=2000 FAN7=2100 ",duty 41%
