[DL:9.7KiB][#ca9c3b 0B/0B][#32a636 0B/0B][#04a308 0B/0B][#733c91 0B/0B][#3fb81e 0B/0B](+3)
[DL:506KiB][#ca9c3b 80KiB/0.9GiB(0%)][#32a636 96KiB/3.3GiB(0%)][#04a308 96KiB/3.3GiB(0%)][#733c91 96KiB/3.3GiB(0%)][#3fb81e 96KiB/3.3GiB(0%)](+3)
[DL:1.0MiB][#ca9c3b 288KiB/0.9GiB(0%)][#32a636 368KiB/3.3GiB(0%)][#04a308 368KiB/3.3GiB(0%)][#733c91 368KiB/3.3GiB(0%)][#3fb81e 368KiB/3.3GiB(0%)](+3)
[DL:1.1MiB][#ca9c3b 464KiB/0.9GiB(0%)][#32a636 576KiB/3.3GiB(0%)][#04a308 560KiB/3.3GiB(0%)][#733c91 560KiB/3.3GiB(0%)][#3fb81e 560KiB/3.3GiB(0%)](+3)
[DL:1.2MiB][#ca9c3b 688KiB/0.9GiB(0%)][#32a636 576KiB/3.3GiB(0%)][#04a308 816KiB/3.3GiB(0%)][#733c91 832KiB/3.3GiB(0%)][#3fb81e 816KiB/3.3GiB(0%)](+3)
[DL:1.3MiB][#ca9c3b 880KiB/0.9GiB(0%)][#32a636 0.9MiB/3.3GiB(0%)][#04a308 1.1MiB/3.3GiB(0%)][#733c91 1.1MiB/3.3GiB(0%)][#3fb81e 1.1MiB/3.3GiB(0%)](+3)
[DL:1.5MiB][#ca9c3b 1.1MiB/0.9GiB(0%)][#32a636 1.2MiB/3.3GiB(0%)][#04a308 1.5MiB/3.3GiB(0%)][#733c91 1.6MiB/3.3GiB(0%)][#3fb81e 1.5MiB/3.3GiB(0%)](+3)
[DL:1.6MiB][#ca9c3b 1.3MiB/0.9GiB(0%)][#32a636 1.6MiB/3.3GiB(0%)][#04a308 1.9MiB/3.3GiB(0%)][#733c91 2.1MiB/3.3GiB(0%)][#3fb81e 2.0MiB/3.3GiB(0%)](+3)
[DL:1.8MiB][#ca9c3b 1.6MiB/0.9GiB(0%)][#32a636 2.0MiB/3.3GiB(0%)][#04a308 2.4MiB/3.3GiB(0%)][#733c91 2.7MiB/3.3GiB(0%)][#3fb81e 2.6MiB/3.3GiB(0%)](+3)
[DL:2.0MiB][#ca9c3b 2.0MiB/0.9GiB(0%)][#32a636 2.5MiB/3.3GiB(0%)][#04a308 2.9MiB/3.3GiB(0%)][#733c91 3.5MiB/3.3GiB(0%)][#3fb81e 3.3MiB/3.3GiB(0%)](+3)
[DL:2.4MiB][#ca9c3b 2.3MiB/0.9GiB(0%)][#32a636 3.0MiB/3.3GiB(0%)][#04a308 3.4MiB/3.3GiB(0%)][#733c91 4.2MiB/3.3GiB(0%)][#3fb81e 4.0MiB/3.3GiB(0%)](+3)
[DL:2.5MiB][#ca9c3b 2.6MiB/0.9GiB(0%)][#32a636 3.4MiB/3.3GiB(0%)][#04a308 3.9MiB/3.3GiB(0%)][#733c91 4.9MiB/3.3GiB(0%)][#3fb81e 4.6MiB/3.3GiB(0%)](+3)
[DL:2.7MiB][#ca9c3b 2.9MiB/0.9GiB(0%)][#32a636 3.8MiB/3.3GiB(0%)][#04a308 4.2MiB/3.3GiB(0%)][#733c91 5.5MiB/3.3GiB(0%)][#3fb81e 5.2MiB/3.3GiB(0%)](+3)
[DL:2.9MiB][#ca9c3b 3.2MiB/0.9GiB(0%)][#32a636 4.2MiB/3.3GiB(0%)][#04a308 4.6MiB/3.3GiB(0%)][#733c91 6.0MiB/3.3GiB(0%)][#3fb81e 5.6MiB/3.3GiB(0%)](+3)
[DL:2.9MiB][#ca9c3b 3.4MiB/0.9GiB(0%)][#32a636 4.5MiB/3.3GiB(0%)][#04a308 4.9MiB/3.3GiB(0%)][#733c91 6.5MiB/3.3GiB(0%)][#3fb81e 6.1MiB/3.3GiB(0%)](+3)
[DL:2.8MiB][#ca9c3b 3.6MiB/0.9GiB(0%)][#32a636 4.7MiB/3.3GiB(0%)][#04a308 5.2MiB/3.3GiB(0%)][#733c91 6.7MiB/3.3GiB(0%)][#3fb81e 6.3MiB/3.3GiB(0%)](+3)
[DL:2.7MiB][#ca9c3b 3.8MiB/0.9GiB(0%)][#32a636 5.0MiB/3.3GiB(0%)][#04a308 5.4MiB/3.3GiB(0%)][#733c91 7.1MiB/3.3GiB(0%)][#3fb81e 6.7MiB/3.3GiB(0%)](+3)
[DL:2.7MiB][#ca9c3b 4.1MiB/0.9GiB(0%)][#32a636 5.5MiB/3.3GiB(0%)][#04a308 5.7MiB/3.3GiB(0%)][#733c91 7.6MiB/3.3GiB(0%)][#3fb81e 7.2MiB/3.3GiB(0%)](+3)
[DL:2.6MiB][#ca9c3b 4.3MiB/0.9GiB(0%)][#32a636 5.8MiB/3.3GiB(0%)][#04a308 6.1MiB/3.3GiB(0%)][#733c91 8.2MiB/3.3GiB(0%)][#3fb81e 7.6MiB/3.3GiB(0%)](+3)
[DL:2.5MiB][#ca9c3b 4.6MiB/0.9GiB(0%)][#32a636 6.1MiB/3.3GiB(0%)][#04a308 6.4MiB/3.3GiB(0%)][#733c91 8.6MiB/3.3GiB(0%)][#3fb81e 8.0MiB/3.3GiB(0%)](+3)
[DL:2.5MiB][#ca9c3b 4.9MiB/0.9GiB(0%)][#32a636 6.6MiB/3.3GiB(0%)][#04a308 6.9MiB/3.3GiB(0%)][#733c91 9.4MiB/3.3GiB(0%)][#3fb81e 8.6MiB/3.3GiB(0%)](+3)
[DL:2.6MiB][#ca9c3b 5.3MiB/0.9GiB(0%)][#32a636 7.1MiB/3.3GiB(0%)][#04a308 7.4MiB/3.3GiB(0%)][#733c91 10MiB/3.3GiB(0%)][#3fb81e 9.1MiB/3.3GiB(0%)](+3)
[DL:2.5MiB][#ca9c3b 5.5MiB/0.9GiB(0%)][#32a636 7.4MiB/3.3GiB(0%)][#04a308 7.7MiB/3.3GiB(0%)][#733c91 10MiB/3.3GiB(0%)][#3fb81e 9.5MiB/3.3GiB(0%)](+3)
[DL:2.6MiB][#ca9c3b 5.8MiB/0.9GiB(0%)][#32a636 7.8MiB/3.3GiB(0%)][#04a308 8.1MiB/3.3GiB(0%)][#733c91 11MiB/3.3GiB(0%)][#3fb81e 9.9MiB/3.3GiB(0%)](+3)
[DL:2.8MiB][#ca9c3b 6.2MiB/0.9GiB(0%)][#32a636 8.2MiB/3.3GiB(0%)][#04a308 8.6MiB/3.3GiB(0%)][#733c91 11MiB/3.3GiB(0%)][#3fb81e 10MiB/3.3GiB(0%)](+3)
[DL:2.9MiB][#ca9c3b 6.4MiB/0.9GiB(0%)][#32a636 8.6MiB/3.3GiB(0%)][#04a308 8.9MiB/3.3GiB(0%)][#733c91 12MiB/3.3GiB(0%)][#3fb81e 10MiB/3.3GiB(0%)](+3)
[DL:2.8MiB][#ca9c3b 6.7MiB/0.9GiB(0%)][#32a636 9.0MiB/3.3GiB(0%)][#04a308 9.3MiB/3.3GiB(0%)][#733c91 12MiB/3.3GiB(0%)][#3fb81e 11MiB/3.3GiB(0%)](+3)
[DL:2.8MiB][#ca9c3b 6.9MiB/0.9GiB(0%)][#32a636 9.3MiB/3.3GiB(0%)][#04a308 9.6MiB/3.3GiB(0%)][#733c91 13MiB/3.3GiB(0%)][#3fb81e 11MiB/3.3GiB(0%)](+3)
[DL:2.9MiB][#ca9c3b 7.2MiB/0.9GiB(0%)][#32a636 9.7MiB/3.3GiB(0%)][#04a308 10MiB/3.3GiB(0%)][#733c91 13MiB/3.3GiB(0%)][#3fb81e 11MiB/3.3GiB(0%)](+3)
[DL:2.8MiB][#ca9c3b 7.6MiB/0.9GiB(0%)][#32a636 10MiB/3.3GiB(0%)][#04a308 10MiB/3.3GiB(0%)][#733c91 14MiB/3.3GiB(0%)][#3fb81e 12MiB/3.3GiB(0%)](+3)
 *** Download Progress Summary as of Fri Aug 14 17:33:29 2026 *** 
===============================================================================
[#ca9c3b 8.0MiB/0.9GiB(0%) CN:1 DL:313KiB ETA:54m29s]
FILE: /home/user/models/models/deepseek-ai-DeepSeek-V4-Flash-0731/model-00001-of-00048.safetensors
-------------------------------------------------------------------------------
[#32a636 10MiB/3.3GiB(0%) CN:1 DL:426KiB ETA:2h15m37s]
FILE: /home/user/models/models/deepseek-ai-DeepSeek-V4-Flash-0731/model-00002-of-00048.safetensors
-------------------------------------------------------------------------------
[#04a308 10MiB/3.3GiB(0%) CN:1 DL:415KiB ETA:2h19m22s]
FILE: /home/user/models/models/deepseek-ai-DeepSeek-V4-Flash-0731/model-00003-of-00048.safetensors
-------------------------------------------------------------------------------
[#733c91 15MiB/3.3GiB(0%) CN:1 DL:578KiB ETA:1h40m42s]
FILE: /home/user/models/models/deepseek-ai-DeepSeek-V4-Flash-0731/model-00004-of-00048.safetensors
-------------------------------------------------------------------------------
[#3fb81e 13MiB/3.3GiB(0%) CN:1 DL:453KiB ETA:2h7m42s]
FILE: /home/user/models/models/deepseek-ai-DeepSeek-V4-Flash-0731/model-00005-of-00048.safetensors
-------------------------------------------------------------------------------
[#bd6521 10MiB/3.3GiB(0%) CN:1 DL:427KiB ETA:2h16m15s]
FILE: /home/user/models/models/deepseek-ai-DeepSeek-V4-Flash-0731/model-00006-of-00048.safetensors
-------------------------------------------------------------------------------
[#27b7ba 5.4MiB/3.3GiB(0%) CN:1 DL:252KiB ETA:3h49m34s]
FILE: /home/user/models/models/deepseek-ai-DeepSeek-V4-Flash-0731/model-00007-of-00048.safetensors
-------------------------------------------------------------------------------
[#a52f97 4.5MiB/3.3GiB(0%) CN:1 DL:203KiB ETA:4h47m3s]
FILE: /home/user/models/models/deepseek-ai-DeepSeek-V4-Flash-0731/model-00008-of-00048.safetensors
-------------------------------------------------------------------------------

[DL:2.9MiB][#ca9c3b 8.0MiB/0.9GiB(0%)][#32a636 10MiB/3.3GiB(0%)][#04a308 10MiB/3.3GiB(0%)][#733c91 15MiB/3.3GiB(0%)][#3fb81e 13MiB/3.3GiB(0%)](+3)
[DL:2.9MiB][#ca9c3b 8.2MiB/0.9GiB(0%)][#32a636 11MiB/3.3GiB(0%)][#04a308 11MiB/3.3GiB(0%)][#733c91 15MiB/3.3GiB(0%)][#3fb81e 13MiB/3.3GiB(0%)](+3)
[DL:2.8MiB][#ca9c3b 8.5MiB/0.9GiB(0%)][#32a636 11MiB/3.3GiB(0%)][#04a308 11MiB/3.3GiB(0%)][#733c91 15MiB/3.3GiB(0%)][#3fb81e 13MiB/3.3GiB(0%)](+3)
[DL:2.7MiB][#ca9c3b 8.7MiB/0.9GiB(0%)][#32a636 11MiB/3.3GiB(0%)][#04a308 11MiB/3.3GiB(0%)][#733c91 16MiB/3.3GiB(0%)][#3fb81e 13MiB/3.3GiB(0%)](+3)
[DL:2.8MiB][#ca9c3b 9.2MiB/0.9GiB(0%)][#32a636 12MiB/3.3GiB(0%)][#04a308 12MiB/3.3GiB(0%)][#733c91 17MiB/3.3GiB(0%)][#3fb81e 14MiB/3.3GiB(0%)](+3)
[DL:2.7MiB][#ca9c3b 9.4MiB/0.9GiB(0%)][#32a636 12MiB/3.3GiB(0%)][#04a308 12MiB/3.3GiB(0%)][#733c91 17MiB/3.3GiB(0%)][#3fb81e 14MiB/3.3GiB(0%)](+3)
[DL:2.7MiB][#ca9c3b 9.7MiB/0.9GiB(0%)][#32a636 12MiB/3.3GiB(0%)][#04a308 12MiB/3.3GiB(0%)][#733c91 17MiB/3.3GiB(0%)][#3fb81e 14MiB/3.3GiB(0%)](+3)
[DL:2.4MiB][#ca9c3b 9.7MiB/0.9GiB(0%)][#32a636 12MiB/3.3GiB(0%)][#04a308 12MiB/3.3GiB(0%)][#733c91 17MiB/3.3GiB(0%)][#3fb81e 15MiB/3.3GiB(0%)](+3)
[DL:2.4MiB][#ca9c3b 10MiB/0.9GiB(0%)][#32a636 13MiB/3.3GiB(0%)][#04a308 13MiB/3.3GiB(0%)][#733c91 18MiB/3.3GiB(0%)][#3fb81e 15MiB/3.3GiB(0%)](+3)
[DL:2.1MiB][#ca9c3b 10MiB/0.9GiB(1%)][#32a636 13MiB/3.3GiB(0%)][#04a308 13MiB/3.3GiB(0%)][#733c91 18MiB/3.3GiB(0%)][#3fb81e 15MiB/3.3GiB(0%)](+3)
[DL:2.0MiB][#ca9c3b 10MiB/0.9GiB(1%)][#32a636 13MiB/3.3GiB(0%)][#04a308 13MiB/3.3GiB(0%)][#733c91 18MiB/3.3GiB(0%)][#3fb81e 15MiB/3.3GiB(0%)](+3)
[DL:2.1MiB][#ca9c3b 10MiB/0.9GiB(1%)][#32a636 14MiB/3.3GiB(0%)][#04a308 14MiB/3.3GiB(0%)][#733c91 19MiB/3.3GiB(0%)][#3fb81e 16MiB/3.3GiB(0%)](+3)
[DL:2.1MiB][#ca9c3b 10MiB/0.9GiB(1%)][#32a636 14MiB/3.3GiB(0%)][#04a308 14MiB/3.3GiB(0%)][#733c91 20MiB/3.3GiB(0%)][#3fb81e 16MiB/3.3GiB(0%)](+3)
[DL:2.0MiB][#ca9c3b 11MiB/0.9GiB(1%)][#32a636 15MiB/3.3GiB(0%)][#04a308 14MiB/3.3GiB(0%)][#733c91 21MiB/3.3GiB(0%)][#3fb81e 16MiB/3.3GiB(0%)](+3)
[DL:2.2MiB][#ca9c3b 11MiB/0.9GiB(1%)][#32a636 15MiB/3.3GiB(0%)][#04a308 14MiB/3.3GiB(0%)][#733c91 22MiB/3.3GiB(0%)][#3fb81e 17MiB/3.3GiB(0%)](+3)
[DL:2.4MiB][#ca9c3b 11MiB/0.9GiB(1%)][#32a636 16MiB/3.3GiB(0%)][#04a308 15MiB/3.3GiB(0%)][#733c91 22MiB/3.3GiB(0%)][#3fb81e 17MiB/3.3GiB(0%)](+3)
[DL:2.5MiB][#ca9c3b 12MiB/0.9GiB(1%)][#32a636 16MiB/3.3GiB(0%)][#04a308 15MiB/3.3GiB(0%)][#733c91 23MiB/3.3GiB(0%)][#3fb81e 17MiB/3.3GiB(0%)](+3)
[DL:2.6MiB][#ca9c3b 12MiB/0.9GiB(1%)][#32a636 16MiB/3.3GiB(0%)][#04a308 15MiB/3.3GiB(0%)][#733c91 24MiB/3.3GiB(0%)][#3fb81e 18MiB/3.3GiB(0%)](+3)
[DL:2.7MiB][#ca9c3b 12MiB/0.9GiB(1%)][#32a636 17MiB/3.3GiB(0%)][#04a308 15MiB/3.3GiB(0%)][#733c91 24MiB/3.3GiB(0%)][#3fb81e 18MiB/3.3GiB(0%)](+3)
[DL:2.7MiB][#ca9c3b 13MiB/0.9GiB(1%)][#32a636 17MiB/3.3GiB(0%)][#04a308 16MiB/3.3GiB(0%)][#733c91 25MiB/3.3GiB(0%)][#3fb81e 18MiB/3.3GiB(0%)](+3)
[DL:2.6MiB][#ca9c3b 13MiB/0.9GiB(1%)][#32a636 17MiB/3.3GiB(0%)][#04a308 16MiB/3.3GiB(0%)][#733c91 25MiB/3.3GiB(0%)][#3fb81e 19MiB/3.3GiB(0%)](+3)
[DL:2.9MiB][#ca9c3b 13MiB/0.9GiB(1%)][#32a636 18MiB/3.3GiB(0%)][#04a308 16MiB/3.3GiB(0%)][#733c91 26MiB/3.3GiB(0%)][#3fb81e 19MiB/3.3GiB(0%)](+3)
[DL:2.8MiB][#ca9c3b 14MiB/0.9GiB(1%)][#32a636 19MiB/3.3GiB(0%)][#04a308 17MiB/3.3GiB(0%)][#733c91 26MiB/3.3GiB(0%)][#3fb81e 19MiB/3.3GiB(0%)](+3)
[DL:3.0MiB][#ca9c3b 14MiB/0.9GiB(1%)][#32a636 19MiB/3.3GiB(0%)][#04a308 17MiB/3.3GiB(0%)][#733c91 27MiB/3.3GiB(0%)][#3fb81e 20MiB/3.3GiB(0%)](+3)
[DL:2.9MiB][#ca9c3b 15MiB/0.9GiB(1%)][#32a636 20MiB/3.3GiB(0%)][#04a308 17MiB/3.3GiB(0%)][#733c91 28MiB/3.3GiB(0%)][#3fb81e 20MiB/3.3GiB(0%)](+3)
[DL:2.8MiB][#ca9c3b 15MiB/0.9GiB(1%)][#32a636 20MiB/3.3GiB(0%)][#04a308 18MiB/3.3GiB(0%)][#733c91 28MiB/3.3GiB(0%)][#3fb81e 21MiB/3.3GiB(0%)](+3)
[DL:2.9MiB][#ca9c3b 15MiB/0.9GiB(1%)][#32a636 20MiB/3.3GiB(0%)][#04a308 18MiB/3.3GiB(0%)][#733c91 29MiB/3.3GiB(0%)][#3fb81e 21MiB/3.3GiB(0%)](+3)
[DL:2.9MiB][#ca9c3b 16MiB/0.9GiB(1%)][#32a636 21MiB/3.3GiB(0%)][#04a308 18MiB/3.3GiB(0%)][#733c91 29MiB/3.3GiB(0%)][#3fb81e 22MiB/3.3GiB(0%)](+3)
[DL:3.1MiB][#ca9c3b 16MiB/0.9GiB(1%)][#32a636 21MiB/3.3GiB(0%)][#04a308 19MiB/3.3GiB(0%)][#733c91 30MiB/3.3GiB(0%)][#3fb81e 22MiB/3.3GiB(0%)](+3)
[DL:3.3MiB][#ca9c3b 17MiB/0.9GiB(1%)][#32a636 22MiB/3.3GiB(0%)][#04a308 19MiB/3.3GiB(0%)][#733c91 30MiB/3.3GiB(0%)][#3fb81e 22MiB/3.3GiB(0%)](+3)
 *** Download Progress Summary as of Fri Aug 14 17:34:00 2026 *** 
===============================================================================
[#ca9c3b 17MiB/0.9GiB(1%) CN:1 DL:401KiB ETA:42m9s]
FILE: /home/user/models/models/deepseek-ai-DeepSeek-V4-Flash-0731/model-00001-of-00048.safetensors
-------------------------------------------------------------------------------
[#32a636 22MiB/3.3GiB(0%) CN:1 DL:501KiB ETA:1h54m51s]
FILE: /home/user/models/models/deepseek-ai-DeepSeek-V4-Flash-0731/model-00002-of-00048.safetensors
-------------------------------------------------------------------------------
[#04a308 19MiB/3.3GiB(0%) CN:1 DL:354KiB ETA:2h42m51s]
FILE: /home/user/models/models/deepseek-ai-DeepSeek-V4-Flash-0731/model-00003-of-00048.safetensors
-------------------------------------------------------------------------------
[#733c91 31MiB/3.3GiB(0%) CN:1 DL:590KiB ETA:1h38m8s]
FILE: /home/user/models/models/deepseek-ai-DeepSeek-V4-Flash-0731/model-00004-of-00048.safetensors
-------------------------------------------------------------------------------
[#3fb81e 23MiB/3.3GiB(0%) CN:1 DL:431KiB ETA:2h13m43s]
FILE: /home/user/models/models/deepseek-ai-DeepSeek-V4-Flash-0731/model-00005-of-00048.safetensors
-------------------------------------------------------------------------------
[#bd6521 20MiB/3.3GiB(0%) CN:1 DL:400KiB ETA:2h25m5s]
FILE: /home/user/models/models/deepseek-ai-DeepSeek-V4-Flash-0731/model-00006-of-00048.safetensors
-------------------------------------------------------------------------------
[#27b7ba 13MiB/3.3GiB(0%) CN:1 DL:325KiB ETA:2h57m28s]
FILE: /home/user/models/models/deepseek-ai-DeepSeek-V4-Flash-0731/model-00007-of-00048.safetensors
-------------------------------------------------------------------------------
[#a52f97 12MiB/3.3GiB(0%) CN:1 DL:343KiB ETA:2h49m24s]
FILE: /home/user/models/models/deepseek-ai-DeepSeek-V4-Flash-0731/model-00008-of-00048.safetensors
-------------------------------------------------------------------------------

[DL:3.3MiB][#ca9c3b 17MiB/0.9GiB(1%)][#32a636 22MiB/3.3GiB(0%)][#04a308 19MiB/3.3GiB(0%)][#733c91 31MiB/3.3GiB(0%)][#3fb81e 23MiB/3.3GiB(0%)](+3)
[DL:3.2MiB][#ca9c3b 17MiB/0.9GiB(1%)][#32a636 23MiB/3.3GiB(0%)][#04a308 20MiB/3.3GiB(0%)][#733c91 31MiB/3.3GiB(0%)][#3fb81e 23MiB/3.3GiB(0%)](+3)
[DL:3.1MiB][#ca9c3b 18MiB/0.9GiB(1%)][#32a636 23MiB/3.3GiB(0%)][#04a308 20MiB/3.3GiB(0%)][#733c91 32MiB/3.3GiB(0%)][#3fb81e 24MiB/3.3GiB(0%)](+3)
[DL:3.1MiB][#ca9c3b 18MiB/0.9GiB(1%)][#32a636 24MiB/3.3GiB(0%)][#04a308 21MiB/3.3GiB(0%)][#733c91 32MiB/3.3GiB(0%)][#3fb81e 24MiB/3.3GiB(0%)](+3)
[DL:3.2MiB][#ca9c3b 19MiB/0.9GiB(1%)][#32a636 24MiB/3.3GiB(0%)][#04a308 21MiB/3.3GiB(0%)][#733c91 33MiB/3.3GiB(0%)][#3fb81e 24MiB/3.3GiB(0%)](+3)
[DL:3.4MiB][#ca9c3b 19MiB/0.9GiB(1%)][#32a636 25MiB/3.3GiB(0%)][#04a308 22MiB/3.3GiB(0%)][#733c91 34MiB/3.3GiB(0%)][#3fb81e 25MiB/3.3GiB(0%)](+3)
[DL:3.3MiB][#ca9c3b 19MiB/0.9GiB(1%)][#32a636 25MiB/3.3GiB(0%)][#04a308 22MiB/3.3GiB(0%)][#733c91 34MiB/3.3GiB(1%)][#3fb81e 25MiB/3.3GiB(0%)](+3)
[DL:3.3MiB][#ca9c3b 20MiB/0.9GiB(2%)][#32a636 26MiB/3.3GiB(0%)][#04a308 22MiB/3.3GiB(0%)][#733c91 35MiB/3.3GiB(1%)][#3fb81e 26MiB/3.3GiB(0%)](+3)
[DL:3.3MiB][#ca9c3b 20MiB/0.9GiB(2%)][#32a636 27MiB/3.3GiB(0%)][#04a308 23MiB/3.3GiB(0%)][#733c91 35MiB/3.3GiB(1%)][#3fb81e 26MiB/3.3GiB(0%)](+3)
[DL:3.2MiB][#ca9c3b 21MiB/0.9GiB(2%)][#32a636 27MiB/3.3GiB(0%)][#04a308 23MiB/3.3GiB(0%)][#733c91 36MiB/3.3GiB(1%)][#3fb81e 26MiB/3.3GiB(0%)](+3)
[DL:3.3MiB][#ca9c3b 21MiB/0.9GiB(2%)][#32a636 28MiB/3.3GiB(0%)][#04a308 24MiB/3.3GiB(0%)][#733c91 36MiB/3.3GiB(1%)][#3fb81e 27MiB/3.3GiB(0%)](+3)
[DL:3.3MiB][#ca9c3b 21MiB/0.9GiB(2%)][#32a636 28MiB/3.3GiB(0%)][#04a308 24MiB/3.3GiB(0%)][#733c91 37MiB/3.3GiB(1%)][#3fb81e 27MiB/3.3GiB(0%)](+3)
[DL:3.4MiB][#ca9c3b 22MiB/0.9GiB(2%)][#32a636 29MiB/3.3GiB(0%)][#04a308 24MiB/3.3GiB(0%)][#733c91 37MiB/3.3GiB(1%)][#3fb81e 28MiB/3.3GiB(0%)](+3)
[DL:3.4MiB][#ca9c3b 23MiB/0.9GiB(2%)][#32a636 29MiB/3.3GiB(0%)][#04a308 25MiB/3.3GiB(0%)][#733c91 38MiB/3.3GiB(1%)][#3fb81e 28MiB/3.3GiB(0%)](+3)
[DL:3.2MiB][#ca9c3b 23MiB/0.9GiB(2%)][#32a636 29MiB/3.3GiB(0%)][#04a308 25MiB/3.3GiB(0%)][#733c91 38MiB/3.3GiB(1%)][#3fb81e 29MiB/3.3GiB(0%)](+3)
[DL:3.0MiB][#ca9c3b 23MiB/0.9GiB(2%)][#32a636 30MiB/3.3GiB(0%)][#04a308 25MiB/3.3GiB(0%)][#733c91 38MiB/3.3GiB(1%)][#3fb81e 29MiB/3.3GiB(0%)](+3)
[DL:3.0MiB][#ca9c3b 24MiB/0.9GiB(2%)][#32a636 30MiB/3.3GiB(0%)][#04a308 26MiB/3.3GiB(0%)][#733c91 39MiB/3.3GiB(1%)][#3fb81e 29MiB/3.3GiB(0%)](+3)
[DL:3.0MiB][#ca9c3b 24MiB/0.9GiB(2%)][#32a636 30MiB/3.3GiB(0%)][#04a308 26MiB/3.3GiB(0%)][#733c91 39MiB/3.3GiB(1%)][#3fb81e 30MiB/3.3GiB(0%)](+3)
[DL:2.8MiB][#ca9c3b 24MiB/0.9GiB(2%)][#32a636 31MiB/3.3GiB(0%)][#04a308 26MiB/3.3GiB(0%)][#733c91 40MiB/3.3GiB(1%)][#3fb81e 30MiB/3.3GiB(0%)](+3)
[DL:2.8MiB][#ca9c3b 25MiB/0.9GiB(2%)][#32a636 31MiB/3.3GiB(0%)][#04a308 27MiB/3.3GiB(0%)][#733c91 40MiB/3.3GiB(1%)][#3fb81e 31MiB/3.3GiB(0%)](+3)
[DL:2.6MiB][#ca9c3b 25MiB/0.9GiB(2%)][#32a636 31MiB/3.3GiB(0%)][#04a308 27MiB/3.3GiB(0%)][#733c91 40MiB/3.3GiB(1%)][#3fb81e 31MiB/3.3GiB(0%)](+3)
[DL:2.6MiB][#ca9c3b 26MiB/0.9GiB(2%)][#32a636 31MiB/3.3GiB(0%)][#04a308 27MiB/3.3GiB(0%)][#733c91 41MiB/3.3GiB(1%)][#3fb81e 31MiB/3.3GiB(0%)](+3)
[DL:2.6MiB][#ca9c3b 26MiB/0.9GiB(2%)][#32a636 32MiB/3.3GiB(0%)][#04a308 28MiB/3.3GiB(0%)][#733c91 41MiB/3.3GiB(1%)][#3fb81e 32MiB/3.3GiB(0%)](+3)
[DL:2.5MiB][#ca9c3b 26MiB/0.9GiB(2%)][#32a636 32MiB/3.3GiB(0%)][#04a308 28MiB/3.3GiB(0%)][#733c91 42MiB/3.3GiB(1%)][#3fb81e 32MiB/3.3GiB(0%)](+3)
[DL:2.7MiB][#ca9c3b 27MiB/0.9GiB(2%)][#32a636 33MiB/3.3GiB(0%)][#04a308 29MiB/3.3GiB(0%)][#733c91 43MiB/3.3GiB(1%)][#3fb81e 32MiB/3.3GiB(0%)](+3)
[DL:3.0MiB][#ca9c3b 28MiB/0.9GiB(2%)][#32a636 33MiB/3.3GiB(0%)][#04a308 29MiB/3.3GiB(0%)][#733c91 43MiB/3.3GiB(1%)][#3fb81e 33MiB/3.3GiB(0%)](+3)
[DL:3.2MiB][#ca9c3b 28MiB/0.9GiB(2%)][#32a636 34MiB/3.3GiB(1%)][#04a308 30MiB/3.3GiB(0%)][#733c91 44MiB/3.3GiB(1%)][#3fb81e 34MiB/3.3GiB(1%)](+3)
[DL:3.3MiB][#ca9c3b 29MiB/0.9GiB(2%)][#32a636 34MiB/3.3GiB(1%)][#04a308 31MiB/3.3GiB(0%)][#733c91 45MiB/3.3GiB(1%)][#3fb81e 34MiB/3.3GiB(1%)](+3)
[DL:3.3MiB][#ca9c3b 29MiB/0.9GiB(2%)][#32a636 35MiB/3.3GiB(1%)][#04a308 31MiB/3.3GiB(0%)][#733c91 45MiB/3.3GiB(1%)][#3fb81e 34MiB/3.3GiB(1%)](+3)
[DL:3.4MiB][#ca9c3b 30MiB/0.9GiB(2%)][#32a636 35MiB/3.3GiB(1%)][#04a308 32MiB/3.3GiB(0%)][#733c91 46MiB/3.3GiB(1%)][#3fb81e 35MiB/3.3GiB(1%)](+3)
 *** Download Progress Summary as of Fri Aug 14 17:34:30 2026 *** 
===============================================================================
[#ca9c3b 30MiB/0.9GiB(3%) CN:1 DL:535KiB ETA:31m11s]
FILE: /home/user/models/models/deepseek-ai-DeepSeek-V4-Flash-0731/model-00001-of-00048.safetensors
-------------------------------------------------------------------------------
[#32a636 36MiB/3.3GiB(1%) CN:1 DL:461KiB ETA:2h4m19s]
FILE: /home/user/models/models/deepseek-ai-DeepSeek-V4-Flash-0731/model-00002-of-00048.safetensors
-------------------------------------------------------------------------------
[#04a308 32MiB/3.3GiB(0%) CN:1 DL:519KiB ETA:1h50m40s]
FILE: /home/user/models/models/deepseek-ai-DeepSeek-V4-Flash-0731/model-00003-of-00048.safetensors
-------------------------------------------------------------------------------
[#733c91 46MiB/3.3GiB(1%) CN:1 DL:611KiB ETA:1h34m26s]
FILE: /home/user/models/models/deepseek-ai-DeepSeek-V4-Flash-0731/model-00004-of-00048.safetensors
-------------------------------------------------------------------------------
[#3fb81e 35MiB/3.3GiB(1%) CN:1 DL:463KiB ETA:2h4m7s]
FILE: /home/user/models/models/deepseek-ai-DeepSeek-V4-Flash-0731/model-00005-of-00048.safetensors
-------------------------------------------------------------------------------
[#bd6521 31MiB/3.3GiB(0%) CN:1 DL:428KiB ETA:2h15m6s]
FILE: /home/user/models/models/deepseek-ai-DeepSeek-V4-Flash-0731/model-00006-of-00048.safetensors
-------------------------------------------------------------------------------
[#27b7ba 23MiB/3.3GiB(0%) CN:1 DL:323KiB ETA:2h58m5s]
FILE: /home/user/models/models/deepseek-ai-DeepSeek-V4-Flash-0731/model-00007-of-00048.safetensors
-------------------------------------------------------------------------------
[#a52f97 21MiB/3.3GiB(0%) CN:1 DL:363KiB ETA:2h39m46s]
FILE: /home/user/models/models/deepseek-ai-DeepSeek-V4-Flash-0731/model-00008-of-00048.safetensors
-------------------------------------------------------------------------------

[DL:3.5MiB][#ca9c3b 30MiB/0.9GiB(3%)][#32a636 36MiB/3.3GiB(1%)][#04a308 32MiB/3.3GiB(0%)][#733c91 46MiB/3.3GiB(1%)][#3fb81e 35MiB/3.3GiB(1%)](+3)
[DL:3.5MiB][#ca9c3b 31MiB/0.9GiB(3%)][#32a636 36MiB/3.3GiB(1%)][#04a308 32MiB/3.3GiB(0%)][#733c91 47MiB/3.3GiB(1%)][#3fb81e 36MiB/3.3GiB(1%)](+3)
[DL:3.4MiB][#ca9c3b 31MiB/0.9GiB(3%)][#32a636 36MiB/3.3GiB(1%)][#04a308 33MiB/3.3GiB(0%)][#733c91 47MiB/3.3GiB(1%)][#3fb81e 36MiB/3.3GiB(1%)](+3)
[DL:3.4MiB][#ca9c3b 31MiB/0.9GiB(3%)][#32a636 36MiB/3.3GiB(1%)][#04a308 33MiB/3.3GiB(0%)][#733c91 47MiB/3.3GiB(1%)][#3fb81e 36MiB/3.3GiB(1%)](+3)
[DL:3.2MiB][#ca9c3b 32MiB/0.9GiB(3%)][#32a636 37MiB/3.3GiB(1%)][#04a308 34MiB/3.3GiB(1%)][#733c91 48MiB/3.3GiB(1%)][#3fb81e 37MiB/3.3GiB(1%)](+3)
[DL:3.0MiB][#ca9c3b 32MiB/0.9GiB(3%)][#32a636 37MiB/3.3GiB(1%)][#04a308 34MiB/3.3GiB(1%)][#733c91 48MiB/3.3GiB(1%)][#3fb81e 37MiB/3.3GiB(1%)](+3)
[DL:2.8MiB][#ca9c3b 33MiB/0.9GiB(3%)][#32a636 37MiB/3.3GiB(1%)][#04a308 34MiB/3.3GiB(1%)][#733c91 49MiB/3.3GiB(1%)][#3fb81e 37MiB/3.3GiB(1%)](+3)
[DL:2.9MiB][#ca9c3b 33MiB/0.9GiB(3%)][#32a636 38MiB/3.3GiB(1%)][#04a308 35MiB/3.3GiB(1%)][#733c91 49MiB/3.3GiB(1%)][#3fb81e 38MiB/3.3GiB(1%)](+3)
[DL:2.9MiB][#ca9c3b 33MiB/0.9GiB(3%)][#32a636 38MiB/3.3GiB(1%)][#04a308 35MiB/3.3GiB(1%)][#733c91 50MiB/3.3GiB(1%)][#3fb81e 38MiB/3.3GiB(1%)](+3)
[DL:2.8MiB][#ca9c3b 34MiB/0.9GiB(3%)][#32a636 38MiB/3.3GiB(1%)][#04a308 36MiB/3.3GiB(1%)][#733c91 50MiB/3.3GiB(1%)][#3fb81e 38MiB/3.3GiB(1%)](+3)
[DL:2.5MiB][#ca9c3b 34MiB/0.9GiB(3%)][#32a636 39MiB/3.3GiB(1%)][#04a308 36MiB/3.3GiB(1%)][#733c91 50MiB/3.3GiB(1%)][#3fb81e 39MiB/3.3GiB(1%)](+3)
[DL:2.6MiB][#ca9c3b 34MiB/0.9GiB(3%)][#32a636 39MiB/3.3GiB(1%)][#04a308 36MiB/3.3GiB(1%)][#733c91 51MiB/3.3GiB(1%)][#3fb81e 39MiB/3.3GiB(1%)](+3)
[DL:2.6MiB][#ca9c3b 35MiB/0.9GiB(3%)][#32a636 39MiB/3.3GiB(1%)][#04a308 37MiB/3.3GiB(1%)][#733c91 51MiB/3.3GiB(1%)][#3fb81e 39MiB/3.3GiB(1%)](+3)
[DL:2.6MiB][#ca9c3b 35MiB/0.9GiB(3%)][#32a636 39MiB/3.3GiB(1%)][#04a308 37MiB/3.3GiB(1%)][#733c91 51MiB/3.3GiB(1%)][#3fb81e 40MiB/3.3GiB(1%)](+3)
[DL:2.5MiB][#ca9c3b 35MiB/0.9GiB(3%)][#32a636 40MiB/3.3GiB(1%)][#04a308 37MiB/3.3GiB(1%)][#733c91 52MiB/3.3GiB(1%)][#3fb81e 40MiB/3.3GiB(1%)](+3)
[DL:2.6MiB][#ca9c3b 36MiB/0.9GiB(3%)][#32a636 40MiB/3.3GiB(1%)][#04a308 37MiB/3.3GiB(1%)][#733c91 52MiB/3.3GiB(1%)][#3fb81e 40MiB/3.3GiB(1%)](+3)
[DL:2.5MiB][#ca9c3b 36MiB/0.9GiB(3%)][#32a636 41MiB/3.3GiB(1%)][#04a308 38MiB/3.3GiB(1%)][#733c91 52MiB/3.3GiB(1%)][#3fb81e 40MiB/3.3GiB(1%)](+3)
[DL:2.6MiB][#ca9c3b 36MiB/0.9GiB(3%)][#32a636 41MiB/3.3GiB(1%)][#04a308 38MiB/3.3GiB(1%)][#733c91 53MiB/3.3GiB(1%)][#3fb81e 41MiB/3.3GiB(1%)](+3)
[DL:2.5MiB][#ca9c3b 36MiB/0.9GiB(3%)][#32a636 42MiB/3.3GiB(1%)][#04a308 39MiB/3.3GiB(1%)][#733c91 53MiB/3.3GiB(1%)][#3fb81e 41MiB/3.3GiB(1%)](+3)
[DL:2.6MiB][#ca9c3b 36MiB/0.9GiB(3%)][#32a636 42MiB/3.3GiB(1%)][#04a308 39MiB/3.3GiB(1%)][#733c91 53MiB/3.3GiB(1%)][#3fb81e 42MiB/3.3GiB(1%)](+3)
[DL:2.6MiB][#ca9c3b 37MiB/0.9GiB(3%)][#32a636 42MiB/3.3GiB(1%)][#04a308 39MiB/3.3GiB(1%)][#733c91 53MiB/3.3GiB(1%)][#3fb81e 42MiB/3.3GiB(1%)](+3)
[DL:2.7MiB][#ca9c3b 37MiB/0.9GiB(3%)][#32a636 43MiB/3.3GiB(1%)][#04a308 40MiB/3.3GiB(1%)][#733c91 54MiB/3.3GiB(1%)][#3fb81e 42MiB/3.3GiB(1%)](+3)
[DL:2.7MiB][#ca9c3b 37MiB/0.9GiB(3%)][#32a636 43MiB/3.3GiB(1%)][#04a308 40MiB/3.3GiB(1%)][#733c91 54MiB/3.3GiB(1%)][#3fb81e 43MiB/3.3GiB(1%)](+3)
[DL:2.8MiB][#ca9c3b 37MiB/0.9GiB(3%)][#32a636 43MiB/3.3GiB(1%)][#04a308 41MiB/3.3GiB(1%)][#733c91 55MiB/3.3GiB(1%)][#3fb81e 43MiB/3.3GiB(1%)](+3)
[DL:2.9MiB][#ca9c3b 38MiB/0.9GiB(3%)][#32a636 44MiB/3.3GiB(1%)][#04a308 41MiB/3.3GiB(1%)][#733c91 55MiB/3.3GiB(1%)][#3fb81e 44MiB/3.3GiB(1%)](+3)
[DL:2.9MiB][#ca9c3b 38MiB/0.9GiB(3%)][#32a636 44MiB/3.3GiB(1%)][#04a308 42MiB/3.3GiB(1%)][#733c91 56MiB/3.3GiB(1%)][#3fb81e 44MiB/3.3GiB(1%)](+3)
[DL:2.8MiB][#ca9c3b 38MiB/0.9GiB(3%)][#32a636 44MiB/3.3GiB(1%)][#04a308 42MiB/3.3GiB(1%)][#733c91 56MiB/3.3GiB(1%)][#3fb81e 45MiB/3.3GiB(1%)](+3)
[DL:2.8MiB][#ca9c3b 38MiB/0.9GiB(3%)][#32a636 45MiB/3.3GiB(1%)][#04a308 43MiB/3.3GiB(1%)][#733c91 57MiB/3.3GiB(1%)][#3fb81e 45MiB/3.3GiB(1%)](+3)
[DL:2.9MiB][#ca9c3b 39MiB/0.9GiB(3%)][#32a636 45MiB/3.3GiB(1%)][#04a308 43MiB/3.3GiB(1%)][#733c91 57MiB/3.3GiB(1%)][#3fb81e 46MiB/3.3GiB(1%)](+3)
[DL:3.0MiB][#ca9c3b 39MiB/0.9GiB(3%)][#32a636 45MiB/3.3GiB(1%)][#04a308 44MiB/3.3GiB(1%)][#733c91 58MiB/3.3GiB(1%)][#3fb81e 46MiB/3.3GiB(1%)](+3)
[DL:3.1MiB][#ca9c3b 39MiB/0.9GiB(3%)][#32a636 46MiB/3.3GiB(1%)][#04a308 44MiB/3.3GiB(1%)][#733c91 58MiB/3.3GiB(1%)][#3fb81e 47MiB/3.3GiB(1%)](+3)
 *** Download Progress Summary as of Fri Aug 14 17:35:01 2026 *** 
===============================================================================
[#ca9c3b 40MiB/0.9GiB(3%) CN:1 DL:301KiB ETA:54m51s]
FILE: /home/user/models/models/deepseek-ai-DeepSeek-V4-Flash-0731/model-00001-of-00048.safetensors
-------------------------------------------------------------------------------
[#32a636 46MiB/3.3GiB(1%) CN:1 DL:368KiB ETA:2h35m33s]
FILE: /home/user/models/models/deepseek-ai-DeepSeek-V4-Flash-0731/model-00002-of-00048.safetensors
-------------------------------------------------------------------------------
[#04a308 45MiB/3.3GiB(1%) CN:1 DL:538KiB ETA:1h46m25s]
FILE: /home/user/models/models/deepseek-ai-DeepSeek-V4-Flash-0731/model-00003-of-00048.safetensors
-------------------------------------------------------------------------------
[#733c91 59MiB/3.3GiB(1%) CN:1 DL:522KiB ETA:1h50m3s]
FILE: /home/user/models/models/deepseek-ai-DeepSeek-V4-Flash-0731/model-00004-of-00048.safetensors
-------------------------------------------------------------------------------
[#3fb81e 48MiB/3.3GiB(1%) CN:1 DL:535KiB ETA:1h46m53s]
FILE: /home/user/models/models/deepseek-ai-DeepSeek-V4-Flash-0731/model-00005-of-00048.safetensors
-------------------------------------------------------------------------------
[#bd6521 41MiB/3.3GiB(1%) CN:1 DL:333KiB ETA:2h53m2s]
FILE: /home/user/models/models/deepseek-ai-DeepSeek-V4-Flash-0731/model-00006-of-00048.safetensors
-------------------------------------------------------------------------------
[#27b7ba 33MiB/3.3GiB(0%) CN:1 DL:378KiB ETA:2h32m3s]
FILE: /home/user/models/models/deepseek-ai-DeepSeek-V4-Flash-0731/model-00007-of-00048.safetensors
-------------------------------------------------------------------------------
[#a52f97 30MiB/3.3GiB(0%) CN:1 DL:334KiB ETA:2h53m1s]
FILE: /home/user/models/models/deepseek-ai-DeepSeek-V4-Flash-0731/model-00008-of-00048.safetensors
-------------------------------------------------------------------------------

[DL:3.2MiB][#ca9c3b 40MiB/0.9GiB(3%)][#32a636 46MiB/3.3GiB(1%)][#04a308 45MiB/3.3GiB(1%)][#733c91 59MiB/3.3GiB(1%)][#3fb81e 48MiB/3.3GiB(1%)](+3)
[DL:3.3MiB][#ca9c3b 40MiB/0.9GiB(4%)][#32a636 47MiB/3.3GiB(1%)][#04a308 46MiB/3.3GiB(1%)][#733c91 60MiB/3.3GiB(1%)][#3fb81e 48MiB/3.3GiB(1%)](+3)
[DL:3.5MiB][#ca9c3b 41MiB/0.9GiB(4%)][#32a636 47MiB/3.3GiB(1%)][#04a308 46MiB/3.3GiB(1%)][#733c91 61MiB/3.3GiB(1%)][#3fb81e 49MiB/3.3GiB(1%)](+3)
[DL:3.7MiB][#ca9c3b 41MiB/0.9GiB(4%)][#32a636 48MiB/3.3GiB(1%)][#04a308 47MiB/3.3GiB(1%)][#733c91 61MiB/3.3GiB(1%)][#3fb81e 50MiB/3.3GiB(1%)](+3)
[DL:3.9MiB][#ca9c3b 41MiB/0.9GiB(4%)][#32a636 49MiB/3.3GiB(1%)][#04a308 47MiB/3.3GiB(1%)][#733c91 62MiB/3.3GiB(1%)][#3fb81e 50MiB/3.3GiB(1%)](+3)
[DL:3.7MiB][#ca9c3b 42MiB/0.9GiB(4%)][#32a636 49MiB/3.3GiB(1%)][#04a308 48MiB/3.3GiB(1%)][#733c91 62MiB/3.3GiB(1%)][#3fb81e 51MiB/3.3GiB(1%)](+3)
[DL:3.8MiB][#ca9c3b 42MiB/0.9GiB(4%)][#32a636 50MiB/3.3GiB(1%)][#04a308 48MiB/3.3GiB(1%)][#733c91 63MiB/3.3GiB(1%)][#3fb81e 51MiB/3.3GiB(1%)](+3)
[DL:3.7MiB][#ca9c3b 42MiB/0.9GiB(4%)][#32a636 50MiB/3.3GiB(1%)][#04a308 49MiB/3.3GiB(1%)][#733c91 63MiB/3.3GiB(1%)][#3fb81e 52MiB/3.3GiB(1%)](+3)
[DL:3.9MiB][#ca9c3b 43MiB/0.9GiB(4%)][#32a636 51MiB/3.3GiB(1%)][#04a308 49MiB/3.3GiB(1%)][#733c91 64MiB/3.3GiB(1%)][#3fb81e 52MiB/3.3GiB(1%)](+3)
[DL:3.8MiB][#ca9c3b 43MiB/0.9GiB(4%)][#32a636 51MiB/3.3GiB(1%)][#04a308 50MiB/3.3GiB(1%)][#733c91 64MiB/3.3GiB(1%)][#3fb81e 53MiB/3.3GiB(1%)](+3)
[DL:3.6MiB][#ca9c3b 43MiB/0.9GiB(4%)][#32a636 51MiB/3.3GiB(1%)][#04a308 50MiB/3.3GiB(1%)][#733c91 65MiB/3.3GiB(1%)][#3fb81e 53MiB/3.3GiB(1%)](+3)
[DL:3.5MiB][#ca9c3b 43MiB/0.9GiB(4%)][#32a636 52MiB/3.3GiB(1%)][#04a308 50MiB/3.3GiB(1%)][#733c91 65MiB/3.3GiB(1%)][#3fb81e 54MiB/3.3GiB(1%)](+3)
[DL:3.2MiB][#ca9c3b 44MiB/0.9GiB(4%)][#32a636 52MiB/3.3GiB(1%)][#04a308 51MiB/3.3GiB(1%)][#733c91 66MiB/3.3GiB(1%)][#3fb81e 54MiB/3.3GiB(1%)](+3)
[DL:3.0MiB][#ca9c3b 44MiB/0.9GiB(4%)][#32a636 53MiB/3.3GiB(1%)][#04a308 51MiB/3.3GiB(1%)][#733c91 66MiB/3.3GiB(1%)][#3fb81e 55MiB/3.3GiB(1%)](+3)
[DL:3.2MiB][#ca9c3b 44MiB/0.9GiB(4%)][#32a636 53MiB/3.3GiB(1%)][#04a308 51MiB/3.3GiB(1%)][#733c91 67MiB/3.3GiB(1%)][#3fb81e 55MiB/3.3GiB(1%)](+3)
[DL:3.1MiB][#ca9c3b 44MiB/0.9GiB(4%)][#32a636 53MiB/3.3GiB(1%)][#04a308 52MiB/3.3GiB(1%)][#733c91 67MiB/3.3GiB(1%)][#3fb81e 55MiB/3.3GiB(1%)](+3)
[DL:3.0MiB][#ca9c3b 45MiB/0.9GiB(4%)][#32a636 54MiB/3.3GiB(1%)][#04a308 52MiB/3.3GiB(1%)][#733c91 67MiB/3.3GiB(1%)][#3fb81e 56MiB/3.3GiB(1%)](+3)
[DL:2.9MiB][#ca9c3b 45MiB/0.9GiB(4%)][#32a636 54MiB/3.3GiB(1%)][#04a308 52MiB/3.3GiB(1%)][#733c91 68MiB/3.3GiB(1%)][#3fb81e 56MiB/3.3GiB(1%)](+3)
[DL:2.6MiB][#ca9c3b 45MiB/0.9GiB(4%)][#32a636 54MiB/3.3GiB(1%)][#04a308 53MiB/3.3GiB(1%)][#733c91 68MiB/3.3GiB(1%)][#3fb81e 56MiB/3.3GiB(1%)](+3)
[DL:2.6MiB][#ca9c3b 45MiB/0.9GiB(4%)][#32a636 55MiB/3.3GiB(1%)][#04a308 53MiB/3.3GiB(1%)][#733c91 68MiB/3.3GiB(2%)][#3fb81e 57MiB/3.3GiB(1%)](+3)
[DL:2.4MiB][#ca9c3b 45MiB/0.9GiB(4%)][#32a636 55MiB/3.3GiB(1%)][#04a308 53MiB/3.3GiB(1%)][#733c91 68MiB/3.3GiB(2%)][#3fb81e 57MiB/3.3GiB(1%)](+3)
[DL:2.4MiB][#ca9c3b 46MiB/0.9GiB(4%)][#32a636 55MiB/3.3GiB(1%)][#04a308 53MiB/3.3GiB(1%)][#733c91 69MiB/3.3GiB(2%)][#3fb81e 57MiB/3.3GiB(1%)](+3)
[DL:2.4MiB][#ca9c3b 46MiB/0.9GiB(4%)][#32a636 56MiB/3.3GiB(1%)][#04a308 54MiB/3.3GiB(1%)][#733c91 69MiB/3.3GiB(2%)][#3fb81e 58MiB/3.3GiB(1%)](+3)
[DL:2.4MiB][#ca9c3b 46MiB/0.9GiB(4%)][#32a636 56MiB/3.3GiB(1%)][#04a308 54MiB/3.3GiB(1%)][#733c91 70MiB/3.3GiB(2%)][#3fb81e 58MiB/3.3GiB(1%)](+3)
[DL:2.4MiB][#ca9c3b 47MiB/0.9GiB(4%)][#32a636 56MiB/3.3GiB(1%)][#04a308 54MiB/3.3GiB(1%)][#733c91 70MiB/3.3GiB(2%)][#3fb81e 58MiB/3.3GiB(1%)](+3)
[DL:2.4MiB][#ca9c3b 47MiB/0.9GiB(4%)][#32a636 57MiB/3.3GiB(1%)][#04a308 55MiB/3.3GiB(1%)][#733c91 71MiB/3.3GiB(2%)][#3fb81e 59MiB/3.3GiB(1%)](+3)
[DL:2.1MiB][#ca9c3b 47MiB/0.9GiB(4%)][#32a636 57MiB/3.3GiB(1%)][#04a308 55MiB/3.3GiB(1%)][#733c91 71MiB/3.3GiB(2%)][#3fb81e 59MiB/3.3GiB(1%)](+3)
[DL:2.2MiB][#ca9c3b 47MiB/0.9GiB(4%)][#32a636 57MiB/3.3GiB(1%)][#04a308 55MiB/3.3GiB(1%)][#733c91 71MiB/3.3GiB(2%)][#3fb81e 59MiB/3.3GiB(1%)](+3)
[DL:2.1MiB][#ca9c3b 47MiB/0.9GiB(4%)][#32a636 57MiB/3.3GiB(1%)][#04a308 55MiB/3.3GiB(1%)][#733c91 71MiB/3.3GiB(2%)][#3fb81e 59MiB/3.3GiB(1%)](+3)
[DL:2.4MiB][#ca9c3b 48MiB/0.9GiB(4%)][#32a636 58MiB/3.3GiB(1%)][#04a308 55MiB/3.3GiB(1%)][#733c91 72MiB/3.3GiB(2%)][#3fb81e 60MiB/3.3GiB(1%)](+3)
 *** Download Progress Summary as of Fri Aug 14 17:35:31 2026 *** 
===============================================================================
[#ca9c3b 48MiB/0.9GiB(4%) CN:1 DL:259KiB ETA:1h3m20s]
FILE: /home/user/models/models/deepseek-ai-DeepSeek-V4-Flash-0731/model-00001-of-00048.safetensors
-------------------------------------------------------------------------------
[#32a636 58MiB/3.3GiB(1%) CN:1 DL:331KiB ETA:2h52m6s]
FILE: /home/user/models/models/deepseek-ai-DeepSeek-V4-Flash-0731/model-00002-of-00048.safetensors
-------------------------------------------------------------------------------
[#04a308 56MiB/3.3GiB(1%) CN:1 DL:290KiB ETA:3h16m41s]
FILE: /home/user/models/models/deepseek-ai-DeepSeek-V4-Flash-0731/model-00003-of-00048.safetensors
-------------------------------------------------------------------------------
[#733c91 72MiB/3.3GiB(2%) CN:1 DL:389KiB ETA:2h27m1s]
FILE: /home/user/models/models/deepseek-ai-DeepSeek-V4-Flash-0731/model-00004-of-00048.safetensors
-------------------------------------------------------------------------------
[#3fb81e 61MiB/3.3GiB(1%) CN:1 DL:360KiB ETA:2h38m16s]
FILE: /home/user/models/models/deepseek-ai-DeepSeek-V4-Flash-0731/model-00005-of-00048.safetensors
-------------------------------------------------------------------------------
[#bd6521 51MiB/3.3GiB(1%) CN:1 DL:327KiB ETA:2h55m54s]
FILE: /home/user/models/models/deepseek-ai-DeepSeek-V4-Flash-0731/model-00006-of-00048.safetensors
-------------------------------------------------------------------------------
[#27b7ba 43MiB/3.3GiB(1%) CN:1 DL:226KiB ETA:4h13m12s]
FILE: /home/user/models/models/deepseek-ai-DeepSeek-V4-Flash-0731/model-00007-of-00048.safetensors
-------------------------------------------------------------------------------
[#a52f97 43MiB/3.3GiB(1%) CN:1 DL:442KiB ETA:2h10m29s]
FILE: /home/user/models/models/deepseek-ai-DeepSeek-V4-Flash-0731/model-00008-of-00048.safetensors
-------------------------------------------------------------------------------

[DL:2.5MiB][#ca9c3b 48MiB/0.9GiB(4%)][#32a636 58MiB/3.3GiB(1%)][#04a308 56MiB/3.3GiB(1%)][#733c91 72MiB/3.3GiB(2%)][#3fb81e 61MiB/3.3GiB(1%)](+3)
[DL:2.7MiB][#ca9c3b 48MiB/0.9GiB(4%)][#32a636 59MiB/3.3GiB(1%)][#04a308 56MiB/3.3GiB(1%)][#733c91 73MiB/3.3GiB(2%)][#3fb81e 61MiB/3.3GiB(1%)](+3)
[DL:2.8MiB][#ca9c3b 49MiB/0.9GiB(4%)][#32a636 59MiB/3.3GiB(1%)][#04a308 57MiB/3.3GiB(1%)][#733c91 73MiB/3.3GiB(2%)][#3fb81e 62MiB/3.3GiB(1%)](+3)
[DL:2.7MiB][#ca9c3b 49MiB/0.9GiB(4%)][#32a636 59MiB/3.3GiB(1%)][#04a308 57MiB/3.3GiB(1%)][#733c91 74MiB/3.3GiB(2%)][#3fb81e 62MiB/3.3GiB(1%)](+3)
[DL:2.7MiB][#ca9c3b 49MiB/0.9GiB(4%)][#32a636 60MiB/3.3GiB(1%)][#04a308 57MiB/3.3GiB(1%)][#733c91 74MiB/3.3GiB(2%)][#3fb81e 62MiB/3.3GiB(1%)](+3)
[DL:2.8MiB][#ca9c3b 50MiB/0.9GiB(4%)][#32a636 60MiB/3.3GiB(1%)][#04a308 58MiB/3.3GiB(1%)][#733c91 74MiB/3.3GiB(2%)][#3fb81e 63MiB/3.3GiB(1%)](+3)
[DL:3.0MiB][#ca9c3b 50MiB/0.9GiB(5%)][#32a636 61MiB/3.3GiB(1%)][#04a308 58MiB/3.3GiB(1%)][#733c91 75MiB/3.3GiB(2%)][#3fb81e 63MiB/3.3GiB(1%)](+3)
[DL:3.5MiB][#ca9c3b 51MiB/0.9GiB(5%)][#32a636 61MiB/3.3GiB(1%)][#04a308 58MiB/3.3GiB(1%)][#733c91 76MiB/3.3GiB(2%)][#3fb81e 64MiB/3.3GiB(1%)](+3)
[DL:3.6MiB][#ca9c3b 51MiB/0.9GiB(5%)][#32a636 62MiB/3.3GiB(1%)][#04a308 59MiB/3.3GiB(1%)][#733c91 76MiB/3.3GiB(2%)][#3fb81e 64MiB/3.3GiB(1%)](+3)
[DL:3.4MiB][#ca9c3b 51MiB/0.9GiB(5%)][#32a636 62MiB/3.3GiB(1%)][#04a308 59MiB/3.3GiB(1%)][#733c91 77MiB/3.3GiB(2%)][#3fb81e 65MiB/3.3GiB(1%)](+3)
[DL:3.4MiB][#ca9c3b 52MiB/0.9GiB(5%)][#32a636 62MiB/3.3GiB(1%)][#04a308 60MiB/3.3GiB(1%)][#733c91 77MiB/3.3GiB(2%)][#3fb81e 66MiB/3.3GiB(1%)](+3)
[DL:3.3MiB][#ca9c3b 52MiB/0.9GiB(5%)][#32a636 63MiB/3.3GiB(1%)][#04a308 60MiB/3.3GiB(1%)][#733c91 78MiB/3.3GiB(2%)][#3fb81e 66MiB/3.3GiB(1%)](+3)
[DL:3.4MiB][#ca9c3b 52MiB/0.9GiB(5%)][#32a636 63MiB/3.3GiB(1%)][#04a308 60MiB/3.3GiB(1%)][#733c91 78MiB/3.3GiB(2%)][#3fb81e 67MiB/3.3GiB(1%)](+3)
[DL:3.6MiB][#ca9c3b 53MiB/0.9GiB(5%)][#32a636 64MiB/3.3GiB(1%)][#04a308 61MiB/3.3GiB(1%)][#733c91 79MiB/3.3GiB(2%)][#3fb81e 67MiB/3.3GiB(1%)](+3)
[DL:3.6MiB][#ca9c3b 53MiB/0.9GiB(5%)][#32a636 64MiB/3.3GiB(1%)][#04a308 61MiB/3.3GiB(1%)][#733c91 79MiB/3.3GiB(2%)][#3fb81e 68MiB/3.3GiB(2%)](+3)
[DL:3.6MiB][#ca9c3b 53MiB/0.9GiB(5%)][#32a636 65MiB/3.3GiB(1%)][#04a308 61MiB/3.3GiB(1%)][#733c91 80MiB/3.3GiB(2%)][#3fb81e 69MiB/3.3GiB(2%)](+3)
[DL:3.5MiB][#ca9c3b 54MiB/0.9GiB(5%)][#32a636 65MiB/3.3GiB(1%)][#04a308 62MiB/3.3GiB(1%)][#733c91 80MiB/3.3GiB(2%)][#3fb81e 69MiB/3.3GiB(2%)](+3)
[DL:3.2MiB][#ca9c3b 54MiB/0.9GiB(5%)][#32a636 65MiB/3.3GiB(1%)][#04a308 62MiB/3.3GiB(1%)][#733c91 80MiB/3.3GiB(2%)][#3fb81e 69MiB/3.3GiB(2%)](+3)
[DL:3.2MiB][#ca9c3b 54MiB/0.9GiB(5%)][#32a636 66MiB/3.3GiB(1%)][#04a308 62MiB/3.3GiB(1%)][#733c91 81MiB/3.3GiB(2%)][#3fb81e 70MiB/3.3GiB(2%)](+3)
[DL:3.2MiB][#ca9c3b 54MiB/0.9GiB(5%)][#32a636 67MiB/3.3GiB(1%)][#04a308 62MiB/3.3GiB(1%)][#733c91 81MiB/3.3GiB(2%)][#3fb81e 70MiB/3.3GiB(2%)](+3)
[DL:3.3MiB][#ca9c3b 55MiB/0.9GiB(5%)][#32a636 67MiB/3.3GiB(1%)][#04a308 63MiB/3.3GiB(1%)][#733c91 81MiB/3.3GiB(2%)][#3fb81e 70MiB/3.3GiB(2%)](+3)
[DL:3.2MiB][#ca9c3b 55MiB/0.9GiB(5%)][#32a636 68MiB/3.3GiB(2%)][#04a308 63MiB/3.3GiB(1%)][#733c91 82MiB/3.3GiB(2%)][#3fb81e 71MiB/3.3GiB(2%)](+3)
[DL:3.1MiB][#ca9c3b 55MiB/0.9GiB(5%)][#32a636 68MiB/3.3GiB(2%)][#04a308 63MiB/3.3GiB(1%)][#733c91 82MiB/3.3GiB(2%)][#3fb81e 71MiB/3.3GiB(2%)](+3)
[DL:3.1MiB][#ca9c3b 55MiB/0.9GiB(5%)][#32a636 69MiB/3.3GiB(2%)][#04a308 64MiB/3.3GiB(1%)][#733c91 83MiB/3.3GiB(2%)][#3fb81e 72MiB/3.3GiB(2%)](+3)
[DL:3.0MiB][#ca9c3b 56MiB/0.9GiB(5%)][#32a636 69MiB/3.3GiB(2%)][#04a308 64MiB/3.3GiB(1%)][#733c91 83MiB/3.3GiB(2%)][#3fb81e 72MiB/3.3GiB(2%)](+3)
[DL:2.9MiB][#ca9c3b 56MiB/0.9GiB(5%)][#32a636 70MiB/3.3GiB(2%)][#04a308 64MiB/3.3GiB(1%)][#733c91 83MiB/3.3GiB(2%)][#3fb81e 73MiB/3.3GiB(2%)](+3)
[DL:3.0MiB][#ca9c3b 56MiB/0.9GiB(5%)][#32a636 70MiB/3.3GiB(2%)][#04a308 64MiB/3.3GiB(1%)][#733c91 83MiB/3.3GiB(2%)][#3fb81e 73MiB/3.3GiB(2%)](+3)
[DL:3.0MiB][#ca9c3b 57MiB/0.9GiB(5%)][#32a636 71MiB/3.3GiB(2%)][#04a308 64MiB/3.3GiB(1%)][#733c91 84MiB/3.3GiB(2%)][#3fb81e 73MiB/3.3GiB(2%)](+3)
[DL:3.0MiB][#ca9c3b 57MiB/0.9GiB(5%)][#32a636 71MiB/3.3GiB(2%)][#04a308 65MiB/3.3GiB(1%)][#733c91 84MiB/3.3GiB(2%)][#3fb81e 74MiB/3.3GiB(2%)](+3)
[DL:3.1MiB][#ca9c3b 57MiB/0.9GiB(5%)][#32a636 72MiB/3.3GiB(2%)][#04a308 65MiB/3.3GiB(1%)][#733c91 85MiB/3.3GiB(2%)][#3fb81e 74MiB/3.3GiB(2%)](+3)
[DL:3.0MiB][#ca9c3b 57MiB/0.9GiB(5%)][#32a636 72MiB/3.3GiB(2%)][#04a308 65MiB/3.3GiB(1%)][#733c91 85MiB/3.3GiB(2%)][#3fb81e 75MiB/3.3GiB(2%)](+3)
 *** Download Progress Summary as of Fri Aug 14 17:36:02 2026 *** 
===============================================================================
[#ca9c3b 58MiB/0.9GiB(5%) CN:1 DL:271KiB ETA:59m56s]
FILE: /home/user/models/models/deepseek-ai-DeepSeek-V4-Flash-0731/model-00001-of-00048.safetensors
-------------------------------------------------------------------------------
[#32a636 73MiB/3.3GiB(2%) CN:1 DL:532KiB ETA:1h46m37s]
FILE: /home/user/models/models/deepseek-ai-DeepSeek-V4-Flash-0731/model-00002-of-00048.safetensors
-------------------------------------------------------------------------------
[#04a308 66MiB/3.3GiB(1%) CN:1 DL:263KiB ETA:3h35m40s]
FILE: /home/user/models/models/deepseek-ai-DeepSeek-V4-Flash-0731/model-00003-of-00048.safetensors
-------------------------------------------------------------------------------
[#733c91 85MiB/3.3GiB(2%) CN:1 DL:322KiB ETA:2h57m8s]
FILE: /home/user/models/models/deepseek-ai-DeepSeek-V4-Flash-0731/model-00004-of-00048.safetensors
-------------------------------------------------------------------------------
[#3fb81e 75MiB/3.3GiB(2%) CN:1 DL:404KiB ETA:2h20m18s]
FILE: /home/user/models/models/deepseek-ai-DeepSeek-V4-Flash-0731/model-00005-of-00048.safetensors
-------------------------------------------------------------------------------
[#bd6521 63MiB/3.3GiB(1%) CN:1 DL:385KiB ETA:2h28m48s]
FILE: /home/user/models/models/deepseek-ai-DeepSeek-V4-Flash-0731/model-00006-of-00048.safetensors
-------------------------------------------------------------------------------
[#27b7ba 54MiB/3.3GiB(1%) CN:1 DL:377KiB ETA:2h31m15s]
FILE: /home/user/models/models/deepseek-ai-DeepSeek-V4-Flash-0731/model-00007-of-00048.safetensors
-------------------------------------------------------------------------------
[#a52f97 58MiB/3.3GiB(1%) CN:1 DL:433KiB ETA:2h12m21s]
FILE: /home/user/models/models/deepseek-ai-DeepSeek-V4-Flash-0731/model-00008-of-00048.safetensors
-------------------------------------------------------------------------------

[DL:2.8MiB][#ca9c3b 58MiB/0.9GiB(5%)][#32a636 73MiB/3.3GiB(2%)][#04a308 66MiB/3.3GiB(1%)][#733c91 85MiB/3.3GiB(2%)][#3fb81e 75MiB/3.3GiB(2%)](+3)
[DL:2.9MiB][#ca9c3b 58MiB/0.9GiB(5%)][#32a636 74MiB/3.3GiB(2%)][#04a308 66MiB/3.3GiB(1%)][#733c91 85MiB/3.3GiB(2%)][#3fb81e 75MiB/3.3GiB(2%)](+3)
[DL:2.8MiB][#ca9c3b 58MiB/0.9GiB(5%)][#32a636 74MiB/3.3GiB(2%)][#04a308 66MiB/3.3GiB(1%)][#733c91 85MiB/3.3GiB(2%)][#3fb81e 75MiB/3.3GiB(2%)](+3)
[DL:2.8MiB][#ca9c3b 58MiB/0.9GiB(5%)][#32a636 75MiB/3.3GiB(2%)][#04a308 66MiB/3.3GiB(1%)][#733c91 86MiB/3.3GiB(2%)][#3fb81e 76MiB/3.3GiB(2%)](+3)
[DL:3.0MiB][#ca9c3b 59MiB/0.9GiB(5%)][#32a636 75MiB/3.3GiB(2%)][#04a308 67MiB/3.3GiB(1%)][#733c91 86MiB/3.3GiB(2%)][#3fb81e 76MiB/3.3GiB(2%)](+3)
[DL:3.1MiB][#ca9c3b 59MiB/0.9GiB(5%)][#32a636 76MiB/3.3GiB(2%)][#04a308 67MiB/3.3GiB(1%)][#733c91 86MiB/3.3GiB(2%)][#3fb81e 77MiB/3.3GiB(2%)](+3)
[DL:3.2MiB][#ca9c3b 59MiB/0.9GiB(5%)][#32a636 77MiB/3.3GiB(2%)][#04a308 67MiB/3.3GiB(1%)][#733c91 87MiB/3.3GiB(2%)][#3fb81e 77MiB/3.3GiB(2%)](+3)
[DL:3.2MiB][#ca9c3b 59MiB/0.9GiB(5%)][#32a636 77MiB/3.3GiB(2%)][#04a308 68MiB/3.3GiB(2%)][#733c91 87MiB/3.3GiB(2%)][#3fb81e 78MiB/3.3GiB(2%)](+3)
[DL:3.3MiB][#ca9c3b 60MiB/0.9GiB(5%)][#32a636 78MiB/3.3GiB(2%)][#04a308 68MiB/3.3GiB(2%)][#733c91 87MiB/3.3GiB(2%)][#3fb81e 78MiB/3.3GiB(2%)](+3)
[DL:3.5MiB][#ca9c3b 60MiB/0.9GiB(5%)][#32a636 79MiB/3.3GiB(2%)][#04a308 69MiB/3.3GiB(2%)][#733c91 88MiB/3.3GiB(2%)][#3fb81e 79MiB/3.3GiB(2%)](+3)
[DL:3.6MiB][#ca9c3b 60MiB/0.9GiB(6%)][#32a636 79MiB/3.3GiB(2%)][#04a308 69MiB/3.3GiB(2%)][#733c91 88MiB/3.3GiB(2%)][#3fb81e 80MiB/3.3GiB(2%)](+3)
[DL:3.5MiB][#ca9c3b 61MiB/0.9GiB(6%)][#32a636 79MiB/3.3GiB(2%)][#04a308 69MiB/3.3GiB(2%)][#733c91 88MiB/3.3GiB(2%)][#3fb81e 80MiB/3.3GiB(2%)](+3)
[DL:3.5MiB][#ca9c3b 61MiB/0.9GiB(6%)][#32a636 80MiB/3.3GiB(2%)][#04a308 70MiB/3.3GiB(2%)][#733c91 89MiB/3.3GiB(2%)][#3fb81e 80MiB/3.3GiB(2%)](+3)
[DL:3.6MiB][#ca9c3b 61MiB/0.9GiB(6%)][#32a636 80MiB/3.3GiB(2%)][#04a308 70MiB/3.3GiB(2%)][#733c91 89MiB/3.3GiB(2%)][#3fb81e 81MiB/3.3GiB(2%)](+3)
[DL:3.4MiB][#ca9c3b 61MiB/0.9GiB(6%)][#32a636 81MiB/3.3GiB(2%)][#04a308 70MiB/3.3GiB(2%)][#733c91 89MiB/3.3GiB(2%)][#3fb81e 81MiB/3.3GiB(2%)](+3)
[DL:3.3MiB][#ca9c3b 61MiB/0.9GiB(6%)][#32a636 81MiB/3.3GiB(2%)][#04a308 71MiB/3.3GiB(2%)][#733c91 89MiB/3.3GiB(2%)][#3fb81e 82MiB/3.3GiB(2%)](+3)
[DL:3.5MiB][#ca9c3b 62MiB/0.9GiB(6%)][#32a636 83MiB/3.3GiB(2%)][#04a308 71MiB/3.3GiB(2%)][#733c91 90MiB/3.3GiB(2%)][#3fb81e 82MiB/3.3GiB(2%)](+3)
[DL:3.6MiB][#ca9c3b 62MiB/0.9GiB(6%)][#32a636 83MiB/3.3GiB(2%)][#04a308 71MiB/3.3GiB(2%)][#733c91 90MiB/3.3GiB(2%)][#3fb81e 83MiB/3.3GiB(2%)](+3)
[DL:3.3MiB][#ca9c3b 62MiB/0.9GiB(6%)][#32a636 84MiB/3.3GiB(2%)][#04a308 71MiB/3.3GiB(2%)][#733c91 90MiB/3.3GiB(2%)][#3fb81e 83MiB/3.3GiB(2%)](+3)
[DL:3.0MiB][#ca9c3b 62MiB/0.9GiB(6%)][#32a636 84MiB/3.3GiB(2%)][#04a308 72MiB/3.3GiB(2%)][#733c91 90MiB/3.3GiB(2%)][#3fb81e 83MiB/3.3GiB(2%)](+3)
[DL:3.1MiB][#ca9c3b 62MiB/0.9GiB(6%)][#32a636 85MiB/3.3GiB(2%)][#04a308 72MiB/3.3GiB(2%)][#733c91 90MiB/3.3GiB(2%)][#3fb81e 84MiB/3.3GiB(2%)](+3)
[DL:3.1MiB][#ca9c3b 63MiB/0.9GiB(6%)][#32a636 85MiB/3.3GiB(2%)][#04a308 72MiB/3.3GiB(2%)][#733c91 91MiB/3.3GiB(2%)][#3fb81e 84MiB/3.3GiB(2%)](+3)
[DL:3.1MiB][#ca9c3b 63MiB/0.9GiB(6%)][#32a636 86MiB/3.3GiB(2%)][#04a308 72MiB/3.3GiB(2%)][#733c91 91MiB/3.3GiB(2%)][#3fb81e 85MiB/3.3GiB(2%)](+3)
[DL:3.1MiB][#ca9c3b 63MiB/0.9GiB(6%)][#32a636 86MiB/3.3GiB(2%)][#04a308 73MiB/3.3GiB(2%)][#733c91 91MiB/3.3GiB(2%)][#3fb81e 85MiB/3.3GiB(2%)](+3)
[DL:3.2MiB][#ca9c3b 63MiB/0.9GiB(6%)][#32a636 87MiB/3.3GiB(2%)][#04a308 73MiB/3.3GiB(2%)][#733c91 91MiB/3.3GiB(2%)][#3fb81e 86MiB/3.3GiB(2%)](+3)
[DL:3.2MiB][#ca9c3b 64MiB/0.9GiB(6%)][#32a636 88MiB/3.3GiB(2%)][#04a308 73MiB/3.3GiB(2%)][#733c91 92MiB/3.3GiB(2%)][#3fb81e 86MiB/3.3GiB(2%)](+3)
[DL:3.0MiB][#ca9c3b 64MiB/0.9GiB(6%)][#32a636 88MiB/3.3GiB(2%)][#04a308 74MiB/3.3GiB(2%)][#733c91 92MiB/3.3GiB(2%)][#3fb81e 87MiB/3.3GiB(2%)](+3)
[DL:3.0MiB][#ca9c3b 64MiB/0.9GiB(6%)][#32a636 89MiB/3.3GiB(2%)][#04a308 74MiB/3.3GiB(2%)][#733c91 92MiB/3.3GiB(2%)][#3fb81e 87MiB/3.3GiB(2%)](+3)
[DL:3.0MiB][#ca9c3b 65MiB/0.9GiB(6%)][#32a636 89MiB/3.3GiB(2%)][#04a308 74MiB/3.3GiB(2%)][#733c91 92MiB/3.3GiB(2%)][#3fb81e 88MiB/3.3GiB(2%)](+3)
[DL:3.2MiB][#ca9c3b 65MiB/0.9GiB(6%)][#32a636 90MiB/3.3GiB(2%)][#04a308 74MiB/3.3GiB(2%)][#733c91 93MiB/3.3GiB(2%)][#3fb81e 88MiB/3.3GiB(2%)](+3)
 *** Download Progress Summary as of Fri Aug 14 17:36:32 2026 *** 
===============================================================================
[#ca9c3b 65MiB/0.9GiB(6%) CN:1 DL:282KiB ETA:57m8s]
FILE: /home/user/models/models/deepseek-ai-DeepSeek-V4-Flash-0731/model-00001-of-00048.safetensors
-------------------------------------------------------------------------------
[#32a636 90MiB/3.3GiB(2%) CN:1 DL:523KiB ETA:1h47m50s]
FILE: /home/user/models/models/deepseek-ai-DeepSeek-V4-Flash-0731/model-00002-of-00048.safetensors
-------------------------------------------------------------------------------
[#04a308 75MiB/3.3GiB(2%) CN:1 DL:270KiB ETA:3h29m48s]
FILE: /home/user/models/models/deepseek-ai-DeepSeek-V4-Flash-0731/model-00003-of-00048.safetensors
-------------------------------------------------------------------------------
[#733c91 93MiB/3.3GiB(2%) CN:1 DL:237KiB ETA:3h59m43s]
FILE: /home/user/models/models/deepseek-ai-DeepSeek-V4-Flash-0731/model-00004-of-00048.safetensors
-------------------------------------------------------------------------------
[#3fb81e 89MiB/3.3GiB(2%) CN:1 DL:472KiB ETA:1h59m44s]
FILE: /home/user/models/models/deepseek-ai-DeepSeek-V4-Flash-0731/model-00005-of-00048.safetensors
-------------------------------------------------------------------------------
[#bd6521 76MiB/3.3GiB(2%) CN:1 DL:369KiB ETA:2h34m47s]
FILE: /home/user/models/models/deepseek-ai-DeepSeek-V4-Flash-0731/model-00006-of-00048.safetensors
-------------------------------------------------------------------------------
[#27b7ba 68MiB/3.3GiB(1%) CN:1 DL:419KiB ETA:2h15m34s]
FILE: /home/user/models/models/deepseek-ai-DeepSeek-V4-Flash-0731/model-00007-of-00048.safetensors
-------------------------------------------------------------------------------
[#a52f97 75MiB/3.3GiB(2%) CN:1 DL:525KiB ETA:1h48m42s]
FILE: /home/user/models/models/deepseek-ai-DeepSeek-V4-Flash-0731/model-00008-of-00048.safetensors
-------------------------------------------------------------------------------

[DL:3.0MiB][#ca9c3b 65MiB/0.9GiB(6%)][#32a636 90MiB/3.3GiB(2%)][#04a308 75MiB/3.3GiB(2%)][#733c91 93MiB/3.3GiB(2%)][#3fb81e 89MiB/3.3GiB(2%)](+3)
[DL:3.1MiB][#ca9c3b 65MiB/0.9GiB(6%)][#32a636 91MiB/3.3GiB(2%)][#04a308 75MiB/3.3GiB(2%)][#733c91 93MiB/3.3GiB(2%)][#3fb81e 89MiB/3.3GiB(2%)](+3)
[DL:3.3MiB][#ca9c3b 66MiB/0.9GiB(6%)][#32a636 91MiB/3.3GiB(2%)][#04a308 75MiB/3.3GiB(2%)][#733c91 93MiB/3.3GiB(2%)][#3fb81e 90MiB/3.3GiB(2%)](+3)
[DL:3.1MiB][#ca9c3b 66MiB/0.9GiB(6%)][#32a636 92MiB/3.3GiB(2%)][#04a308 76MiB/3.3GiB(2%)][#733c91 94MiB/3.3GiB(2%)][#3fb81e 90MiB/3.3GiB(2%)](+3)
[DL:3.1MiB][#ca9c3b 66MiB/0.9GiB(6%)][#32a636 92MiB/3.3GiB(2%)][#04a308 76MiB/3.3GiB(2%)][#733c91 94MiB/3.3GiB(2%)][#3fb81e 90MiB/3.3GiB(2%)](+3)
[DL:3.0MiB][#ca9c3b 67MiB/0.9GiB(6%)][#32a636 93MiB/3.3GiB(2%)][#04a308 76MiB/3.3GiB(2%)][#733c91 94MiB/3.3GiB(2%)][#3fb81e 91MiB/3.3GiB(2%)](+3)
[DL:3.1MiB][#ca9c3b 67MiB/0.9GiB(6%)][#32a636 93MiB/3.3GiB(2%)][#04a308 77MiB/3.3GiB(2%)][#733c91 94MiB/3.3GiB(2%)][#3fb81e 91MiB/3.3GiB(2%)](+3)
[DL:3.3MiB][#ca9c3b 68MiB/0.9GiB(6%)][#32a636 94MiB/3.3GiB(2%)][#04a308 77MiB/3.3GiB(2%)][#733c91 95MiB/3.3GiB(2%)][#3fb81e 92MiB/3.3GiB(2%)](+3)
[DL:3.3MiB][#ca9c3b 68MiB/0.9GiB(6%)][#32a636 95MiB/3.3GiB(2%)][#04a308 78MiB/3.3GiB(2%)][#733c91 95MiB/3.3GiB(2%)][#3fb81e 92MiB/3.3GiB(2%)](+3)
[DL:3.7MiB][#ca9c3b 68MiB/0.9GiB(6%)][#32a636 95MiB/3.3GiB(2%)][#04a308 78MiB/3.3GiB(2%)][#733c91 96MiB/3.3GiB(2%)][#3fb81e 93MiB/3.3GiB(2%)](+3)
[DL:3.7MiB][#ca9c3b 69MiB/0.9GiB(6%)][#32a636 96MiB/3.3GiB(2%)][#04a308 79MiB/3.3GiB(2%)][#733c91 96MiB/3.3GiB(2%)][#3fb81e 93MiB/3.3GiB(2%)](+3)
[DL:3.8MiB][#ca9c3b 69MiB/0.9GiB(6%)][#32a636 97MiB/3.3GiB(2%)][#04a308 79MiB/3.3GiB(2%)][#733c91 96MiB/3.3GiB(2%)][#3fb81e 94MiB/3.3GiB(2%)](+3)
[DL:3.7MiB][#ca9c3b 70MiB/0.9GiB(6%)][#32a636 97MiB/3.3GiB(2%)][#04a308 80MiB/3.3GiB(2%)][#733c91 97MiB/3.3GiB(2%)][#3fb81e 94MiB/3.3GiB(2%)](+3)
[DL:3.8MiB][#ca9c3b 70MiB/0.9GiB(6%)][#32a636 98MiB/3.3GiB(2%)][#04a308 80MiB/3.3GiB(2%)][#733c91 97MiB/3.3GiB(2%)][#3fb81e 95MiB/3.3GiB(2%)](+3)
[DL:3.9MiB][#ca9c3b 70MiB/0.9GiB(7%)][#32a636 99MiB/3.3GiB(2%)][#04a308 81MiB/3.3GiB(2%)][#733c91 97MiB/3.3GiB(2%)][#3fb81e 95MiB/3.3GiB(2%)](+3)
[DL:4.1MiB][#ca9c3b 71MiB/0.9GiB(7%)][#32a636 99MiB/3.3GiB(2%)][#04a308 81MiB/3.3GiB(2%)][#733c91 98MiB/3.3GiB(2%)][#3fb81e 96MiB/3.3GiB(2%)](+3)
[DL:4.0MiB][#ca9c3b 71MiB/0.9GiB(7%)][#32a636 100MiB/3.3GiB(2%)][#04a308 82MiB/3.3GiB(2%)][#733c91 98MiB/3.3GiB(2%)][#3fb81e 96MiB/3.3GiB(2%)](+3)
[DL:4.2MiB][#ca9c3b 72MiB/0.9GiB(7%)][#32a636 101MiB/3.3GiB(2%)][#04a308 83MiB/3.3GiB(2%)][#733c91 99MiB/3.3GiB(2%)][#3fb81e 96MiB/3.3GiB(2%)](+3)
[DL:4.1MiB][#ca9c3b 72MiB/0.9GiB(7%)][#32a636 102MiB/3.3GiB(3%)][#04a308 83MiB/3.3GiB(2%)][#733c91 99MiB/3.3GiB(2%)][#3fb81e 97MiB/3.3GiB(2%)](+3)
[DL:4.0MiB][#ca9c3b 73MiB/0.9GiB(7%)][#32a636 102MiB/3.3GiB(3%)][#04a308 83MiB/3.3GiB(2%)][#733c91 99MiB/3.3GiB(2%)][#3fb81e 97MiB/3.3GiB(2%)](+3)
[DL:4.0MiB][#ca9c3b 73MiB/0.9GiB(7%)][#32a636 103MiB/3.3GiB(3%)][#04a308 84MiB/3.3GiB(2%)][#733c91 100MiB/3.3GiB(2%)][#3fb81e 97MiB/3.3GiB(2%)](+3)
[DL:3.7MiB][#ca9c3b 73MiB/0.9GiB(7%)][#32a636 103MiB/3.3GiB(3%)][#04a308 84MiB/3.3GiB(2%)][#733c91 100MiB/3.3GiB(2%)][#3fb81e 97MiB/3.3GiB(2%)](+3)
[DL:4.0MiB][#ca9c3b 74MiB/0.9GiB(7%)][#32a636 104MiB/3.3GiB(3%)][#04a308 85MiB/3.3GiB(2%)][#733c91 100MiB/3.3GiB(2%)][#3fb81e 98MiB/3.3GiB(2%)](+3)
[DL:3.8MiB][#ca9c3b 74MiB/0.9GiB(7%)][#32a636 104MiB/3.3GiB(3%)][#04a308 85MiB/3.3GiB(2%)][#733c91 101MiB/3.3GiB(2%)][#3fb81e 98MiB/3.3GiB(2%)](+3)
[DL:3.6MiB][#ca9c3b 74MiB/0.9GiB(7%)][#32a636 105MiB/3.3GiB(3%)][#04a308 85MiB/3.3GiB(2%)][#733c91 101MiB/3.3GiB(2%)][#3fb81e 98MiB/3.3GiB(2%)](+3)
[DL:3.5MiB][#ca9c3b 75MiB/0.9GiB(7%)][#32a636 105MiB/3.3GiB(3%)][#04a308 86MiB/3.3GiB(2%)][#733c91 101MiB/3.3GiB(2%)][#3fb81e 99MiB/3.3GiB(2%)](+3)
[DL:3.2MiB][#ca9c3b 75MiB/0.9GiB(7%)][#32a636 105MiB/3.3GiB(3%)][#04a308 86MiB/3.3GiB(2%)][#733c91 101MiB/3.3GiB(2%)][#3fb81e 99MiB/3.3GiB(2%)](+3)
[DL:3.0MiB][#ca9c3b 76MiB/0.9GiB(7%)][#32a636 106MiB/3.3GiB(3%)][#04a308 86MiB/3.3GiB(2%)][#733c91 102MiB/3.3GiB(2%)][#3fb81e 99MiB/3.3GiB(2%)](+3)
[DL:3.1MiB][#ca9c3b 76MiB/0.9GiB(7%)][#32a636 107MiB/3.3GiB(3%)][#04a308 87MiB/3.3GiB(2%)][#733c91 102MiB/3.3GiB(2%)][#3fb81e 100MiB/3.3GiB(2%)](+3)
[DL:3.2MiB][#ca9c3b 76MiB/0.9GiB(7%)][#32a636 107MiB/3.3GiB(3%)][#04a308 87MiB/3.3GiB(2%)][#733c91 102MiB/3.3GiB(3%)][#3fb81e 100MiB/3.3GiB(2%)](+3)
[DL:3.1MiB][#ca9c3b 77MiB/0.9GiB(7%)][#32a636 107MiB/3.3GiB(3%)][#04a308 88MiB/3.3GiB(2%)][#733c91 103MiB/3.3GiB(3%)][#3fb81e 100MiB/3.3GiB(2%)](+3)
 *** Download Progress Summary as of Fri Aug 14 17:37:03 2026 *** 
===============================================================================
[#ca9c3b 77MiB/0.9GiB(7%) CN:1 DL:397KiB ETA:39m59s]
FILE: /home/user/models/models/deepseek-ai-DeepSeek-V4-Flash-0731/model-00001-of-00048.safetensors
-------------------------------------------------------------------------------
[#32a636 108MiB/3.3GiB(3%) CN:1 DL:485KiB ETA:1h55m39s]
FILE: /home/user/models/models/deepseek-ai-DeepSeek-V4-Flash-0731/model-00002-of-00048.safetensors
-------------------------------------------------------------------------------
[#04a308 88MiB/3.3GiB(2%) CN:1 DL:407KiB ETA:2h18m46s]
FILE: /home/user/models/models/deepseek-ai-DeepSeek-V4-Flash-0731/model-00003-of-00048.safetensors
-------------------------------------------------------------------------------
[#733c91 103MiB/3.3GiB(3%) CN:1 DL:336KiB ETA:2h48m54s]
FILE: /home/user/models/models/deepseek-ai-DeepSeek-V4-Flash-0731/model-00004-of-00048.safetensors
-------------------------------------------------------------------------------
[#3fb81e 101MiB/3.3GiB(2%) CN:1 DL:299KiB ETA:3h8m19s]
FILE: /home/user/models/models/deepseek-ai-DeepSeek-V4-Flash-0731/model-00005-of-00048.safetensors
-------------------------------------------------------------------------------
[#bd6521 90MiB/3.3GiB(2%) CN:1 DL:421KiB ETA:2h14m49s]
FILE: /home/user/models/models/deepseek-ai-DeepSeek-V4-Flash-0731/model-00006-of-00048.safetensors
-------------------------------------------------------------------------------
[#27b7ba 84MiB/3.3GiB(2%) CN:1 DL:443KiB ETA:2h7m51s]
FILE: /home/user/models/models/deepseek-ai-DeepSeek-V4-Flash-0731/model-00007-of-00048.safetensors
-------------------------------------------------------------------------------
[#a52f97 91MiB/3.3GiB(2%) CN:1 DL:454KiB ETA:2h5m3s]
FILE: /home/user/models/models/deepseek-ai-DeepSeek-V4-Flash-0731/model-00008-of-00048.safetensors
-------------------------------------------------------------------------------

[DL:3.1MiB][#ca9c3b 77MiB/0.9GiB(7%)][#32a636 108MiB/3.3GiB(3%)][#04a308 88MiB/3.3GiB(2%)][#733c91 103MiB/3.3GiB(3%)][#3fb81e 101MiB/3.3GiB(2%)](+3)
[DL:3.2MiB][#ca9c3b 78MiB/0.9GiB(7%)][#32a636 109MiB/3.3GiB(3%)][#04a308 89MiB/3.3GiB(2%)][#733c91 104MiB/3.3GiB(3%)][#3fb81e 101MiB/3.3GiB(2%)](+3)
[DL:3.3MiB][#ca9c3b 78MiB/0.9GiB(7%)][#32a636 109MiB/3.3GiB(3%)][#04a308 89MiB/3.3GiB(2%)][#733c91 104MiB/3.3GiB(3%)][#3fb81e 101MiB/3.3GiB(2%)](+3)
[DL:3.5MiB][#ca9c3b 79MiB/0.9GiB(7%)][#32a636 110MiB/3.3GiB(3%)][#04a308 90MiB/3.3GiB(2%)][#733c91 105MiB/3.3GiB(3%)][#3fb81e 102MiB/3.3GiB(3%)](+3)
[DL:3.5MiB][#ca9c3b 79MiB/0.9GiB(7%)][#32a636 110MiB/3.3GiB(3%)][#04a308 90MiB/3.3GiB(2%)][#733c91 105MiB/3.3GiB(3%)][#3fb81e 102MiB/3.3GiB(3%)](+3)
[DL:3.5MiB][#ca9c3b 79MiB/0.9GiB(7%)][#32a636 111MiB/3.3GiB(3%)][#04a308 91MiB/3.3GiB(2%)][#733c91 105MiB/3.3GiB(3%)][#3fb81e 102MiB/3.3GiB(3%)](+3)
[DL:3.6MiB][#ca9c3b 80MiB/0.9GiB(7%)][#32a636 111MiB/3.3GiB(3%)][#04a308 91MiB/3.3GiB(2%)][#733c91 106MiB/3.3GiB(3%)][#3fb81e 103MiB/3.3GiB(3%)](+3)
[DL:3.7MiB][#ca9c3b 80MiB/0.9GiB(8%)][#32a636 112MiB/3.3GiB(3%)][#04a308 91MiB/3.3GiB(2%)][#733c91 106MiB/3.3GiB(3%)][#3fb81e 103MiB/3.3GiB(3%)](+3)
[DL:3.6MiB][#ca9c3b 81MiB/0.9GiB(8%)][#32a636 112MiB/3.3GiB(3%)][#04a308 92MiB/3.3GiB(2%)][#733c91 106MiB/3.3GiB(3%)][#3fb81e 103MiB/3.3GiB(3%)](+3)
[DL:3.4MiB][#ca9c3b 81MiB/0.9GiB(8%)][#32a636 112MiB/3.3GiB(3%)][#04a308 92MiB/3.3GiB(2%)][#733c91 107MiB/3.3GiB(3%)][#3fb81e 103MiB/3.3GiB(3%)](+3)
[DL:3.0MiB][#ca9c3b 82MiB/0.9GiB(8%)][#32a636 113MiB/3.3GiB(3%)][#04a308 93MiB/3.3GiB(2%)][#733c91 107MiB/3.3GiB(3%)][#3fb81e 104MiB/3.3GiB(3%)](+3)
[DL:3.1MiB][#ca9c3b 82MiB/0.9GiB(8%)][#32a636 113MiB/3.3GiB(3%)][#04a308 93MiB/3.3GiB(2%)][#733c91 108MiB/3.3GiB(3%)][#3fb81e 104MiB/3.3GiB(3%)](+3)
[DL:3.0MiB][#ca9c3b 82MiB/0.9GiB(8%)][#32a636 114MiB/3.3GiB(3%)][#04a308 94MiB/3.3GiB(2%)][#733c91 108MiB/3.3GiB(3%)][#3fb81e 104MiB/3.3GiB(3%)](+3)
[DL:3.0MiB][#ca9c3b 83MiB/0.9GiB(8%)][#32a636 114MiB/3.3GiB(3%)][#04a308 94MiB/3.3GiB(2%)][#733c91 108MiB/3.3GiB(3%)][#3fb81e 105MiB/3.3GiB(3%)](+3)
[DL:3.0MiB][#ca9c3b 83MiB/0.9GiB(8%)][#32a636 114MiB/3.3GiB(3%)][#04a308 94MiB/3.3GiB(2%)][#733c91 109MiB/3.3GiB(3%)][#3fb81e 105MiB/3.3GiB(3%)](+3)
[DL:2.8MiB][#ca9c3b 84MiB/0.9GiB(8%)][#32a636 115MiB/3.3GiB(3%)][#04a308 95MiB/3.3GiB(2%)][#733c91 109MiB/3.3GiB(3%)][#3fb81e 105MiB/3.3GiB(3%)](+3)
[DL:2.9MiB][#ca9c3b 85MiB/0.9GiB(8%)][#32a636 115MiB/3.3GiB(3%)][#04a308 95MiB/3.3GiB(2%)][#733c91 109MiB/3.3GiB(3%)][#3fb81e 106MiB/3.3GiB(3%)](+3)
[DL:2.8MiB][#ca9c3b 85MiB/0.9GiB(8%)][#32a636 116MiB/3.3GiB(3%)][#04a308 96MiB/3.3GiB(2%)][#733c91 110MiB/3.3GiB(3%)][#3fb81e 106MiB/3.3GiB(3%)](+3)
[DL:2.8MiB][#ca9c3b 85MiB/0.9GiB(8%)][#32a636 116MiB/3.3GiB(3%)][#04a308 96MiB/3.3GiB(2%)][#733c91 110MiB/3.3GiB(3%)][#3fb81e 106MiB/3.3GiB(3%)](+3)
[DL:2.9MiB][#ca9c3b 85MiB/0.9GiB(8%)][#32a636 116MiB/3.3GiB(3%)][#04a308 96MiB/3.3GiB(2%)][#733c91 110MiB/3.3GiB(3%)][#3fb81e 106MiB/3.3GiB(3%)](+3)
[DL:3.1MiB][#ca9c3b 86MiB/0.9GiB(8%)][#32a636 117MiB/3.3GiB(3%)][#04a308 97MiB/3.3GiB(2%)][#733c91 111MiB/3.3GiB(3%)][#3fb81e 107MiB/3.3GiB(3%)](+3)
[DL:3.0MiB][#ca9c3b 86MiB/0.9GiB(8%)][#32a636 117MiB/3.3GiB(3%)][#04a308 98MiB/3.3GiB(2%)][#733c91 112MiB/3.3GiB(3%)][#3fb81e 107MiB/3.3GiB(3%)](+3)
[DL:3.0MiB][#ca9c3b 87MiB/0.9GiB(8%)][#32a636 118MiB/3.3GiB(3%)][#04a308 98MiB/3.3GiB(2%)][#733c91 112MiB/3.3GiB(3%)][#3fb81e 108MiB/3.3GiB(3%)](+3)
[DL:3.0MiB][#ca9c3b 87MiB/0.9GiB(8%)][#32a636 118MiB/3.3GiB(3%)][#04a308 98MiB/3.3GiB(2%)][#733c91 112MiB/3.3GiB(3%)][#3fb81e 108MiB/3.3GiB(3%)](+3)
[DL:3.1MiB][#ca9c3b 88MiB/0.9GiB(8%)][#32a636 119MiB/3.3GiB(3%)][#04a308 99MiB/3.3GiB(2%)][#733c91 113MiB/3.3GiB(3%)][#3fb81e 108MiB/3.3GiB(3%)](+3)
[DL:3.0MiB][#ca9c3b 88MiB/0.9GiB(8%)][#32a636 119MiB/3.3GiB(3%)][#04a308 99MiB/3.3GiB(2%)][#733c91 113MiB/3.3GiB(3%)][#3fb81e 109MiB/3.3GiB(3%)](+3)
[DL:3.2MiB][#ca9c3b 89MiB/0.9GiB(8%)][#32a636 120MiB/3.3GiB(3%)][#04a308 100MiB/3.3GiB(2%)][#733c91 114MiB/3.3GiB(3%)][#3fb81e 109MiB/3.3GiB(3%)](+3)
[DL:3.4MiB][#ca9c3b 89MiB/0.9GiB(8%)][#32a636 120MiB/3.3GiB(3%)][#04a308 100MiB/3.3GiB(2%)][#733c91 114MiB/3.3GiB(3%)][#3fb81e 109MiB/3.3GiB(3%)](+3)
[DL:3.6MiB][#ca9c3b 90MiB/0.9GiB(8%)][#32a636 120MiB/3.3GiB(3%)][#04a308 101MiB/3.3GiB(2%)][#733c91 115MiB/3.3GiB(3%)][#3fb81e 110MiB/3.3GiB(3%)](+3)
 *** Download Progress Summary as of Fri Aug 14 17:37:33 2026 *** 
===============================================================================
[#ca9c3b 91MiB/0.9GiB(9%) CN:1 DL:527KiB ETA:29m42s]
FILE: /home/user/models/models/deepseek-ai-DeepSeek-V4-Flash-0731/model-00001-of-00048.safetensors
-------------------------------------------------------------------------------
[#32a636 121MiB/3.3GiB(3%) CN:1 DL:444KiB ETA:2h5m59s]
FILE: /home/user/models/models/deepseek-ai-DeepSeek-V4-Flash-0731/model-00002-of-00048.safetensors
-------------------------------------------------------------------------------
[#04a308 101MiB/3.3GiB(2%) CN:1 DL:474KiB ETA:1h58m43s]
FILE: /home/user/models/models/deepseek-ai-DeepSeek-V4-Flash-0731/model-00003-of-00048.safetensors
-------------------------------------------------------------------------------
[#733c91 115MiB/3.3GiB(3%) CN:1 DL:470KiB ETA:2h17s]
FILE: /home/user/models/models/deepseek-ai-DeepSeek-V4-Flash-0731/model-00004-of-00048.safetensors
-------------------------------------------------------------------------------
[#3fb81e 110MiB/3.3GiB(3%) CN:1 DL:343KiB ETA:2h43m36s]
FILE: /home/user/models/models/deepseek-ai-DeepSeek-V4-Flash-0731/model-00005-of-00048.safetensors
-------------------------------------------------------------------------------
[#bd6521 103MiB/3.3GiB(3%) CN:1 DL:419KiB ETA:2h15m5s]
FILE: /home/user/models/models/deepseek-ai-DeepSeek-V4-Flash-0731/model-00006-of-00048.safetensors
-------------------------------------------------------------------------------
[#27b7ba 97MiB/3.3GiB(2%) CN:1 DL:505KiB ETA:1h51m38s]
FILE: /home/user/models/models/deepseek-ai-DeepSeek-V4-Flash-0731/model-00007-of-00048.safetensors
-------------------------------------------------------------------------------
[#a52f97 103MiB/3.3GiB(3%) CN:1 DL:448KiB ETA:2h6m17s]
FILE: /home/user/models/models/deepseek-ai-DeepSeek-V4-Flash-0731/model-00008-of-00048.safetensors
-------------------------------------------------------------------------------

[DL:3.5MiB][#ca9c3b 91MiB/0.9GiB(9%)][#32a636 121MiB/3.3GiB(3%)][#04a308 101MiB/3.3GiB(2%)][#733c91 115MiB/3.3GiB(3%)][#3fb81e 110MiB/3.3GiB(3%)](+3)
[DL:3.3MiB][#ca9c3b 91MiB/0.9GiB(9%)][#32a636 121MiB/3.3GiB(3%)][#04a308 101MiB/3.3GiB(2%)][#733c91 116MiB/3.3GiB(3%)][#3fb81e 110MiB/3.3GiB(3%)](+3)
[DL:3.0MiB][#ca9c3b 91MiB/0.9GiB(9%)][#32a636 121MiB/3.3GiB(3%)][#04a308 102MiB/3.3GiB(2%)][#733c91 116MiB/3.3GiB(3%)][#3fb81e 110MiB/3.3GiB(3%)](+3)
[DL:3.0MiB][#ca9c3b 92MiB/0.9GiB(9%)][#32a636 122MiB/3.3GiB(3%)][#04a308 102MiB/3.3GiB(3%)][#733c91 116MiB/3.3GiB(3%)][#3fb81e 111MiB/3.3GiB(3%)](+3)
[DL:2.9MiB][#ca9c3b 92MiB/0.9GiB(9%)][#32a636 122MiB/3.3GiB(3%)][#04a308 102MiB/3.3GiB(3%)][#733c91 116MiB/3.3GiB(3%)][#3fb81e 111MiB/3.3GiB(3%)](+3)
[DL:2.8MiB][#ca9c3b 92MiB/0.9GiB(9%)][#32a636 122MiB/3.3GiB(3%)][#04a308 102MiB/3.3GiB(3%)][#733c91 117MiB/3.3GiB(3%)][#3fb81e 111MiB/3.3GiB(3%)](+3)
[DL:2.6MiB][#ca9c3b 93MiB/0.9GiB(9%)][#32a636 123MiB/3.3GiB(3%)][#04a308 103MiB/3.3GiB(3%)][#733c91 117MiB/3.3GiB(3%)][#3fb81e 111MiB/3.3GiB(3%)](+3)
[DL:2.6MiB][#ca9c3b 93MiB/0.9GiB(9%)][#32a636 123MiB/3.3GiB(3%)][#04a308 103MiB/3.3GiB(3%)][#733c91 118MiB/3.3GiB(3%)][#3fb81e 111MiB/3.3GiB(3%)](+3)
[DL:2.6MiB][#ca9c3b 94MiB/0.9GiB(9%)][#32a636 124MiB/3.3GiB(3%)][#04a308 103MiB/3.3GiB(3%)][#733c91 119MiB/3.3GiB(3%)][#3fb81e 112MiB/3.3GiB(3%)](+3)
[DL:2.4MiB][#ca9c3b 94MiB/0.9GiB(9%)][#32a636 124MiB/3.3GiB(3%)][#04a308 104MiB/3.3GiB(3%)][#733c91 119MiB/3.3GiB(3%)][#3fb81e 112MiB/3.3GiB(3%)](+3)
[DL:2.7MiB][#ca9c3b 95MiB/0.9GiB(9%)][#32a636 125MiB/3.3GiB(3%)][#04a308 104MiB/3.3GiB(3%)][#733c91 119MiB/3.3GiB(3%)][#3fb81e 112MiB/3.3GiB(3%)](+3)
[DL:2.8MiB][#ca9c3b 95MiB/0.9GiB(9%)][#32a636 125MiB/3.3GiB(3%)][#04a308 104MiB/3.3GiB(3%)][#733c91 120MiB/3.3GiB(3%)][#3fb81e 112MiB/3.3GiB(3%)](+3)
[DL:3.0MiB][#ca9c3b 95MiB/0.9GiB(9%)][#32a636 126MiB/3.3GiB(3%)][#04a308 105MiB/3.3GiB(3%)][#733c91 120MiB/3.3GiB(3%)][#3fb81e 113MiB/3.3GiB(3%)](+3)
[DL:2.9MiB][#ca9c3b 96MiB/0.9GiB(9%)][#32a636 126MiB/3.3GiB(3%)][#04a308 105MiB/3.3GiB(3%)][#733c91 121MiB/3.3GiB(3%)][#3fb81e 113MiB/3.3GiB(3%)](+3)
[DL:3.1MiB][#ca9c3b 96MiB/0.9GiB(9%)][#32a636 127MiB/3.3GiB(3%)][#04a308 105MiB/3.3GiB(3%)][#733c91 121MiB/3.3GiB(3%)][#3fb81e 113MiB/3.3GiB(3%)](+3)
[DL:3.3MiB][#ca9c3b 97MiB/0.9GiB(9%)][#32a636 127MiB/3.3GiB(3%)][#04a308 106MiB/3.3GiB(3%)][#733c91 122MiB/3.3GiB(3%)][#3fb81e 114MiB/3.3GiB(3%)](+3)
[DL:3.4MiB][#ca9c3b 97MiB/0.9GiB(9%)][#32a636 128MiB/3.3GiB(3%)][#04a308 106MiB/3.3GiB(3%)][#733c91 122MiB/3.3GiB(3%)][#3fb81e 114MiB/3.3GiB(3%)](+3)
[DL:3.4MiB][#ca9c3b 97MiB/0.9GiB(9%)][#32a636 128MiB/3.3GiB(3%)][#04a308 106MiB/3.3GiB(3%)][#733c91 123MiB/3.3GiB(3%)][#3fb81e 114MiB/3.3GiB(3%)](+3)
[DL:3.2MiB][#ca9c3b 98MiB/0.9GiB(9%)][#32a636 129MiB/3.3GiB(3%)][#04a308 106MiB/3.3GiB(3%)][#733c91 123MiB/3.3GiB(3%)][#3fb81e 115MiB/3.3GiB(3%)](+3)
[DL:3.0MiB][#ca9c3b 98MiB/0.9GiB(9%)][#32a636 129MiB/3.3GiB(3%)][#04a308 107MiB/3.3GiB(3%)][#733c91 123MiB/3.3GiB(3%)][#3fb81e 115MiB/3.3GiB(3%)](+3)
[DL:3.0MiB][#ca9c3b 99MiB/0.9GiB(9%)][#32a636 129MiB/3.3GiB(3%)][#04a308 107MiB/3.3GiB(3%)][#733c91 124MiB/3.3GiB(3%)][#3fb81e 115MiB/3.3GiB(3%)](+3)
[DL:2.9MiB][#ca9c3b 99MiB/0.9GiB(9%)][#32a636 130MiB/3.3GiB(3%)][#04a308 107MiB/3.3GiB(3%)][#733c91 124MiB/3.3GiB(3%)][#3fb81e 115MiB/3.3GiB(3%)](+3)
[DL:3.2MiB][#ca9c3b 99MiB/0.9GiB(9%)][#32a636 130MiB/3.3GiB(3%)][#04a308 107MiB/3.3GiB(3%)][#733c91 125MiB/3.3GiB(3%)][#3fb81e 116MiB/3.3GiB(3%)](+3)
[DL:3.1MiB][#ca9c3b 100MiB/0.9GiB(9%)][#32a636 131MiB/3.3GiB(3%)][#04a308 108MiB/3.3GiB(3%)][#733c91 125MiB/3.3GiB(3%)][#3fb81e 116MiB/3.3GiB(3%)](+3)
[DL:3.2MiB][#ca9c3b 100MiB/0.9GiB(9%)][#32a636 131MiB/3.3GiB(3%)][#04a308 108MiB/3.3GiB(3%)][#733c91 125MiB/3.3GiB(3%)][#3fb81e 116MiB/3.3GiB(3%)](+3)
[DL:3.1MiB][#ca9c3b 101MiB/0.9GiB(10%)][#32a636 132MiB/3.3GiB(3%)][#04a308 108MiB/3.3GiB(3%)][#733c91 126MiB/3.3GiB(3%)][#3fb81e 116MiB/3.3GiB(3%)](+3)
[DL:3.2MiB][#ca9c3b 101MiB/0.9GiB(10%)][#32a636 132MiB/3.3GiB(3%)][#04a308 108MiB/3.3GiB(3%)][#733c91 126MiB/3.3GiB(3%)][#3fb81e 117MiB/3.3GiB(3%)](+3)
[DL:3.6MiB][#ca9c3b 102MiB/0.9GiB(10%)][#32a636 133MiB/3.3GiB(3%)][#04a308 109MiB/3.3GiB(3%)][#733c91 126MiB/3.3GiB(3%)][#3fb81e 117MiB/3.3GiB(3%)](+3)
[DL:3.9MiB][#ca9c3b 102MiB/0.9GiB(10%)][#32a636 133MiB/3.3GiB(3%)][#04a308 109MiB/3.3GiB(3%)][#733c91 127MiB/3.3GiB(3%)][#3fb81e 117MiB/3.3GiB(3%)](+3)
 *** Download Progress Summary as of Fri Aug 14 17:38:04 2026 *** 
===============================================================================
[#ca9c3b 102MiB/0.9GiB(10%) CN:1 DL:438KiB ETA:35m16s]
FILE: /home/user/models/models/deepseek-ai-DeepSeek-V4-Flash-0731/model-00001-of-00048.safetensors
-------------------------------------------------------------------------------
[#32a636 134MiB/3.3GiB(3%) CN:1 DL:471KiB ETA:1h58m14s]
FILE: /home/user/models/models/deepseek-ai-DeepSeek-V4-Flash-0731/model-00002-of-00048.safetensors
-------------------------------------------------------------------------------
[#04a308 109MiB/3.3GiB(3%) CN:1 DL:258KiB ETA:3h37m41s]
FILE: /home/user/models/models/deepseek-ai-DeepSeek-V4-Flash-0731/model-00003-of-00048.safetensors
-------------------------------------------------------------------------------
[#733c91 127MiB/3.3GiB(3%) CN:1 DL:359KiB ETA:2h36m47s]
FILE: /home/user/models/models/deepseek-ai-DeepSeek-V4-Flash-0731/model-00004-of-00048.safetensors
-------------------------------------------------------------------------------
[#3fb81e 118MiB/3.3GiB(3%) CN:1 DL:269KiB ETA:3h27m59s]
FILE: /home/user/models/models/deepseek-ai-DeepSeek-V4-Flash-0731/model-00005-of-00048.safetensors
-------------------------------------------------------------------------------
[#bd6521 113MiB/3.3GiB(3%) CN:1 DL:400KiB ETA:2h21m8s]
FILE: /home/user/models/models/deepseek-ai-DeepSeek-V4-Flash-0731/model-00006-of-00048.safetensors
-------------------------------------------------------------------------------
[#27b7ba 114MiB/3.3GiB(3%) CN:1 DL:0.9MiB ETA:59m56s]
FILE: /home/user/models/models/deepseek-ai-DeepSeek-V4-Flash-0731/model-00007-of-00048.safetensors
-------------------------------------------------------------------------------
[#a52f97 120MiB/3.3GiB(3%) CN:1 DL:881KiB ETA:1h3m57s]
FILE: /home/user/models/models/deepseek-ai-DeepSeek-V4-Flash-0731/model-00008-of-00048.safetensors
-------------------------------------------------------------------------------

[DL:3.9MiB][#ca9c3b 102MiB/0.9GiB(10%)][#32a636 134MiB/3.3GiB(3%)][#04a308 109MiB/3.3GiB(3%)][#733c91 127MiB/3.3GiB(3%)][#3fb81e 118MiB/3.3GiB(3%)](+3)
[DL:4.1MiB][#ca9c3b 103MiB/0.9GiB(10%)][#32a636 134MiB/3.3GiB(3%)][#04a308 109MiB/3.3GiB(3%)][#733c91 127MiB/3.3GiB(3%)][#3fb81e 118MiB/3.3GiB(3%)](+3)
[DL:4.1MiB][#ca9c3b 103MiB/0.9GiB(10%)][#32a636 135MiB/3.3GiB(3%)][#04a308 110MiB/3.3GiB(3%)][#733c91 128MiB/3.3GiB(3%)][#3fb81e 118MiB/3.3GiB(3%)](+3)
[DL:4.2MiB][#ca9c3b 104MiB/0.9GiB(10%)][#32a636 135MiB/3.3GiB(3%)][#04a308 110MiB/3.3GiB(3%)][#733c91 128MiB/3.3GiB(3%)][#3fb81e 119MiB/3.3GiB(3%)](+3)
[DL:4.3MiB][#ca9c3b 104MiB/0.9GiB(10%)][#32a636 136MiB/3.3GiB(4%)][#04a308 111MiB/3.3GiB(3%)][#733c91 129MiB/3.3GiB(3%)][#3fb81e 119MiB/3.3GiB(3%)](+3)
[DL:4.3MiB][#ca9c3b 105MiB/0.9GiB(10%)][#32a636 137MiB/3.3GiB(4%)][#04a308 111MiB/3.3GiB(3%)][#733c91 129MiB/3.3GiB(3%)][#3fb81e 120MiB/3.3GiB(3%)](+3)
[DL:4.1MiB][#ca9c3b 105MiB/0.9GiB(10%)][#32a636 137MiB/3.3GiB(4%)][#04a308 111MiB/3.3GiB(3%)][#733c91 129MiB/3.3GiB(3%)][#3fb81e 120MiB/3.3GiB(3%)](+3)
[DL:3.8MiB][#ca9c3b 105MiB/0.9GiB(10%)][#32a636 138MiB/3.3GiB(4%)][#04a308 111MiB/3.3GiB(3%)][#733c91 129MiB/3.3GiB(3%)][#3fb81e 120MiB/3.3GiB(3%)](+3)
[DL:4.0MiB][#ca9c3b 106MiB/0.9GiB(10%)][#32a636 138MiB/3.3GiB(4%)][#04a308 112MiB/3.3GiB(3%)][#733c91 130MiB/3.3GiB(3%)][#3fb81e 120MiB/3.3GiB(3%)](+3)
[DL:4.1MiB][#ca9c3b 106MiB/0.9GiB(10%)][#32a636 139MiB/3.3GiB(4%)][#04a308 112MiB/3.3GiB(3%)][#733c91 130MiB/3.3GiB(3%)][#3fb81e 121MiB/3.3GiB(3%)](+3)
[DL:4.1MiB][#ca9c3b 107MiB/0.9GiB(10%)][#32a636 139MiB/3.3GiB(4%)][#04a308 112MiB/3.3GiB(3%)][#733c91 131MiB/3.3GiB(3%)][#3fb81e 121MiB/3.3GiB(3%)](+3)
[DL:4.0MiB][#ca9c3b 107MiB/0.9GiB(10%)][#32a636 140MiB/3.3GiB(4%)][#04a308 113MiB/3.3GiB(3%)][#733c91 131MiB/3.3GiB(3%)][#3fb81e 121MiB/3.3GiB(3%)](+3)
[DL:4.0MiB][#ca9c3b 108MiB/0.9GiB(10%)][#32a636 140MiB/3.3GiB(4%)][#04a308 113MiB/3.3GiB(3%)][#733c91 131MiB/3.3GiB(3%)][#3fb81e 122MiB/3.3GiB(3%)](+3)
[DL:4.1MiB][#ca9c3b 108MiB/0.9GiB(10%)][#32a636 141MiB/3.3GiB(4%)][#04a308 113MiB/3.3GiB(3%)][#733c91 132MiB/3.3GiB(3%)][#3fb81e 122MiB/3.3GiB(3%)](+3)
[DL:4.1MiB][#ca9c3b 109MiB/0.9GiB(10%)][#32a636 141MiB/3.3GiB(4%)][#04a308 114MiB/3.3GiB(3%)][#733c91 132MiB/3.3GiB(3%)][#3fb81e 123MiB/3.3GiB(3%)](+3)
[DL:4.4MiB][#ca9c3b 109MiB/0.9GiB(10%)][#32a636 142MiB/3.3GiB(4%)][#04a308 114MiB/3.3GiB(3%)][#733c91 133MiB/3.3GiB(3%)][#3fb81e 123MiB/3.3GiB(3%)](+3)
[DL:4.3MiB][#ca9c3b 110MiB/0.9GiB(10%)][#32a636 142MiB/3.3GiB(4%)][#04a308 114MiB/3.3GiB(3%)][#733c91 133MiB/3.3GiB(3%)][#3fb81e 123MiB/3.3GiB(3%)](+3)
[DL:4.4MiB][#ca9c3b 110MiB/0.9GiB(10%)][#32a636 142MiB/3.3GiB(4%)][#04a308 114MiB/3.3GiB(3%)][#733c91 133MiB/3.3GiB(3%)][#3fb81e 124MiB/3.3GiB(3%)](+3)
[DL:4.0MiB][#ca9c3b 111MiB/0.9GiB(10%)][#32a636 143MiB/3.3GiB(4%)][#04a308 115MiB/3.3GiB(3%)][#733c91 133MiB/3.3GiB(3%)][#3fb81e 124MiB/3.3GiB(3%)](+3)
[DL:3.7MiB][#ca9c3b 111MiB/0.9GiB(11%)][#32a636 143MiB/3.3GiB(4%)][#04a308 115MiB/3.3GiB(3%)][#733c91 134MiB/3.3GiB(3%)][#3fb81e 124MiB/3.3GiB(3%)](+3)
[DL:3.8MiB][#ca9c3b 111MiB/0.9GiB(11%)][#32a636 143MiB/3.3GiB(4%)][#04a308 115MiB/3.3GiB(3%)][#733c91 134MiB/3.3GiB(3%)][#3fb81e 124MiB/3.3GiB(3%)](+3)
[DL:3.6MiB][#ca9c3b 112MiB/0.9GiB(11%)][#32a636 143MiB/3.3GiB(4%)][#04a308 116MiB/3.3GiB(3%)][#733c91 134MiB/3.3GiB(3%)][#3fb81e 125MiB/3.3GiB(3%)](+3)
[DL:3.5MiB][#ca9c3b 112MiB/0.9GiB(11%)][#32a636 144MiB/3.3GiB(4%)][#04a308 116MiB/3.3GiB(3%)][#733c91 135MiB/3.3GiB(3%)][#3fb81e 125MiB/3.3GiB(3%)](+3)
[DL:3.5MiB][#ca9c3b 113MiB/0.9GiB(11%)][#32a636 144MiB/3.3GiB(4%)][#04a308 116MiB/3.3GiB(3%)][#733c91 135MiB/3.3GiB(3%)][#3fb81e 125MiB/3.3GiB(3%)](+3)
[DL:3.6MiB][#ca9c3b 114MiB/0.9GiB(11%)][#32a636 145MiB/3.3GiB(4%)][#04a308 117MiB/3.3GiB(3%)][#733c91 136MiB/3.3GiB(3%)][#3fb81e 126MiB/3.3GiB(3%)](+3)
[DL:3.8MiB][#ca9c3b 115MiB/0.9GiB(11%)][#32a636 145MiB/3.3GiB(4%)][#04a308 117MiB/3.3GiB(3%)][#733c91 136MiB/3.3GiB(3%)][#3fb81e 126MiB/3.3GiB(3%)](+3)
[DL:3.9MiB][#ca9c3b 115MiB/0.9GiB(11%)][#32a636 146MiB/3.3GiB(4%)][#04a308 118MiB/3.3GiB(3%)][#733c91 137MiB/3.3GiB(3%)][#3fb81e 127MiB/3.3GiB(3%)](+3)
[DL:4.1MiB][#ca9c3b 116MiB/0.9GiB(11%)][#32a636 146MiB/3.3GiB(4%)][#04a308 118MiB/3.3GiB(3%)][#733c91 137MiB/3.3GiB(4%)][#3fb81e 127MiB/3.3GiB(3%)](+3)
[DL:4.3MiB][#ca9c3b 117MiB/0.9GiB(11%)][#32a636 147MiB/3.3GiB(4%)][#04a308 119MiB/3.3GiB(3%)][#733c91 137MiB/3.3GiB(4%)][#3fb81e 128MiB/3.3GiB(3%)](+3)
[DL:4.4MiB][#ca9c3b 118MiB/0.9GiB(11%)][#32a636 147MiB/3.3GiB(4%)][#04a308 119MiB/3.3GiB(3%)][#733c91 138MiB/3.3GiB(4%)][#3fb81e 128MiB/3.3GiB(3%)](+3)
 *** Download Progress Summary as of Fri Aug 14 17:38:34 2026 *** 
===============================================================================
[#ca9c3b 118MiB/0.9GiB(11%) CN:1 DL:723KiB ETA:21m1s]
FILE: /home/user/models/models/deepseek-ai-DeepSeek-V4-Flash-0731/model-00001-of-00048.safetensors
-------------------------------------------------------------------------------
[#32a636 147MiB/3.3GiB(4%) CN:1 DL:408KiB ETA:2h15m57s]
FILE: /home/user/models/models/deepseek-ai-DeepSeek-V4-Flash-0731/model-00002-of-00048.safetensors
-------------------------------------------------------------------------------
[#04a308 119MiB/3.3GiB(3%) CN:1 DL:404KiB ETA:2h18m31s]
FILE: /home/user/models/models/deepseek-ai-DeepSeek-V4-Flash-0731/model-00003-of-00048.safetensors
-------------------------------------------------------------------------------
[#733c91 138MiB/3.3GiB(4%) CN:1 DL:421KiB ETA:2h13m18s]
FILE: /home/user/models/models/deepseek-ai-DeepSeek-V4-Flash-0731/model-00004-of-00048.safetensors
-------------------------------------------------------------------------------
[#3fb81e 128MiB/3.3GiB(3%) CN:1 DL:423KiB ETA:2h11m58s]
FILE: /home/user/models/models/deepseek-ai-DeepSeek-V4-Flash-0731/model-00005-of-00048.safetensors
-------------------------------------------------------------------------------
[#bd6521 126MiB/3.3GiB(3%) CN:1 DL:531KiB ETA:1h45m54s]
FILE: /home/user/models/models/deepseek-ai-DeepSeek-V4-Flash-0731/model-00006-of-00048.safetensors
-------------------------------------------------------------------------------
[#27b7ba 137MiB/3.3GiB(4%) CN:1 DL:581KiB ETA:1h35m49s]
FILE: /home/user/models/models/deepseek-ai-DeepSeek-V4-Flash-0731/model-00007-of-00048.safetensors
-------------------------------------------------------------------------------
[#a52f97 147MiB/3.3GiB(4%) CN:1 DL:1.0MiB ETA:53m12s]
FILE: /home/user/models/models/deepseek-ai-DeepSeek-V4-Flash-0731/model-00008-of-00048.safetensors
-------------------------------------------------------------------------------

[DL:4.4MiB][#ca9c3b 118MiB/0.9GiB(11%)][#32a636 147MiB/3.3GiB(4%)][#04a308 119MiB/3.3GiB(3%)][#733c91 138MiB/3.3GiB(4%)][#3fb81e 128MiB/3.3GiB(3%)](+3)
[DL:4.5MiB][#ca9c3b 120MiB/0.9GiB(11%)][#32a636 148MiB/3.3GiB(4%)][#04a308 119MiB/3.3GiB(3%)][#733c91 139MiB/3.3GiB(4%)][#3fb81e 129MiB/3.3GiB(3%)](+3)
[DL:4.5MiB][#ca9c3b 121MiB/0.9GiB(11%)][#32a636 148MiB/3.3GiB(4%)][#04a308 120MiB/3.3GiB(3%)][#733c91 139MiB/3.3GiB(4%)][#3fb81e 129MiB/3.3GiB(3%)](+3)
[DL:4.2MiB][#ca9c3b 121MiB/0.9GiB(12%)][#32a636 148MiB/3.3GiB(4%)][#04a308 120MiB/3.3GiB(3%)][#733c91 139MiB/3.3GiB(4%)][#3fb81e 130MiB/3.3GiB(3%)](+3)
[DL:4.0MiB][#ca9c3b 122MiB/0.9GiB(12%)][#32a636 149MiB/3.3GiB(4%)][#04a308 120MiB/3.3GiB(3%)][#733c91 140MiB/3.3GiB(4%)][#3fb81e 130MiB/3.3GiB(3%)](+3)
[DL:4.0MiB][#ca9c3b 123MiB/0.9GiB(12%)][#32a636 149MiB/3.3GiB(4%)][#04a308 121MiB/3.3GiB(3%)][#733c91 140MiB/3.3GiB(4%)][#3fb81e 130MiB/3.3GiB(3%)](+3)
[DL:3.9MiB][#ca9c3b 124MiB/0.9GiB(12%)][#32a636 149MiB/3.3GiB(4%)][#04a308 121MiB/3.3GiB(3%)][#733c91 140MiB/3.3GiB(4%)][#3fb81e 131MiB/3.3GiB(3%)](+3)
[DL:4.0MiB][#ca9c3b 125MiB/0.9GiB(12%)][#32a636 150MiB/3.3GiB(4%)][#04a308 121MiB/3.3GiB(3%)][#733c91 141MiB/3.3GiB(4%)][#3fb81e 131MiB/3.3GiB(3%)](+3)
[DL:3.9MiB][#ca9c3b 126MiB/0.9GiB(12%)][#32a636 150MiB/3.3GiB(4%)][#04a308 122MiB/3.3GiB(3%)][#733c91 141MiB/3.3GiB(4%)][#3fb81e 131MiB/3.3GiB(3%)](+3)
[DL:4.0MiB][#ca9c3b 126MiB/0.9GiB(12%)][#32a636 150MiB/3.3GiB(4%)][#04a308 122MiB/3.3GiB(3%)][#733c91 141MiB/3.3GiB(4%)][#3fb81e 132MiB/3.3GiB(3%)](+3)
[DL:3.8MiB][#ca9c3b 127MiB/0.9GiB(12%)][#32a636 151MiB/3.3GiB(4%)][#04a308 122MiB/3.3GiB(3%)][#733c91 142MiB/3.3GiB(4%)][#3fb81e 132MiB/3.3GiB(3%)](+3)
[DL:3.6MiB][#ca9c3b 127MiB/0.9GiB(12%)][#32a636 151MiB/3.3GiB(4%)][#04a308 122MiB/3.3GiB(3%)][#733c91 142MiB/3.3GiB(4%)][#3fb81e 132MiB/3.3GiB(3%)](+3)
[DL:3.3MiB][#ca9c3b 128MiB/0.9GiB(12%)][#32a636 151MiB/3.3GiB(4%)][#04a308 123MiB/3.3GiB(3%)][#733c91 142MiB/3.3GiB(4%)][#3fb81e 132MiB/3.3GiB(3%)](+3)
[DL:3.2MiB][#ca9c3b 128MiB/0.9GiB(12%)][#32a636 152MiB/3.3GiB(4%)][#04a308 123MiB/3.3GiB(3%)][#733c91 143MiB/3.3GiB(4%)][#3fb81e 133MiB/3.3GiB(3%)](+3)
[DL:2.7MiB][#ca9c3b 128MiB/0.9GiB(12%)][#32a636 152MiB/3.3GiB(4%)][#04a308 123MiB/3.3GiB(3%)][#733c91 143MiB/3.3GiB(4%)][#3fb81e 133MiB/3.3GiB(3%)](+3)
[DL:2.7MiB][#ca9c3b 130MiB/0.9GiB(12%)][#32a636 152MiB/3.3GiB(4%)][#04a308 123MiB/3.3GiB(3%)][#733c91 143MiB/3.3GiB(4%)][#3fb81e 133MiB/3.3GiB(3%)](+3)
[DL:2.3MiB][#ca9c3b 130MiB/0.9GiB(12%)][#32a636 152MiB/3.3GiB(4%)][#04a308 123MiB/3.3GiB(3%)][#733c91 143MiB/3.3GiB(4%)][#3fb81e 133MiB/3.3GiB(3%)](+3)
[DL:2.3MiB][#ca9c3b 130MiB/0.9GiB(12%)][#32a636 152MiB/3.3GiB(4%)][#04a308 123MiB/3.3GiB(3%)][#733c91 143MiB/3.3GiB(4%)][#3fb81e 133MiB/3.3GiB(3%)](+3)
[DL:2.2MiB][#ca9c3b 131MiB/0.9GiB(12%)][#32a636 152MiB/3.3GiB(4%)][#04a308 124MiB/3.3GiB(3%)][#733c91 144MiB/3.3GiB(4%)][#3fb81e 134MiB/3.3GiB(3%)](+3)
[DL:1.9MiB][#ca9c3b 131MiB/0.9GiB(13%)][#32a636 153MiB/3.3GiB(4%)][#04a308 124MiB/3.3GiB(3%)][#733c91 144MiB/3.3GiB(4%)][#3fb81e 134MiB/3.3GiB(3%)](+3)
[DL:2.0MiB][#ca9c3b 132MiB/0.9GiB(13%)][#32a636 153MiB/3.3GiB(4%)][#04a308 124MiB/3.3GiB(3%)][#733c91 144MiB/3.3GiB(4%)][#3fb81e 134MiB/3.3GiB(3%)](+3)
[DL:2.1MiB][#ca9c3b 133MiB/0.9GiB(13%)][#32a636 153MiB/3.3GiB(4%)][#04a308 124MiB/3.3GiB(3%)][#733c91 144MiB/3.3GiB(4%)][#3fb81e 134MiB/3.3GiB(3%)](+3)
[DL:2.1MiB][#ca9c3b 133MiB/0.9GiB(13%)][#32a636 154MiB/3.3GiB(4%)][#04a308 125MiB/3.3GiB(3%)][#733c91 144MiB/3.3GiB(4%)][#3fb81e 135MiB/3.3GiB(3%)](+3)
[DL:2.4MiB][#ca9c3b 134MiB/0.9GiB(13%)][#32a636 154MiB/3.3GiB(4%)][#04a308 125MiB/3.3GiB(3%)][#733c91 145MiB/3.3GiB(4%)][#3fb81e 135MiB/3.3GiB(3%)](+3)
[DL:2.4MiB][#ca9c3b 135MiB/0.9GiB(13%)][#32a636 154MiB/3.3GiB(4%)][#04a308 125MiB/3.3GiB(3%)][#733c91 145MiB/3.3GiB(4%)][#3fb81e 135MiB/3.3GiB(3%)](+3)
[DL:2.6MiB][#ca9c3b 136MiB/0.9GiB(13%)][#32a636 155MiB/3.3GiB(4%)][#04a308 126MiB/3.3GiB(3%)][#733c91 145MiB/3.3GiB(4%)][#3fb81e 136MiB/3.3GiB(3%)](+3)
[DL:2.8MiB][#ca9c3b 137MiB/0.9GiB(13%)][#32a636 155MiB/3.3GiB(4%)][#04a308 126MiB/3.3GiB(3%)][#733c91 146MiB/3.3GiB(4%)][#3fb81e 136MiB/3.3GiB(4%)](+3)
[DL:3.0MiB][#ca9c3b 138MiB/0.9GiB(13%)][#32a636 156MiB/3.3GiB(4%)][#04a308 127MiB/3.3GiB(3%)][#733c91 146MiB/3.3GiB(4%)][#3fb81e 136MiB/3.3GiB(4%)](+3)
[DL:3.2MiB][#ca9c3b 139MiB/0.9GiB(13%)][#32a636 156MiB/3.3GiB(4%)][#04a308 127MiB/3.3GiB(3%)][#733c91 146MiB/3.3GiB(4%)][#3fb81e 137MiB/3.3GiB(4%)](+3)
[DL:3.2MiB][#ca9c3b 140MiB/0.9GiB(13%)][#32a636 157MiB/3.3GiB(4%)][#04a308 127MiB/3.3GiB(3%)][#733c91 147MiB/3.3GiB(4%)][#3fb81e 137MiB/3.3GiB(4%)](+3)
 *** Download Progress Summary as of Fri Aug 14 17:39:05 2026 *** 
===============================================================================
[#ca9c3b 140MiB/0.9GiB(13%) CN:1 DL:846KiB ETA:17m31s]
FILE: /home/user/models/models/deepseek-ai-DeepSeek-V4-Flash-0731/model-00001-of-00048.safetensors
-------------------------------------------------------------------------------
[#32a636 157MiB/3.3GiB(4%) CN:1 DL:410KiB ETA:2h14m56s]
FILE: /home/user/models/models/deepseek-ai-DeepSeek-V4-Flash-0731/model-00002-of-00048.safetensors
-------------------------------------------------------------------------------
[#04a308 128MiB/3.3GiB(3%) CN:1 DL:351KiB ETA:2h38m48s]
FILE: /home/user/models/models/deepseek-ai-DeepSeek-V4-Flash-0731/model-00003-of-00048.safetensors
-------------------------------------------------------------------------------
[#733c91 147MiB/3.3GiB(4%) CN:1 DL:289KiB ETA:3h13m11s]
FILE: /home/user/models/models/deepseek-ai-DeepSeek-V4-Flash-0731/model-00004-of-00048.safetensors
-------------------------------------------------------------------------------
[#3fb81e 137MiB/3.3GiB(4%) CN:1 DL:309KiB ETA:3h13s]
FILE: /home/user/models/models/deepseek-ai-DeepSeek-V4-Flash-0731/model-00005-of-00048.safetensors
-------------------------------------------------------------------------------
[#bd6521 136MiB/3.3GiB(3%) CN:1 DL:352KiB ETA:2h39m2s]
FILE: /home/user/models/models/deepseek-ai-DeepSeek-V4-Flash-0731/model-00006-of-00048.safetensors
-------------------------------------------------------------------------------
[#27b7ba 148MiB/3.3GiB(4%) CN:1 DL:338KiB ETA:2h43m56s]
FILE: /home/user/models/models/deepseek-ai-DeepSeek-V4-Flash-0731/model-00007-of-00048.safetensors
-------------------------------------------------------------------------------
[#a52f97 162MiB/3.3GiB(4%) CN:1 DL:399KiB ETA:2h19m19s]
FILE: /home/user/models/models/deepseek-ai-DeepSeek-V4-Flash-0731/model-00008-of-00048.safetensors
-------------------------------------------------------------------------------

[DL:3.2MiB][#ca9c3b 140MiB/0.9GiB(13%)][#32a636 157MiB/3.3GiB(4%)][#04a308 128MiB/3.3GiB(3%)][#733c91 147MiB/3.3GiB(4%)][#3fb81e 137MiB/3.3GiB(4%)](+3)
[DL:3.3MiB][#ca9c3b 141MiB/0.9GiB(14%)][#32a636 158MiB/3.3GiB(4%)][#04a308 128MiB/3.3GiB(3%)][#733c91 147MiB/3.3GiB(4%)][#3fb81e 138MiB/3.3GiB(4%)](+3)
[DL:3.7MiB][#ca9c3b 142MiB/0.9GiB(14%)][#32a636 158MiB/3.3GiB(4%)][#04a308 129MiB/3.3GiB(3%)][#733c91 148MiB/3.3GiB(4%)][#3fb81e 138MiB/3.3GiB(4%)](+3)
[DL:3.5MiB][#ca9c3b 143MiB/0.9GiB(14%)][#32a636 159MiB/3.3GiB(4%)][#04a308 129MiB/3.3GiB(3%)][#733c91 148MiB/3.3GiB(4%)][#3fb81e 138MiB/3.3GiB(4%)](+3)
[DL:3.5MiB][#ca9c3b 144MiB/0.9GiB(14%)][#32a636 159MiB/3.3GiB(4%)][#04a308 130MiB/3.3GiB(3%)][#733c91 148MiB/3.3GiB(4%)][#3fb81e 139MiB/3.3GiB(4%)](+3)
[DL:3.5MiB][#ca9c3b 145MiB/0.9GiB(14%)][#32a636 159MiB/3.3GiB(4%)][#04a308 130MiB/3.3GiB(3%)][#733c91 148MiB/3.3GiB(4%)][#3fb81e 139MiB/3.3GiB(4%)](+3)
[DL:3.4MiB][#ca9c3b 145MiB/0.9GiB(14%)][#32a636 160MiB/3.3GiB(4%)][#04a308 131MiB/3.3GiB(3%)][#733c91 149MiB/3.3GiB(4%)][#3fb81e 139MiB/3.3GiB(4%)](+3)
[DL:3.3MiB][#ca9c3b 146MiB/0.9GiB(14%)][#32a636 160MiB/3.3GiB(4%)][#04a308 131MiB/3.3GiB(3%)][#733c91 149MiB/3.3GiB(4%)][#3fb81e 140MiB/3.3GiB(4%)](+3)
[DL:3.1MiB][#ca9c3b 147MiB/0.9GiB(14%)][#32a636 160MiB/3.3GiB(4%)][#04a308 131MiB/3.3GiB(3%)][#733c91 149MiB/3.3GiB(4%)][#3fb81e 140MiB/3.3GiB(4%)](+3)
[DL:3.2MiB][#ca9c3b 148MiB/0.9GiB(14%)][#32a636 161MiB/3.3GiB(4%)][#04a308 132MiB/3.3GiB(3%)][#733c91 150MiB/3.3GiB(4%)][#3fb81e 140MiB/3.3GiB(4%)](+3)
[DL:3.2MiB][#ca9c3b 149MiB/0.9GiB(14%)][#32a636 161MiB/3.3GiB(4%)][#04a308 132MiB/3.3GiB(3%)][#733c91 150MiB/3.3GiB(4%)][#3fb81e 140MiB/3.3GiB(4%)](+3)
[DL:3.2MiB][#ca9c3b 150MiB/0.9GiB(14%)][#32a636 161MiB/3.3GiB(4%)][#04a308 133MiB/3.3GiB(3%)][#733c91 150MiB/3.3GiB(4%)][#3fb81e 141MiB/3.3GiB(4%)](+3)
[DL:3.1MiB][#ca9c3b 151MiB/0.9GiB(15%)][#32a636 162MiB/3.3GiB(4%)][#04a308 133MiB/3.3GiB(3%)][#733c91 151MiB/3.3GiB(4%)][#3fb81e 141MiB/3.3GiB(4%)](+3)
[DL:3.4MiB][#ca9c3b 153MiB/0.9GiB(15%)][#32a636 162MiB/3.3GiB(4%)][#04a308 134MiB/3.3GiB(3%)][#733c91 151MiB/3.3GiB(4%)][#3fb81e 142MiB/3.3GiB(4%)](+3)
[DL:3.5MiB][#ca9c3b 154MiB/0.9GiB(15%)][#32a636 163MiB/3.3GiB(4%)][#04a308 134MiB/3.3GiB(3%)][#733c91 152MiB/3.3GiB(4%)][#3fb81e 142MiB/3.3GiB(4%)](+3)
[DL:3.7MiB][#ca9c3b 156MiB/0.9GiB(15%)][#32a636 163MiB/3.3GiB(4%)][#04a308 135MiB/3.3GiB(3%)][#733c91 152MiB/3.3GiB(4%)][#3fb81e 142MiB/3.3GiB(4%)](+3)
[DL:3.8MiB][#ca9c3b 157MiB/0.9GiB(15%)][#32a636 164MiB/3.3GiB(4%)][#04a308 135MiB/3.3GiB(3%)][#733c91 152MiB/3.3GiB(4%)][#3fb81e 143MiB/3.3GiB(4%)](+3)
[DL:4.0MiB][#ca9c3b 158MiB/0.9GiB(15%)][#32a636 164MiB/3.3GiB(4%)][#04a308 136MiB/3.3GiB(4%)][#733c91 153MiB/3.3GiB(4%)][#3fb81e 143MiB/3.3GiB(4%)](+3)
[DL:4.1MiB][#ca9c3b 159MiB/0.9GiB(15%)][#32a636 165MiB/3.3GiB(4%)][#04a308 136MiB/3.3GiB(4%)][#733c91 153MiB/3.3GiB(4%)][#3fb81e 143MiB/3.3GiB(4%)](+3)
[DL:4.1MiB][#ca9c3b 160MiB/0.9GiB(15%)][#32a636 165MiB/3.3GiB(4%)][#04a308 137MiB/3.3GiB(4%)][#733c91 153MiB/3.3GiB(4%)][#3fb81e 144MiB/3.3GiB(4%)](+3)
[DL:4.2MiB][#ca9c3b 162MiB/0.9GiB(16%)][#32a636 166MiB/3.3GiB(4%)][#04a308 137MiB/3.3GiB(4%)][#733c91 154MiB/3.3GiB(4%)][#3fb81e 144MiB/3.3GiB(4%)](+3)
[DL:4.4MiB][#ca9c3b 163MiB/0.9GiB(16%)][#32a636 166MiB/3.3GiB(4%)][#04a308 138MiB/3.3GiB(4%)][#733c91 154MiB/3.3GiB(4%)][#3fb81e 145MiB/3.3GiB(4%)](+3)
[DL:4.5MiB][#ca9c3b 164MiB/0.9GiB(16%)][#32a636 167MiB/3.3GiB(4%)][#04a308 138MiB/3.3GiB(4%)][#733c91 155MiB/3.3GiB(4%)][#3fb81e 145MiB/3.3GiB(4%)](+3)
[DL:4.5MiB][#ca9c3b 166MiB/0.9GiB(16%)][#32a636 167MiB/3.3GiB(4%)][#04a308 139MiB/3.3GiB(4%)][#733c91 155MiB/3.3GiB(4%)][#3fb81e 146MiB/3.3GiB(4%)](+3)
[DL:4.5MiB][#ca9c3b 167MiB/0.9GiB(16%)][#32a636 168MiB/3.3GiB(4%)][#04a308 139MiB/3.3GiB(4%)][#733c91 156MiB/3.3GiB(4%)][#3fb81e 146MiB/3.3GiB(4%)](+3)
[DL:4.4MiB][#ca9c3b 168MiB/0.9GiB(16%)][#32a636 168MiB/3.3GiB(4%)][#04a308 140MiB/3.3GiB(4%)][#733c91 156MiB/3.3GiB(4%)][#3fb81e 146MiB/3.3GiB(4%)](+3)
[DL:4.3MiB][#ca9c3b 169MiB/0.9GiB(16%)][#32a636 168MiB/3.3GiB(4%)][#04a308 140MiB/3.3GiB(4%)][#733c91 156MiB/3.3GiB(4%)][#3fb81e 147MiB/3.3GiB(4%)](+3)
[DL:4.3MiB][#ca9c3b 170MiB/0.9GiB(16%)][#32a636 169MiB/3.3GiB(4%)][#04a308 140MiB/3.3GiB(4%)][#733c91 157MiB/3.3GiB(4%)][#3fb81e 147MiB/3.3GiB(4%)](+3)
[DL:4.2MiB][#ca9c3b 171MiB/0.9GiB(17%)][#32a636 169MiB/3.3GiB(4%)][#04a308 141MiB/3.3GiB(4%)][#733c91 157MiB/3.3GiB(4%)][#3fb81e 147MiB/3.3GiB(4%)](+3)
[DL:4.4MiB][#ca9c3b 172MiB/0.9GiB(17%)][#32a636 170MiB/3.3GiB(5%)][#04a308 141MiB/3.3GiB(4%)][#733c91 157MiB/3.3GiB(4%)][#3fb81e 148MiB/3.3GiB(4%)](+3)
[DL:4.2MiB][#ca9c3b 173MiB/0.9GiB(17%)][#32a636 170MiB/3.3GiB(5%)][#04a308 142MiB/3.3GiB(4%)][#733c91 158MiB/3.3GiB(4%)][#3fb81e 148MiB/3.3GiB(4%)](+3)
 *** Download Progress Summary as of Fri Aug 14 17:39:36 2026 *** 
===============================================================================
[#ca9c3b 174MiB/0.9GiB(17%) CN:1 DL:1.1MiB ETA:12m9s]
FILE: /home/user/models/models/deepseek-ai-DeepSeek-V4-Flash-0731/model-00001-of-00048.safetensors
-------------------------------------------------------------------------------
[#32a636 171MiB/3.3GiB(5%) CN:1 DL:486KiB ETA:1h53m24s]
FILE: /home/user/models/models/deepseek-ai-DeepSeek-V4-Flash-0731/model-00002-of-00048.safetensors
-------------------------------------------------------------------------------
[#04a308 142MiB/3.3GiB(4%) CN:1 DL:442KiB ETA:2h5m36s]
FILE: /home/user/models/models/deepseek-ai-DeepSeek-V4-Flash-0731/model-00003-of-00048.safetensors
-------------------------------------------------------------------------------
[#733c91 158MiB/3.3GiB(4%) CN:1 DL:382KiB ETA:2h26m6s]
FILE: /home/user/models/models/deepseek-ai-DeepSeek-V4-Flash-0731/model-00004-of-00048.safetensors
-------------------------------------------------------------------------------
[#3fb81e 148MiB/3.3GiB(4%) CN:1 DL:370KiB ETA:2h30m2s]
FILE: /home/user/models/models/deepseek-ai-DeepSeek-V4-Flash-0731/model-00005-of-00048.safetensors
-------------------------------------------------------------------------------
[#bd6521 150MiB/3.3GiB(4%) CN:1 DL:489KiB ETA:1h54m9s]
FILE: /home/user/models/models/deepseek-ai-DeepSeek-V4-Flash-0731/model-00006-of-00048.safetensors
-------------------------------------------------------------------------------
[#27b7ba 159MiB/3.3GiB(4%) CN:1 DL:333KiB ETA:2h46m8s]
FILE: /home/user/models/models/deepseek-ai-DeepSeek-V4-Flash-0731/model-00007-of-00048.safetensors
-------------------------------------------------------------------------------
[#a52f97 175MiB/3.3GiB(5%) CN:1 DL:525KiB ETA:1h45m33s]
FILE: /home/user/models/models/deepseek-ai-DeepSeek-V4-Flash-0731/model-00008-of-00048.safetensors
-------------------------------------------------------------------------------

[DL:4.0MiB][#ca9c3b 174MiB/0.9GiB(17%)][#32a636 171MiB/3.3GiB(5%)][#04a308 142MiB/3.3GiB(4%)][#733c91 158MiB/3.3GiB(4%)][#3fb81e 148MiB/3.3GiB(4%)](+3)
[DL:3.9MiB][#ca9c3b 176MiB/0.9GiB(17%)][#32a636 171MiB/3.3GiB(5%)][#04a308 143MiB/3.3GiB(4%)][#733c91 158MiB/3.3GiB(4%)][#3fb81e 149MiB/3.3GiB(4%)](+3)
[DL:3.9MiB][#ca9c3b 177MiB/0.9GiB(17%)][#32a636 172MiB/3.3GiB(5%)][#04a308 143MiB/3.3GiB(4%)][#733c91 159MiB/3.3GiB(4%)][#3fb81e 149MiB/3.3GiB(4%)](+3)
[DL:3.8MiB][#ca9c3b 178MiB/0.9GiB(17%)][#32a636 173MiB/3.3GiB(5%)][#04a308 144MiB/3.3GiB(4%)][#733c91 159MiB/3.3GiB(4%)][#3fb81e 149MiB/3.3GiB(4%)](+3)
[DL:4.0MiB][#ca9c3b 179MiB/0.9GiB(17%)][#32a636 173MiB/3.3GiB(5%)][#04a308 144MiB/3.3GiB(4%)][#733c91 160MiB/3.3GiB(4%)][#3fb81e 150MiB/3.3GiB(4%)](+3)
[DL:3.9MiB][#ca9c3b 180MiB/0.9GiB(17%)][#32a636 173MiB/3.3GiB(5%)][#04a308 144MiB/3.3GiB(4%)][#733c91 160MiB/3.3GiB(4%)][#3fb81e 150MiB/3.3GiB(4%)](+3)
[DL:3.8MiB][#ca9c3b 181MiB/0.9GiB(17%)][#32a636 174MiB/3.3GiB(5%)][#04a308 145MiB/3.3GiB(4%)][#733c91 160MiB/3.3GiB(4%)][#3fb81e 150MiB/3.3GiB(4%)](+3)
[DL:3.7MiB][#ca9c3b 181MiB/0.9GiB(18%)][#32a636 174MiB/3.3GiB(5%)][#04a308 145MiB/3.3GiB(4%)][#733c91 160MiB/3.3GiB(4%)][#3fb81e 151MiB/3.3GiB(4%)](+3)
[DL:3.5MiB][#ca9c3b 182MiB/0.9GiB(18%)][#32a636 174MiB/3.3GiB(5%)][#04a308 145MiB/3.3GiB(4%)][#733c91 161MiB/3.3GiB(4%)][#3fb81e 151MiB/3.3GiB(4%)](+3)
[DL:3.4MiB][#ca9c3b 183MiB/0.9GiB(18%)][#32a636 175MiB/3.3GiB(5%)][#04a308 146MiB/3.3GiB(4%)][#733c91 161MiB/3.3GiB(4%)][#3fb81e 151MiB/3.3GiB(4%)](+3)
[DL:3.4MiB][#ca9c3b 184MiB/0.9GiB(18%)][#32a636 176MiB/3.3GiB(5%)][#04a308 146MiB/3.3GiB(4%)][#733c91 161MiB/3.3GiB(4%)][#3fb81e 151MiB/3.3GiB(4%)](+3)
[DL:3.2MiB][#ca9c3b 184MiB/0.9GiB(18%)][#32a636 176MiB/3.3GiB(5%)][#04a308 146MiB/3.3GiB(4%)][#733c91 162MiB/3.3GiB(4%)][#3fb81e 151MiB/3.3GiB(4%)](+3)
[DL:3.1MiB][#ca9c3b 185MiB/0.9GiB(18%)][#32a636 177MiB/3.3GiB(5%)][#04a308 147MiB/3.3GiB(4%)][#733c91 162MiB/3.3GiB(4%)][#3fb81e 151MiB/3.3GiB(4%)](+3)
[DL:3.0MiB][#ca9c3b 185MiB/0.9GiB(18%)][#32a636 177MiB/3.3GiB(5%)][#04a308 148MiB/3.3GiB(4%)][#733c91 163MiB/3.3GiB(4%)][#3fb81e 152MiB/3.3GiB(4%)](+3)
[DL:2.9MiB][#ca9c3b 186MiB/0.9GiB(18%)][#32a636 178MiB/3.3GiB(5%)][#04a308 148MiB/3.3GiB(4%)][#733c91 163MiB/3.3GiB(4%)][#3fb81e 152MiB/3.3GiB(4%)](+3)
[DL:2.7MiB][#ca9c3b 186MiB/0.9GiB(18%)][#32a636 178MiB/3.3GiB(5%)][#04a308 148MiB/3.3GiB(4%)][#733c91 163MiB/3.3GiB(4%)][#3fb81e 152MiB/3.3GiB(4%)](+3)
[DL:2.6MiB][#ca9c3b 186MiB/0.9GiB(18%)][#32a636 178MiB/3.3GiB(5%)][#04a308 149MiB/3.3GiB(4%)][#733c91 163MiB/3.3GiB(4%)][#3fb81e 152MiB/3.3GiB(4%)](+3)
[DL:3.2MiB][#ca9c3b 188MiB/0.9GiB(18%)][#32a636 179MiB/3.3GiB(5%)][#04a308 149MiB/3.3GiB(4%)][#733c91 164MiB/3.3GiB(4%)][#3fb81e 153MiB/3.3GiB(4%)](+3)
[DL:3.1MiB][#ca9c3b 189MiB/0.9GiB(18%)][#32a636 180MiB/3.3GiB(5%)][#04a308 150MiB/3.3GiB(4%)][#733c91 164MiB/3.3GiB(4%)][#3fb81e 153MiB/3.3GiB(4%)](+3)
[DL:3.0MiB][#ca9c3b 189MiB/0.9GiB(18%)][#32a636 180MiB/3.3GiB(5%)][#04a308 150MiB/3.3GiB(4%)][#733c91 165MiB/3.3GiB(4%)][#3fb81e 153MiB/3.3GiB(4%)](+3)
[DL:3.0MiB][#ca9c3b 190MiB/0.9GiB(18%)][#32a636 180MiB/3.3GiB(5%)][#04a308 150MiB/3.3GiB(4%)][#733c91 165MiB/3.3GiB(4%)][#3fb81e 153MiB/3.3GiB(4%)](+3)
[DL:3.0MiB][#ca9c3b 191MiB/0.9GiB(18%)][#32a636 181MiB/3.3GiB(5%)][#04a308 151MiB/3.3GiB(4%)][#733c91 165MiB/3.3GiB(4%)][#3fb81e 153MiB/3.3GiB(4%)](+3)
[DL:3.1MiB][#ca9c3b 192MiB/0.9GiB(19%)][#32a636 181MiB/3.3GiB(5%)][#04a308 151MiB/3.3GiB(4%)][#733c91 165MiB/3.3GiB(4%)][#3fb81e 154MiB/3.3GiB(4%)](+3)
[DL:3.4MiB][#ca9c3b 193MiB/0.9GiB(19%)][#32a636 183MiB/3.3GiB(5%)][#04a308 152MiB/3.3GiB(4%)][#733c91 166MiB/3.3GiB(4%)][#3fb81e 154MiB/3.3GiB(4%)](+3)
[DL:3.6MiB][#ca9c3b 194MiB/0.9GiB(19%)][#32a636 183MiB/3.3GiB(5%)][#04a308 153MiB/3.3GiB(4%)][#733c91 166MiB/3.3GiB(4%)][#3fb81e 154MiB/3.3GiB(4%)](+3)
[DL:3.9MiB][#ca9c3b 195MiB/0.9GiB(19%)][#32a636 184MiB/3.3GiB(5%)][#04a308 154MiB/3.3GiB(4%)][#733c91 167MiB/3.3GiB(4%)][#3fb81e 155MiB/3.3GiB(4%)](+3)
[DL:3.4MiB][#ca9c3b 196MiB/0.9GiB(19%)][#32a636 184MiB/3.3GiB(5%)][#04a308 154MiB/3.3GiB(4%)][#733c91 167MiB/3.3GiB(4%)][#3fb81e 155MiB/3.3GiB(4%)](+3)
[DL:3.4MiB][#ca9c3b 196MiB/0.9GiB(19%)][#32a636 185MiB/3.3GiB(5%)][#04a308 154MiB/3.3GiB(4%)][#733c91 167MiB/3.3GiB(4%)][#3fb81e 155MiB/3.3GiB(4%)](+3)
[DL:3.2MiB][#ca9c3b 196MiB/0.9GiB(19%)][#32a636 185MiB/3.3GiB(5%)][#04a308 155MiB/3.3GiB(4%)][#733c91 167MiB/3.3GiB(4%)][#3fb81e 155MiB/3.3GiB(4%)](+3)
[DL:3.4MiB][#ca9c3b 197MiB/0.9GiB(19%)][#32a636 186MiB/3.3GiB(5%)][#04a308 155MiB/3.3GiB(4%)][#733c91 168MiB/3.3GiB(4%)][#3fb81e 155MiB/3.3GiB(4%)](+3)
 *** Download Progress Summary as of Fri Aug 14 17:40:06 2026 *** 
===============================================================================
[#ca9c3b 198MiB/0.9GiB(19%) CN:1 DL:834KiB ETA:16m36s]
FILE: /home/user/models/models/deepseek-ai-DeepSeek-V4-Flash-0731/model-00001-of-00048.safetensors
-------------------------------------------------------------------------------
[#32a636 186MiB/3.3GiB(5%) CN:1 DL:617KiB ETA:1h28m53s]
FILE: /home/user/models/models/deepseek-ai-DeepSeek-V4-Flash-0731/model-00002-of-00048.safetensors
-------------------------------------------------------------------------------
[#04a308 156MiB/3.3GiB(4%) CN:1 DL:634KiB ETA:1h27m16s]
FILE: /home/user/models/models/deepseek-ai-DeepSeek-V4-Flash-0731/model-00003-of-00048.safetensors
-------------------------------------------------------------------------------
[#733c91 168MiB/3.3GiB(4%) CN:1 DL:380KiB ETA:2h26m9s]
FILE: /home/user/models/models/deepseek-ai-DeepSeek-V4-Flash-0731/model-00004-of-00048.safetensors
-------------------------------------------------------------------------------
[#3fb81e 156MiB/3.3GiB(4%) CN:1 DL:264KiB ETA:3h29m23s]
FILE: /home/user/models/models/deepseek-ai-DeepSeek-V4-Flash-0731/model-00005-of-00048.safetensors
-------------------------------------------------------------------------------
[#bd6521 166MiB/3.3GiB(4%) CN:1 DL:718KiB ETA:1h17m22s]
FILE: /home/user/models/models/deepseek-ai-DeepSeek-V4-Flash-0731/model-00006-of-00048.safetensors
-------------------------------------------------------------------------------
[#27b7ba 166MiB/3.3GiB(4%) CN:1 DL:285KiB ETA:3h13m9s]
FILE: /home/user/models/models/deepseek-ai-DeepSeek-V4-Flash-0731/model-00007-of-00048.safetensors
-------------------------------------------------------------------------------
[#a52f97 185MiB/3.3GiB(5%) CN:1 DL:291KiB ETA:3h9m46s]
FILE: /home/user/models/models/deepseek-ai-DeepSeek-V4-Flash-0731/model-00008-of-00048.safetensors
-------------------------------------------------------------------------------

[DL:3.7MiB][#ca9c3b 198MiB/0.9GiB(19%)][#32a636 186MiB/3.3GiB(5%)][#04a308 156MiB/3.3GiB(4%)][#733c91 168MiB/3.3GiB(4%)][#3fb81e 156MiB/3.3GiB(4%)](+3)
[DL:3.9MiB][#ca9c3b 199MiB/0.9GiB(19%)][#32a636 187MiB/3.3GiB(5%)][#04a308 157MiB/3.3GiB(4%)][#733c91 168MiB/3.3GiB(4%)][#3fb81e 156MiB/3.3GiB(4%)](+3)
[DL:3.4MiB][#ca9c3b 200MiB/0.9GiB(19%)][#32a636 187MiB/3.3GiB(5%)][#04a308 157MiB/3.3GiB(4%)][#733c91 169MiB/3.3GiB(4%)][#3fb81e 156MiB/3.3GiB(4%)](+3)
[DL:3.5MiB][#ca9c3b 201MiB/0.9GiB(19%)][#32a636 188MiB/3.3GiB(5%)][#04a308 158MiB/3.3GiB(4%)][#733c91 169MiB/3.3GiB(4%)][#3fb81e 157MiB/3.3GiB(4%)](+3)
[DL:3.2MiB][#ca9c3b 201MiB/0.9GiB(19%)][#32a636 189MiB/3.3GiB(5%)][#04a308 158MiB/3.3GiB(4%)][#733c91 169MiB/3.3GiB(4%)][#3fb81e 157MiB/3.3GiB(4%)](+3)
[DL:3.3MiB][#ca9c3b 202MiB/0.9GiB(20%)][#32a636 189MiB/3.3GiB(5%)][#04a308 159MiB/3.3GiB(4%)][#733c91 170MiB/3.3GiB(4%)][#3fb81e 157MiB/3.3GiB(4%)](+3)
[DL:3.3MiB][#ca9c3b 202MiB/0.9GiB(20%)][#32a636 189MiB/3.3GiB(5%)][#04a308 159MiB/3.3GiB(4%)][#733c91 170MiB/3.3GiB(4%)][#3fb81e 157MiB/3.3GiB(4%)](+3)
[DL:3.5MiB][#ca9c3b 203MiB/0.9GiB(20%)][#32a636 190MiB/3.3GiB(5%)][#04a308 160MiB/3.3GiB(4%)][#733c91 170MiB/3.3GiB(4%)][#3fb81e 158MiB/3.3GiB(4%)](+3)
[DL:3.4MiB][#ca9c3b 204MiB/0.9GiB(20%)][#32a636 190MiB/3.3GiB(5%)][#04a308 160MiB/3.3GiB(4%)][#733c91 170MiB/3.3GiB(4%)][#3fb81e 158MiB/3.3GiB(4%)](+3)
[DL:2.9MiB][#ca9c3b 204MiB/0.9GiB(20%)][#32a636 191MiB/3.3GiB(5%)][#04a308 160MiB/3.3GiB(4%)][#733c91 171MiB/3.3GiB(4%)][#3fb81e 158MiB/3.3GiB(4%)](+3)
[DL:3.0MiB][#ca9c3b 205MiB/0.9GiB(20%)][#32a636 191MiB/3.3GiB(5%)][#04a308 161MiB/3.3GiB(4%)][#733c91 171MiB/3.3GiB(4%)][#3fb81e 159MiB/3.3GiB(4%)](+3)
[DL:3.0MiB][#ca9c3b 205MiB/0.9GiB(20%)][#32a636 192MiB/3.3GiB(5%)][#04a308 161MiB/3.3GiB(4%)][#733c91 171MiB/3.3GiB(5%)][#3fb81e 159MiB/3.3GiB(4%)](+3)
[DL:2.9MiB][#ca9c3b 206MiB/0.9GiB(20%)][#32a636 192MiB/3.3GiB(5%)][#04a308 162MiB/3.3GiB(4%)][#733c91 171MiB/3.3GiB(5%)][#3fb81e 159MiB/3.3GiB(4%)](+3)
[DL:3.1MiB][#ca9c3b 207MiB/0.9GiB(20%)][#32a636 193MiB/3.3GiB(5%)][#04a308 162MiB/3.3GiB(4%)][#733c91 172MiB/3.3GiB(5%)][#3fb81e 160MiB/3.3GiB(4%)](+3)
[DL:3.0MiB][#ca9c3b 207MiB/0.9GiB(20%)][#32a636 193MiB/3.3GiB(5%)][#04a308 162MiB/3.3GiB(4%)][#733c91 172MiB/3.3GiB(5%)][#3fb81e 160MiB/3.3GiB(4%)](+3)
[DL:3.0MiB][#ca9c3b 208MiB/0.9GiB(20%)][#32a636 193MiB/3.3GiB(5%)][#04a308 163MiB/3.3GiB(4%)][#733c91 172MiB/3.3GiB(5%)][#3fb81e 160MiB/3.3GiB(4%)](+3)
[DL:2.9MiB][#ca9c3b 208MiB/0.9GiB(20%)][#32a636 194MiB/3.3GiB(5%)][#04a308 163MiB/3.3GiB(4%)][#733c91 172MiB/3.3GiB(5%)][#3fb81e 160MiB/3.3GiB(4%)](+3)
[DL:2.8MiB][#ca9c3b 209MiB/0.9GiB(20%)][#32a636 194MiB/3.3GiB(5%)][#04a308 163MiB/3.3GiB(4%)][#733c91 173MiB/3.3GiB(5%)][#3fb81e 160MiB/3.3GiB(4%)](+3)
[DL:3.0MiB][#ca9c3b 210MiB/0.9GiB(20%)][#32a636 195MiB/3.3GiB(5%)][#04a308 164MiB/3.3GiB(4%)][#733c91 173MiB/3.3GiB(5%)][#3fb81e 161MiB/3.3GiB(4%)](+3)
[DL:3.1MiB][#ca9c3b 210MiB/0.9GiB(20%)][#32a636 195MiB/3.3GiB(5%)][#04a308 164MiB/3.3GiB(4%)][#733c91 173MiB/3.3GiB(5%)][#3fb81e 161MiB/3.3GiB(4%)](+3)
[DL:3.0MiB][#ca9c3b 211MiB/0.9GiB(20%)][#32a636 196MiB/3.3GiB(5%)][#04a308 164MiB/3.3GiB(4%)][#733c91 173MiB/3.3GiB(5%)][#3fb81e 161MiB/3.3GiB(4%)](+3)
[DL:3.1MiB][#ca9c3b 212MiB/0.9GiB(21%)][#32a636 196MiB/3.3GiB(5%)][#04a308 165MiB/3.3GiB(4%)][#733c91 174MiB/3.3GiB(5%)][#3fb81e 162MiB/3.3GiB(4%)](+3)
[DL:3.1MiB][#ca9c3b 212MiB/0.9GiB(21%)][#32a636 197MiB/3.3GiB(5%)][#04a308 165MiB/3.3GiB(4%)][#733c91 174MiB/3.3GiB(5%)][#3fb81e 162MiB/3.3GiB(4%)](+3)
[DL:3.0MiB][#ca9c3b 213MiB/0.9GiB(21%)][#32a636 197MiB/3.3GiB(5%)][#04a308 165MiB/3.3GiB(4%)][#733c91 174MiB/3.3GiB(5%)][#3fb81e 162MiB/3.3GiB(4%)](+3)
[DL:2.8MiB][#ca9c3b 213MiB/0.9GiB(21%)][#32a636 197MiB/3.3GiB(5%)][#04a308 165MiB/3.3GiB(4%)][#733c91 174MiB/3.3GiB(5%)][#3fb81e 162MiB/3.3GiB(4%)](+3)
[DL:2.5MiB][#ca9c3b 213MiB/0.9GiB(21%)][#32a636 197MiB/3.3GiB(5%)][#04a308 166MiB/3.3GiB(4%)][#733c91 174MiB/3.3GiB(5%)][#3fb81e 162MiB/3.3GiB(4%)](+3)
[DL:2.5MiB][#ca9c3b 214MiB/0.9GiB(21%)][#32a636 198MiB/3.3GiB(5%)][#04a308 166MiB/3.3GiB(4%)][#733c91 175MiB/3.3GiB(5%)][#3fb81e 163MiB/3.3GiB(4%)](+3)
[DL:2.5MiB][#ca9c3b 214MiB/0.9GiB(21%)][#32a636 198MiB/3.3GiB(5%)][#04a308 166MiB/3.3GiB(4%)][#733c91 175MiB/3.3GiB(5%)][#3fb81e 163MiB/3.3GiB(4%)](+3)
[DL:2.6MiB][#ca9c3b 215MiB/0.9GiB(21%)][#32a636 199MiB/3.3GiB(5%)][#04a308 167MiB/3.3GiB(4%)][#733c91 175MiB/3.3GiB(5%)][#3fb81e 163MiB/3.3GiB(4%)](+3)
 *** Download Progress Summary as of Fri Aug 14 17:40:36 2026 *** 
===============================================================================
[#ca9c3b 215MiB/0.9GiB(21%) CN:1 DL:482KiB ETA:28m6s]
FILE: /home/user/models/models/deepseek-ai-DeepSeek-V4-Flash-0731/model-00001-of-00048.safetensors
-------------------------------------------------------------------------------
[#32a636 200MiB/3.3GiB(5%) CN:1 DL:436KiB ETA:2h5m13s]
FILE: /home/user/models/models/deepseek-ai-DeepSeek-V4-Flash-0731/model-00002-of-00048.safetensors
-------------------------------------------------------------------------------
[#04a308 167MiB/3.3GiB(4%) CN:1 DL:307KiB ETA:2h59m42s]
FILE: /home/user/models/models/deepseek-ai-DeepSeek-V4-Flash-0731/model-00003-of-00048.safetensors
-------------------------------------------------------------------------------
[#733c91 175MiB/3.3GiB(5%) CN:1 DL:223KiB ETA:4h8m2s]
FILE: /home/user/models/models/deepseek-ai-DeepSeek-V4-Flash-0731/model-00004-of-00048.safetensors
-------------------------------------------------------------------------------
[#3fb81e 164MiB/3.3GiB(4%) CN:1 DL:308KiB ETA:2h59m3s]
FILE: /home/user/models/models/deepseek-ai-DeepSeek-V4-Flash-0731/model-00005-of-00048.safetensors
-------------------------------------------------------------------------------
[#bd6521 183MiB/3.3GiB(5%) CN:1 DL:516KiB ETA:1h47m1s]
FILE: /home/user/models/models/deepseek-ai-DeepSeek-V4-Flash-0731/model-00006-of-00048.safetensors
-------------------------------------------------------------------------------
[#27b7ba 174MiB/3.3GiB(5%) CN:1 DL:247KiB ETA:3h42m52s]
FILE: /home/user/models/models/deepseek-ai-DeepSeek-V4-Flash-0731/model-00007-of-00048.safetensors
-------------------------------------------------------------------------------
[#a52f97 194MiB/3.3GiB(5%) CN:1 DL:338KiB ETA:2h42m48s]
FILE: /home/user/models/models/deepseek-ai-DeepSeek-V4-Flash-0731/model-00008-of-00048.safetensors
-------------------------------------------------------------------------------

[DL:2.8MiB][#ca9c3b 215MiB/0.9GiB(21%)][#32a636 200MiB/3.3GiB(5%)][#04a308 167MiB/3.3GiB(4%)][#733c91 175MiB/3.3GiB(5%)][#3fb81e 164MiB/3.3GiB(4%)](+3)
[DL:2.7MiB][#ca9c3b 216MiB/0.9GiB(21%)][#32a636 200MiB/3.3GiB(5%)][#04a308 167MiB/3.3GiB(4%)][#733c91 176MiB/3.3GiB(5%)][#3fb81e 164MiB/3.3GiB(4%)](+3)
[DL:2.8MiB][#ca9c3b 217MiB/0.9GiB(21%)][#32a636 201MiB/3.3GiB(5%)][#04a308 168MiB/3.3GiB(4%)][#733c91 176MiB/3.3GiB(5%)][#3fb81e 165MiB/3.3GiB(4%)](+3)
[DL:2.9MiB][#ca9c3b 217MiB/0.9GiB(21%)][#32a636 202MiB/3.3GiB(5%)][#04a308 168MiB/3.3GiB(4%)][#733c91 176MiB/3.3GiB(5%)][#3fb81e 165MiB/3.3GiB(4%)](+3)
[DL:3.0MiB][#ca9c3b 218MiB/0.9GiB(21%)][#32a636 202MiB/3.3GiB(5%)][#04a308 168MiB/3.3GiB(4%)][#733c91 176MiB/3.3GiB(5%)][#3fb81e 166MiB/3.3GiB(4%)](+3)
[DL:3.2MiB][#ca9c3b 218MiB/0.9GiB(21%)][#32a636 203MiB/3.3GiB(5%)][#04a308 169MiB/3.3GiB(4%)][#733c91 176MiB/3.3GiB(5%)][#3fb81e 166MiB/3.3GiB(4%)](+3)
[DL:3.6MiB][#ca9c3b 219MiB/0.9GiB(21%)][#32a636 204MiB/3.3GiB(6%)][#04a308 169MiB/3.3GiB(4%)][#733c91 177MiB/3.3GiB(5%)][#3fb81e 167MiB/3.3GiB(4%)](+3)
[DL:3.8MiB][#ca9c3b 220MiB/0.9GiB(21%)][#32a636 204MiB/3.3GiB(6%)][#04a308 170MiB/3.3GiB(5%)][#733c91 177MiB/3.3GiB(5%)][#3fb81e 168MiB/3.3GiB(4%)](+3)
[DL:3.9MiB][#ca9c3b 220MiB/0.9GiB(21%)][#32a636 205MiB/3.3GiB(6%)][#04a308 170MiB/3.3GiB(5%)][#733c91 178MiB/3.3GiB(5%)][#3fb81e 168MiB/3.3GiB(4%)](+3)
[DL:3.8MiB][#ca9c3b 221MiB/0.9GiB(21%)][#32a636 206MiB/3.3GiB(6%)][#04a308 171MiB/3.3GiB(5%)][#733c91 178MiB/3.3GiB(5%)][#3fb81e 169MiB/3.3GiB(4%)](+3)
[DL:4.0MiB][#ca9c3b 222MiB/0.9GiB(22%)][#32a636 207MiB/3.3GiB(6%)][#04a308 171MiB/3.3GiB(5%)][#733c91 178MiB/3.3GiB(5%)][#3fb81e 170MiB/3.3GiB(5%)](+3)
[DL:3.7MiB][#ca9c3b 222MiB/0.9GiB(22%)][#32a636 207MiB/3.3GiB(6%)][#04a308 171MiB/3.3GiB(5%)][#733c91 178MiB/3.3GiB(5%)][#3fb81e 170MiB/3.3GiB(5%)](+3)
[DL:3.8MiB][#ca9c3b 223MiB/0.9GiB(22%)][#32a636 207MiB/3.3GiB(6%)][#04a308 172MiB/3.3GiB(5%)][#733c91 179MiB/3.3GiB(5%)][#3fb81e 170MiB/3.3GiB(5%)](+3)
[DL:4.1MiB][#ca9c3b 223MiB/0.9GiB(22%)][#32a636 208MiB/3.3GiB(6%)][#04a308 172MiB/3.3GiB(5%)][#733c91 179MiB/3.3GiB(5%)][#3fb81e 171MiB/3.3GiB(5%)](+3)
[DL:4.0MiB][#ca9c3b 224MiB/0.9GiB(22%)][#32a636 208MiB/3.3GiB(6%)][#04a308 172MiB/3.3GiB(5%)][#733c91 179MiB/3.3GiB(5%)][#3fb81e 171MiB/3.3GiB(5%)](+3)
[DL:4.0MiB][#ca9c3b 224MiB/0.9GiB(22%)][#32a636 209MiB/3.3GiB(6%)][#04a308 173MiB/3.3GiB(5%)][#733c91 180MiB/3.3GiB(5%)][#3fb81e 172MiB/3.3GiB(5%)](+3)
[DL:4.0MiB][#ca9c3b 225MiB/0.9GiB(22%)][#32a636 209MiB/3.3GiB(6%)][#04a308 173MiB/3.3GiB(5%)][#733c91 180MiB/3.3GiB(5%)][#3fb81e 172MiB/3.3GiB(5%)](+3)
[DL:4.0MiB][#ca9c3b 225MiB/0.9GiB(22%)][#32a636 210MiB/3.3GiB(6%)][#04a308 174MiB/3.3GiB(5%)][#733c91 180MiB/3.3GiB(5%)][#3fb81e 173MiB/3.3GiB(5%)](+3)
[DL:4.1MiB][#ca9c3b 226MiB/0.9GiB(22%)][#32a636 210MiB/3.3GiB(6%)][#04a308 174MiB/3.3GiB(5%)][#733c91 181MiB/3.3GiB(5%)][#3fb81e 173MiB/3.3GiB(5%)](+3)
[DL:4.0MiB][#ca9c3b 226MiB/0.9GiB(22%)][#32a636 211MiB/3.3GiB(6%)][#04a308 175MiB/3.3GiB(5%)][#733c91 181MiB/3.3GiB(5%)][#3fb81e 174MiB/3.3GiB(5%)](+3)
[DL:4.1MiB][#ca9c3b 227MiB/0.9GiB(22%)][#32a636 211MiB/3.3GiB(6%)][#04a308 175MiB/3.3GiB(5%)][#733c91 181MiB/3.3GiB(5%)][#3fb81e 174MiB/3.3GiB(5%)](+3)
[DL:4.0MiB][#ca9c3b 227MiB/0.9GiB(22%)][#32a636 211MiB/3.3GiB(6%)][#04a308 175MiB/3.3GiB(5%)][#733c91 181MiB/3.3GiB(5%)][#3fb81e 175MiB/3.3GiB(5%)](+3)
[DL:4.1MiB][#ca9c3b 228MiB/0.9GiB(22%)][#32a636 212MiB/3.3GiB(6%)][#04a308 176MiB/3.3GiB(5%)][#733c91 182MiB/3.3GiB(5%)][#3fb81e 175MiB/3.3GiB(5%)](+3)
[DL:4.4MiB][#ca9c3b 228MiB/0.9GiB(22%)][#32a636 212MiB/3.3GiB(6%)][#04a308 176MiB/3.3GiB(5%)][#733c91 182MiB/3.3GiB(5%)][#3fb81e 176MiB/3.3GiB(5%)](+3)
[DL:4.3MiB][#ca9c3b 229MiB/0.9GiB(22%)][#32a636 213MiB/3.3GiB(6%)][#04a308 176MiB/3.3GiB(5%)][#733c91 183MiB/3.3GiB(5%)][#3fb81e 176MiB/3.3GiB(5%)](+3)
[DL:4.3MiB][#ca9c3b 230MiB/0.9GiB(22%)][#32a636 214MiB/3.3GiB(6%)][#04a308 177MiB/3.3GiB(5%)][#733c91 183MiB/3.3GiB(5%)][#3fb81e 177MiB/3.3GiB(5%)](+3)
[DL:4.2MiB][#ca9c3b 230MiB/0.9GiB(22%)][#32a636 214MiB/3.3GiB(6%)][#04a308 177MiB/3.3GiB(5%)][#733c91 183MiB/3.3GiB(5%)][#3fb81e 177MiB/3.3GiB(5%)](+3)
[DL:3.9MiB][#ca9c3b 230MiB/0.9GiB(22%)][#32a636 214MiB/3.3GiB(6%)][#04a308 178MiB/3.3GiB(5%)][#733c91 184MiB/3.3GiB(5%)][#3fb81e 178MiB/3.3GiB(5%)](+3)
[DL:3.9MiB][#ca9c3b 231MiB/0.9GiB(22%)][#32a636 215MiB/3.3GiB(6%)][#04a308 178MiB/3.3GiB(5%)][#733c91 184MiB/3.3GiB(5%)][#3fb81e 178MiB/3.3GiB(5%)](+3)
 *** Download Progress Summary as of Fri Aug 14 17:41:06 2026 *** 
===============================================================================
[#ca9c3b 231MiB/0.9GiB(22%) CN:1 DL:475KiB ETA:27m54s]
FILE: /home/user/models/models/deepseek-ai-DeepSeek-V4-Flash-0731/model-00001-of-00048.safetensors
-------------------------------------------------------------------------------
[#32a636 215MiB/3.3GiB(6%) CN:1 DL:445KiB ETA:2h2m10s]
FILE: /home/user/models/models/deepseek-ai-DeepSeek-V4-Flash-0731/model-00002-of-00048.safetensors
-------------------------------------------------------------------------------
[#04a308 178MiB/3.3GiB(5%) CN:1 DL:376KiB ETA:2h25m57s]
FILE: /home/user/models/models/deepseek-ai-DeepSeek-V4-Flash-0731/model-00003-of-00048.safetensors
-------------------------------------------------------------------------------
[#733c91 184MiB/3.3GiB(5%) CN:1 DL:303KiB ETA:3h2m27s]
FILE: /home/user/models/models/deepseek-ai-DeepSeek-V4-Flash-0731/model-00004-of-00048.safetensors
-------------------------------------------------------------------------------
[#3fb81e 178MiB/3.3GiB(5%) CN:1 DL:467KiB ETA:1h57m36s]
FILE: /home/user/models/models/deepseek-ai-DeepSeek-V4-Flash-0731/model-00005-of-00048.safetensors
-------------------------------------------------------------------------------
[#bd6521 213MiB/3.3GiB(6%) CN:1 DL:1.0MiB ETA:52m36s]
FILE: /home/user/models/models/deepseek-ai-DeepSeek-V4-Flash-0731/model-00006-of-00048.safetensors
-------------------------------------------------------------------------------
[#27b7ba 183MiB/3.3GiB(5%) CN:1 DL:244KiB ETA:3h44m55s]
FILE: /home/user/models/models/deepseek-ai-DeepSeek-V4-Flash-0731/model-00007-of-00048.safetensors
-------------------------------------------------------------------------------
[#a52f97 207MiB/3.3GiB(6%) CN:1 DL:396KiB ETA:2h18m18s]
FILE: /home/user/models/models/deepseek-ai-DeepSeek-V4-Flash-0731/model-00008-of-00048.safetensors
-------------------------------------------------------------------------------

[DL:3.6MiB][#ca9c3b 231MiB/0.9GiB(22%)][#32a636 215MiB/3.3GiB(6%)][#04a308 178MiB/3.3GiB(5%)][#733c91 184MiB/3.3GiB(5%)][#3fb81e 178MiB/3.3GiB(5%)](+3)
[DL:3.4MiB][#ca9c3b 231MiB/0.9GiB(22%)][#32a636 215MiB/3.3GiB(6%)][#04a308 178MiB/3.3GiB(5%)][#733c91 184MiB/3.3GiB(5%)][#3fb81e 178MiB/3.3GiB(5%)](+3)
[DL:3.5MiB][#ca9c3b 232MiB/0.9GiB(22%)][#32a636 216MiB/3.3GiB(6%)][#04a308 179MiB/3.3GiB(5%)][#733c91 184MiB/3.3GiB(5%)][#3fb81e 179MiB/3.3GiB(5%)](+3)
[DL:3.6MiB][#ca9c3b 232MiB/0.9GiB(23%)][#32a636 216MiB/3.3GiB(6%)][#04a308 179MiB/3.3GiB(5%)][#733c91 184MiB/3.3GiB(5%)][#3fb81e 179MiB/3.3GiB(5%)](+3)
[DL:3.5MiB][#ca9c3b 232MiB/0.9GiB(23%)][#32a636 216MiB/3.3GiB(6%)][#04a308 180MiB/3.3GiB(5%)][#733c91 185MiB/3.3GiB(5%)][#3fb81e 180MiB/3.3GiB(5%)](+3)
[DL:3.3MiB][#ca9c3b 233MiB/0.9GiB(23%)][#32a636 217MiB/3.3GiB(6%)][#04a308 180MiB/3.3GiB(5%)][#733c91 185MiB/3.3GiB(5%)][#3fb81e 180MiB/3.3GiB(5%)](+3)
[DL:3.5MiB][#ca9c3b 233MiB/0.9GiB(23%)][#32a636 217MiB/3.3GiB(6%)][#04a308 180MiB/3.3GiB(5%)][#733c91 185MiB/3.3GiB(5%)][#3fb81e 181MiB/3.3GiB(5%)](+3)
[DL:3.7MiB][#ca9c3b 234MiB/0.9GiB(23%)][#32a636 218MiB/3.3GiB(6%)][#04a308 181MiB/3.3GiB(5%)][#733c91 185MiB/3.3GiB(5%)][#3fb81e 181MiB/3.3GiB(5%)](+3)
[DL:3.8MiB][#ca9c3b 234MiB/0.9GiB(23%)][#32a636 218MiB/3.3GiB(6%)][#04a308 181MiB/3.3GiB(5%)][#733c91 186MiB/3.3GiB(5%)][#3fb81e 182MiB/3.3GiB(5%)](+3)
[DL:3.7MiB][#ca9c3b 234MiB/0.9GiB(23%)][#32a636 218MiB/3.3GiB(6%)][#04a308 181MiB/3.3GiB(5%)][#733c91 186MiB/3.3GiB(5%)][#3fb81e 182MiB/3.3GiB(5%)](+3)
[DL:4.0MiB][#ca9c3b 235MiB/0.9GiB(23%)][#32a636 219MiB/3.3GiB(6%)][#04a308 182MiB/3.3GiB(5%)][#733c91 186MiB/3.3GiB(5%)][#3fb81e 183MiB/3.3GiB(5%)](+3)
[DL:4.5MiB][#ca9c3b 236MiB/0.9GiB(23%)][#32a636 220MiB/3.3GiB(6%)][#04a308 182MiB/3.3GiB(5%)][#733c91 186MiB/3.3GiB(5%)][#3fb81e 183MiB/3.3GiB(5%)](+3)
[DL:4.4MiB][#ca9c3b 236MiB/0.9GiB(23%)][#32a636 220MiB/3.3GiB(6%)][#04a308 182MiB/3.3GiB(5%)][#733c91 187MiB/3.3GiB(5%)][#3fb81e 184MiB/3.3GiB(5%)](+3)
[DL:4.2MiB][#ca9c3b 237MiB/0.9GiB(23%)][#32a636 221MiB/3.3GiB(6%)][#04a308 183MiB/3.3GiB(5%)][#733c91 187MiB/3.3GiB(5%)][#3fb81e 184MiB/3.3GiB(5%)](+3)
[DL:4.2MiB][#ca9c3b 237MiB/0.9GiB(23%)][#32a636 221MiB/3.3GiB(6%)][#04a308 183MiB/3.3GiB(5%)][#733c91 187MiB/3.3GiB(5%)][#3fb81e 185MiB/3.3GiB(5%)](+3)
[DL:4.2MiB][#ca9c3b 238MiB/0.9GiB(23%)][#32a636 222MiB/3.3GiB(6%)][#04a308 183MiB/3.3GiB(5%)][#733c91 187MiB/3.3GiB(5%)][#3fb81e 185MiB/3.3GiB(5%)](+3)
[DL:3.7MiB][#ca9c3b 238MiB/0.9GiB(23%)][#32a636 222MiB/3.3GiB(6%)][#04a308 183MiB/3.3GiB(5%)][#733c91 187MiB/3.3GiB(5%)][#3fb81e 185MiB/3.3GiB(5%)](+3)
[DL:3.9MiB][#ca9c3b 238MiB/0.9GiB(23%)][#32a636 222MiB/3.3GiB(6%)][#04a308 184MiB/3.3GiB(5%)][#733c91 188MiB/3.3GiB(5%)][#3fb81e 186MiB/3.3GiB(5%)](+3)
[DL:4.0MiB][#ca9c3b 239MiB/0.9GiB(23%)][#32a636 223MiB/3.3GiB(6%)][#04a308 184MiB/3.3GiB(5%)][#733c91 188MiB/3.3GiB(5%)][#3fb81e 186MiB/3.3GiB(5%)](+3)
[DL:4.1MiB][#ca9c3b 239MiB/0.9GiB(23%)][#32a636 223MiB/3.3GiB(6%)][#04a308 184MiB/3.3GiB(5%)][#733c91 188MiB/3.3GiB(5%)][#3fb81e 187MiB/3.3GiB(5%)](+3)
[DL:3.8MiB][#ca9c3b 239MiB/0.9GiB(23%)][#32a636 224MiB/3.3GiB(6%)][#04a308 185MiB/3.3GiB(5%)][#733c91 188MiB/3.3GiB(5%)][#3fb81e 187MiB/3.3GiB(5%)](+3)
[DL:3.6MiB][#ca9c3b 239MiB/0.9GiB(23%)][#32a636 224MiB/3.3GiB(6%)][#04a308 185MiB/3.3GiB(5%)][#733c91 189MiB/3.3GiB(5%)][#3fb81e 187MiB/3.3GiB(5%)](+3)
[DL:3.9MiB][#ca9c3b 240MiB/0.9GiB(23%)][#32a636 225MiB/3.3GiB(6%)][#04a308 186MiB/3.3GiB(5%)][#733c91 189MiB/3.3GiB(5%)][#3fb81e 188MiB/3.3GiB(5%)](+3)
[DL:3.6MiB][#ca9c3b 240MiB/0.9GiB(23%)][#32a636 225MiB/3.3GiB(6%)][#04a308 186MiB/3.3GiB(5%)][#733c91 190MiB/3.3GiB(5%)][#3fb81e 189MiB/3.3GiB(5%)](+3)
[DL:3.5MiB][#ca9c3b 241MiB/0.9GiB(23%)][#32a636 226MiB/3.3GiB(6%)][#04a308 186MiB/3.3GiB(5%)][#733c91 190MiB/3.3GiB(5%)][#3fb81e 189MiB/3.3GiB(5%)](+3)
[DL:3.9MiB][#ca9c3b 241MiB/0.9GiB(23%)][#32a636 227MiB/3.3GiB(6%)][#04a308 187MiB/3.3GiB(5%)][#733c91 190MiB/3.3GiB(5%)][#3fb81e 190MiB/3.3GiB(5%)](+3)
[DL:3.9MiB][#ca9c3b 241MiB/0.9GiB(23%)][#32a636 227MiB/3.3GiB(6%)][#04a308 187MiB/3.3GiB(5%)][#733c91 190MiB/3.3GiB(5%)][#3fb81e 190MiB/3.3GiB(5%)](+3)
[DL:3.5MiB][#ca9c3b 242MiB/0.9GiB(23%)][#32a636 227MiB/3.3GiB(6%)][#04a308 187MiB/3.3GiB(5%)][#733c91 191MiB/3.3GiB(5%)][#3fb81e 191MiB/3.3GiB(5%)](+3)
[DL:3.8MiB][#ca9c3b 243MiB/0.9GiB(24%)][#32a636 228MiB/3.3GiB(6%)][#04a308 187MiB/3.3GiB(5%)][#733c91 191MiB/3.3GiB(5%)][#3fb81e 191MiB/3.3GiB(5%)](+3)
[DL:3.6MiB][#ca9c3b 243MiB/0.9GiB(24%)][#32a636 228MiB/3.3GiB(6%)][#04a308 187MiB/3.3GiB(5%)][#733c91 191MiB/3.3GiB(5%)][#3fb81e 191MiB/3.3GiB(5%)](+3)
 *** Download Progress Summary as of Fri Aug 14 17:41:37 2026 *** 
===============================================================================
[#ca9c3b 243MiB/0.9GiB(24%) CN:1 DL:424KiB ETA:30m50s]
FILE: /home/user/models/models/deepseek-ai-DeepSeek-V4-Flash-0731/model-00001-of-00048.safetensors
-------------------------------------------------------------------------------
[#32a636 228MiB/3.3GiB(6%) CN:1 DL:454KiB ETA:1h59m13s]
FILE: /home/user/models/models/deepseek-ai-DeepSeek-V4-Flash-0731/model-00002-of-00048.safetensors
-------------------------------------------------------------------------------
[#04a308 188MiB/3.3GiB(5%) CN:1 DL:312KiB ETA:2h55m31s]
FILE: /home/user/models/models/deepseek-ai-DeepSeek-V4-Flash-0731/model-00003-of-00048.safetensors
-------------------------------------------------------------------------------
[#733c91 191MiB/3.3GiB(5%) CN:1 DL:264KiB ETA:3h29m3s]
FILE: /home/user/models/models/deepseek-ai-DeepSeek-V4-Flash-0731/model-00004-of-00048.safetensors
-------------------------------------------------------------------------------
[#3fb81e 192MiB/3.3GiB(5%) CN:1 DL:411KiB ETA:2h13m3s]
FILE: /home/user/models/models/deepseek-ai-DeepSeek-V4-Flash-0731/model-00005-of-00048.safetensors
-------------------------------------------------------------------------------
[#bd6521 257MiB/3.3GiB(7%) CN:1 DL:1.2MiB ETA:43m45s]
FILE: /home/user/models/models/deepseek-ai-DeepSeek-V4-Flash-0731/model-00006-of-00048.safetensors
-------------------------------------------------------------------------------
[#27b7ba 192MiB/3.3GiB(5%) CN:1 DL:261KiB ETA:3h29m43s]
FILE: /home/user/models/models/deepseek-ai-DeepSeek-V4-Flash-0731/model-00007-of-00048.safetensors
-------------------------------------------------------------------------------
[#a52f97 218MiB/3.3GiB(6%) CN:1 DL:353KiB ETA:2h34m47s]
FILE: /home/user/models/models/deepseek-ai-DeepSeek-V4-Flash-0731/model-00008-of-00048.safetensors
-------------------------------------------------------------------------------

[DL:3.6MiB][#ca9c3b 243MiB/0.9GiB(24%)][#32a636 228MiB/3.3GiB(6%)][#04a308 188MiB/3.3GiB(5%)][#733c91 191MiB/3.3GiB(5%)][#3fb81e 192MiB/3.3GiB(5%)](+3)
[DL:3.6MiB][#ca9c3b 244MiB/0.9GiB(24%)][#32a636 229MiB/3.3GiB(6%)][#04a308 188MiB/3.3GiB(5%)][#733c91 192MiB/3.3GiB(5%)][#3fb81e 192MiB/3.3GiB(5%)](+3)
[DL:3.7MiB][#ca9c3b 244MiB/0.9GiB(24%)][#32a636 230MiB/3.3GiB(6%)][#04a308 189MiB/3.3GiB(5%)][#733c91 192MiB/3.3GiB(5%)][#3fb81e 193MiB/3.3GiB(5%)](+3)
[DL:3.4MiB][#ca9c3b 244MiB/0.9GiB(24%)][#32a636 230MiB/3.3GiB(6%)][#04a308 189MiB/3.3GiB(5%)][#733c91 192MiB/3.3GiB(5%)][#3fb81e 193MiB/3.3GiB(5%)](+3)
[DL:3.7MiB][#ca9c3b 245MiB/0.9GiB(24%)][#32a636 231MiB/3.3GiB(6%)][#04a308 189MiB/3.3GiB(5%)][#733c91 192MiB/3.3GiB(5%)][#3fb81e 194MiB/3.3GiB(5%)](+3)
[DL:3.3MiB][#ca9c3b 245MiB/0.9GiB(24%)][#32a636 231MiB/3.3GiB(6%)][#04a308 189MiB/3.3GiB(5%)][#733c91 192MiB/3.3GiB(5%)][#3fb81e 194MiB/3.3GiB(5%)](+3)
[DL:3.8MiB][#ca9c3b 245MiB/0.9GiB(24%)][#32a636 231MiB/3.3GiB(6%)][#04a308 190MiB/3.3GiB(5%)][#733c91 193MiB/3.3GiB(5%)][#3fb81e 195MiB/3.3GiB(5%)](+3)
[DL:3.4MiB][#ca9c3b 246MiB/0.9GiB(24%)][#32a636 232MiB/3.3GiB(6%)][#04a308 190MiB/3.3GiB(5%)][#733c91 193MiB/3.3GiB(5%)][#3fb81e 195MiB/3.3GiB(5%)](+3)
[DL:3.7MiB][#ca9c3b 246MiB/0.9GiB(24%)][#32a636 232MiB/3.3GiB(6%)][#04a308 190MiB/3.3GiB(5%)][#733c91 193MiB/3.3GiB(5%)][#3fb81e 196MiB/3.3GiB(5%)](+3)
[DL:3.3MiB][#ca9c3b 246MiB/0.9GiB(24%)][#32a636 232MiB/3.3GiB(6%)][#04a308 190MiB/3.3GiB(5%)][#733c91 193MiB/3.3GiB(5%)][#3fb81e 196MiB/3.3GiB(5%)](+3)
[DL:3.3MiB][#ca9c3b 247MiB/0.9GiB(24%)][#32a636 233MiB/3.3GiB(6%)][#04a308 190MiB/3.3GiB(5%)][#733c91 194MiB/3.3GiB(5%)][#3fb81e 196MiB/3.3GiB(5%)](+3)
[DL:3.3MiB][#ca9c3b 247MiB/0.9GiB(24%)][#32a636 234MiB/3.3GiB(6%)][#04a308 191MiB/3.3GiB(5%)][#733c91 194MiB/3.3GiB(5%)][#3fb81e 197MiB/3.3GiB(5%)](+3)
[DL:3.1MiB][#ca9c3b 247MiB/0.9GiB(24%)][#32a636 234MiB/3.3GiB(6%)][#04a308 191MiB/3.3GiB(5%)][#733c91 194MiB/3.3GiB(5%)][#3fb81e 197MiB/3.3GiB(5%)](+3)
[DL:3.0MiB][#ca9c3b 248MiB/0.9GiB(24%)][#32a636 234MiB/3.3GiB(6%)][#04a308 191MiB/3.3GiB(5%)][#733c91 194MiB/3.3GiB(5%)][#3fb81e 198MiB/3.3GiB(5%)](+3)
[DL:3.4MiB][#ca9c3b 248MiB/0.9GiB(24%)][#32a636 235MiB/3.3GiB(6%)][#04a308 191MiB/3.3GiB(5%)][#733c91 195MiB/3.3GiB(5%)][#3fb81e 198MiB/3.3GiB(5%)](+3)
[DL:3.1MiB][#ca9c3b 248MiB/0.9GiB(24%)][#32a636 235MiB/3.3GiB(6%)][#04a308 192MiB/3.3GiB(5%)][#733c91 195MiB/3.3GiB(5%)][#3fb81e 199MiB/3.3GiB(5%)](+3)
[DL:3.0MiB][#ca9c3b 249MiB/0.9GiB(24%)][#32a636 236MiB/3.3GiB(6%)][#04a308 192MiB/3.3GiB(5%)][#733c91 195MiB/3.3GiB(5%)][#3fb81e 199MiB/3.3GiB(5%)](+3)
[DL:3.2MiB][#ca9c3b 249MiB/0.9GiB(24%)][#32a636 236MiB/3.3GiB(6%)][#04a308 192MiB/3.3GiB(5%)][#733c91 196MiB/3.3GiB(5%)][#3fb81e 200MiB/3.3GiB(5%)](+3)
[DL:3.6MiB][#ca9c3b 249MiB/0.9GiB(24%)][#32a636 237MiB/3.3GiB(6%)][#04a308 192MiB/3.3GiB(5%)][#733c91 196MiB/3.3GiB(5%)][#3fb81e 201MiB/3.3GiB(5%)](+3)
[DL:3.6MiB][#ca9c3b 250MiB/0.9GiB(24%)][#32a636 238MiB/3.3GiB(7%)][#04a308 193MiB/3.3GiB(5%)][#733c91 196MiB/3.3GiB(5%)][#3fb81e 201MiB/3.3GiB(5%)](+3)
[DL:3.7MiB][#ca9c3b 250MiB/0.9GiB(24%)][#32a636 239MiB/3.3GiB(7%)][#04a308 193MiB/3.3GiB(5%)][#733c91 197MiB/3.3GiB(5%)][#3fb81e 202MiB/3.3GiB(5%)](+3)
[DL:4.0MiB][#ca9c3b 251MiB/0.9GiB(24%)][#32a636 239MiB/3.3GiB(7%)][#04a308 193MiB/3.3GiB(5%)][#733c91 197MiB/3.3GiB(5%)][#3fb81e 203MiB/3.3GiB(5%)](+3)
[DL:4.0MiB][#ca9c3b 251MiB/0.9GiB(24%)][#32a636 240MiB/3.3GiB(7%)][#04a308 193MiB/3.3GiB(5%)][#733c91 197MiB/3.3GiB(5%)][#3fb81e 203MiB/3.3GiB(5%)](+3)
[DL:3.8MiB][#ca9c3b 251MiB/0.9GiB(24%)][#32a636 240MiB/3.3GiB(7%)][#04a308 194MiB/3.3GiB(5%)][#733c91 198MiB/3.3GiB(5%)][#3fb81e 204MiB/3.3GiB(6%)](+3)
[DL:3.5MiB][#ca9c3b 251MiB/0.9GiB(24%)][#32a636 240MiB/3.3GiB(7%)][#04a308 194MiB/3.3GiB(5%)][#733c91 198MiB/3.3GiB(5%)][#3fb81e 204MiB/3.3GiB(6%)](+3)
[DL:3.7MiB][#ca9c3b 252MiB/0.9GiB(24%)][#32a636 241MiB/3.3GiB(7%)][#04a308 194MiB/3.3GiB(5%)][#733c91 198MiB/3.3GiB(5%)][#3fb81e 205MiB/3.3GiB(6%)](+3)
[DL:3.7MiB][#ca9c3b 252MiB/0.9GiB(25%)][#32a636 242MiB/3.3GiB(7%)][#04a308 194MiB/3.3GiB(5%)][#733c91 198MiB/3.3GiB(5%)][#3fb81e 205MiB/3.3GiB(6%)](+3)
[DL:3.6MiB][#ca9c3b 253MiB/0.9GiB(25%)][#32a636 242MiB/3.3GiB(7%)][#04a308 194MiB/3.3GiB(5%)][#733c91 199MiB/3.3GiB(5%)][#3fb81e 206MiB/3.3GiB(6%)](+3)
[DL:3.4MiB][#ca9c3b 253MiB/0.9GiB(25%)][#32a636 242MiB/3.3GiB(7%)][#04a308 195MiB/3.3GiB(5%)][#733c91 199MiB/3.3GiB(5%)][#3fb81e 206MiB/3.3GiB(6%)](+3)
[DL:3.3MiB][#ca9c3b 253MiB/0.9GiB(25%)][#32a636 243MiB/3.3GiB(7%)][#04a308 195MiB/3.3GiB(5%)][#733c91 199MiB/3.3GiB(5%)][#3fb81e 206MiB/3.3GiB(6%)](+3)
 *** Download Progress Summary as of Fri Aug 14 17:42:08 2026 *** 
===============================================================================
[#ca9c3b 254MiB/0.9GiB(25%) CN:1 DL:346KiB ETA:37m14s]
FILE: /home/user/models/models/deepseek-ai-DeepSeek-V4-Flash-0731/model-00001-of-00048.safetensors
-------------------------------------------------------------------------------
[#32a636 243MiB/3.3GiB(7%) CN:1 DL:498KiB ETA:1h48m8s]
FILE: /home/user/models/models/deepseek-ai-DeepSeek-V4-Flash-0731/model-00002-of-00048.safetensors
-------------------------------------------------------------------------------
[#04a308 195MiB/3.3GiB(5%) CN:1 DL:219KiB ETA:4h9m19s]
FILE: /home/user/models/models/deepseek-ai-DeepSeek-V4-Flash-0731/model-00003-of-00048.safetensors
-------------------------------------------------------------------------------
[#733c91 199MiB/3.3GiB(5%) CN:1 DL:263KiB ETA:3h28m49s]
FILE: /home/user/models/models/deepseek-ai-DeepSeek-V4-Flash-0731/model-00004-of-00048.safetensors
-------------------------------------------------------------------------------
[#3fb81e 207MiB/3.3GiB(6%) CN:1 DL:473KiB ETA:1h55m12s]
FILE: /home/user/models/models/deepseek-ai-DeepSeek-V4-Flash-0731/model-00005-of-00048.safetensors
-------------------------------------------------------------------------------
[#bd6521 292MiB/3.3GiB(8%) CN:1 DL:921KiB ETA:57m58s]
FILE: /home/user/models/models/deepseek-ai-DeepSeek-V4-Flash-0731/model-00006-of-00048.safetensors
-------------------------------------------------------------------------------
[#27b7ba 199MiB/3.3GiB(5%) CN:1 DL:212KiB ETA:4h16m57s]
FILE: /home/user/models/models/deepseek-ai-DeepSeek-V4-Flash-0731/model-00007-of-00048.safetensors
-------------------------------------------------------------------------------
[#a52f97 227MiB/3.3GiB(6%) CN:1 DL:329KiB ETA:2h45m17s]
FILE: /home/user/models/models/deepseek-ai-DeepSeek-V4-Flash-0731/model-00008-of-00048.safetensors
-------------------------------------------------------------------------------

[DL:3.1MiB][#ca9c3b 254MiB/0.9GiB(25%)][#32a636 243MiB/3.3GiB(7%)][#04a308 195MiB/3.3GiB(5%)][#733c91 199MiB/3.3GiB(5%)][#3fb81e 207MiB/3.3GiB(6%)](+3)
[DL:3.1MiB][#ca9c3b 254MiB/0.9GiB(25%)][#32a636 244MiB/3.3GiB(7%)][#04a308 195MiB/3.3GiB(5%)][#733c91 199MiB/3.3GiB(5%)][#3fb81e 207MiB/3.3GiB(6%)](+3)
[DL:3.0MiB][#ca9c3b 254MiB/0.9GiB(25%)][#32a636 244MiB/3.3GiB(7%)][#04a308 196MiB/3.3GiB(5%)][#733c91 200MiB/3.3GiB(5%)][#3fb81e 208MiB/3.3GiB(6%)](+3)
[DL:2.9MiB][#ca9c3b 255MiB/0.9GiB(25%)][#32a636 244MiB/3.3GiB(7%)][#04a308 196MiB/3.3GiB(5%)][#733c91 200MiB/3.3GiB(5%)][#3fb81e 208MiB/3.3GiB(6%)](+3)
[DL:3.2MiB][#ca9c3b 255MiB/0.9GiB(25%)][#32a636 245MiB/3.3GiB(7%)][#04a308 196MiB/3.3GiB(5%)][#733c91 200MiB/3.3GiB(5%)][#3fb81e 208MiB/3.3GiB(6%)](+3)
[DL:3.2MiB][#ca9c3b 256MiB/0.9GiB(25%)][#32a636 246MiB/3.3GiB(7%)][#04a308 196MiB/3.3GiB(5%)][#733c91 200MiB/3.3GiB(5%)][#3fb81e 209MiB/3.3GiB(6%)](+3)
[DL:3.4MiB][#ca9c3b 256MiB/0.9GiB(25%)][#32a636 247MiB/3.3GiB(7%)][#04a308 197MiB/3.3GiB(5%)][#733c91 201MiB/3.3GiB(5%)][#3fb81e 209MiB/3.3GiB(6%)](+3)
[DL:3.5MiB][#ca9c3b 257MiB/0.9GiB(25%)][#32a636 247MiB/3.3GiB(7%)][#04a308 197MiB/3.3GiB(5%)][#733c91 201MiB/3.3GiB(5%)][#3fb81e 210MiB/3.3GiB(6%)](+3)
[DL:3.9MiB][#ca9c3b 258MiB/0.9GiB(25%)][#32a636 248MiB/3.3GiB(7%)][#04a308 197MiB/3.3GiB(5%)][#733c91 202MiB/3.3GiB(5%)][#3fb81e 211MiB/3.3GiB(6%)](+3)
[DL:3.9MiB][#ca9c3b 258MiB/0.9GiB(25%)][#32a636 249MiB/3.3GiB(7%)][#04a308 198MiB/3.3GiB(5%)][#733c91 202MiB/3.3GiB(5%)][#3fb81e 211MiB/3.3GiB(6%)](+3)
[DL:4.2MiB][#ca9c3b 259MiB/0.9GiB(25%)][#32a636 250MiB/3.3GiB(7%)][#04a308 198MiB/3.3GiB(5%)][#733c91 202MiB/3.3GiB(5%)][#3fb81e 212MiB/3.3GiB(6%)](+3)
[DL:4.2MiB][#ca9c3b 259MiB/0.9GiB(25%)][#32a636 250MiB/3.3GiB(7%)][#04a308 199MiB/3.3GiB(5%)][#733c91 203MiB/3.3GiB(5%)][#3fb81e 212MiB/3.3GiB(6%)](+3)
[DL:4.3MiB][#ca9c3b 260MiB/0.9GiB(25%)][#32a636 251MiB/3.3GiB(7%)][#04a308 199MiB/3.3GiB(5%)][#733c91 203MiB/3.3GiB(5%)][#3fb81e 213MiB/3.3GiB(6%)](+3)
[DL:4.3MiB][#ca9c3b 260MiB/0.9GiB(25%)][#32a636 251MiB/3.3GiB(7%)][#04a308 199MiB/3.3GiB(5%)][#733c91 203MiB/3.3GiB(5%)][#3fb81e 213MiB/3.3GiB(6%)](+3)
[DL:4.2MiB][#ca9c3b 261MiB/0.9GiB(25%)][#32a636 252MiB/3.3GiB(7%)][#04a308 199MiB/3.3GiB(5%)][#733c91 204MiB/3.3GiB(5%)][#3fb81e 213MiB/3.3GiB(6%)](+3)
[DL:4.2MiB][#ca9c3b 261MiB/0.9GiB(25%)][#32a636 252MiB/3.3GiB(7%)][#04a308 200MiB/3.3GiB(5%)][#733c91 204MiB/3.3GiB(5%)][#3fb81e 214MiB/3.3GiB(6%)](+3)
[DL:4.0MiB][#ca9c3b 261MiB/0.9GiB(25%)][#32a636 253MiB/3.3GiB(7%)][#04a308 200MiB/3.3GiB(5%)][#733c91 204MiB/3.3GiB(5%)][#3fb81e 214MiB/3.3GiB(6%)](+3)
[DL:3.9MiB][#ca9c3b 262MiB/0.9GiB(25%)][#32a636 253MiB/3.3GiB(7%)][#04a308 200MiB/3.3GiB(5%)][#733c91 205MiB/3.3GiB(5%)][#3fb81e 215MiB/3.3GiB(6%)](+3)
[DL:3.8MiB][#ca9c3b 263MiB/0.9GiB(26%)][#32a636 254MiB/3.3GiB(7%)][#04a308 201MiB/3.3GiB(5%)][#733c91 205MiB/3.3GiB(5%)][#3fb81e 215MiB/3.3GiB(6%)](+3)
[DL:3.7MiB][#ca9c3b 263MiB/0.9GiB(26%)][#32a636 255MiB/3.3GiB(7%)][#04a308 201MiB/3.3GiB(5%)][#733c91 205MiB/3.3GiB(6%)][#3fb81e 215MiB/3.3GiB(6%)](+3)
[DL:3.7MiB][#ca9c3b 264MiB/0.9GiB(26%)][#32a636 255MiB/3.3GiB(7%)][#04a308 201MiB/3.3GiB(5%)][#733c91 206MiB/3.3GiB(6%)][#3fb81e 216MiB/3.3GiB(6%)](+3)
[DL:3.6MiB][#ca9c3b 264MiB/0.9GiB(26%)][#32a636 256MiB/3.3GiB(7%)][#04a308 202MiB/3.3GiB(5%)][#733c91 206MiB/3.3GiB(6%)][#3fb81e 216MiB/3.3GiB(6%)](+3)
[DL:3.9MiB][#ca9c3b 265MiB/0.9GiB(26%)][#32a636 256MiB/3.3GiB(7%)][#04a308 202MiB/3.3GiB(5%)][#733c91 206MiB/3.3GiB(6%)][#3fb81e 217MiB/3.3GiB(6%)](+3)
[DL:4.0MiB][#ca9c3b 265MiB/0.9GiB(26%)][#32a636 257MiB/3.3GiB(7%)][#04a308 203MiB/3.3GiB(5%)][#733c91 207MiB/3.3GiB(6%)][#3fb81e 217MiB/3.3GiB(6%)](+3)
[DL:4.2MiB][#ca9c3b 266MiB/0.9GiB(26%)][#32a636 258MiB/3.3GiB(7%)][#04a308 203MiB/3.3GiB(5%)][#733c91 207MiB/3.3GiB(6%)][#3fb81e 218MiB/3.3GiB(6%)](+3)
[DL:4.2MiB][#ca9c3b 267MiB/0.9GiB(26%)][#32a636 258MiB/3.3GiB(7%)][#04a308 204MiB/3.3GiB(6%)][#733c91 208MiB/3.3GiB(6%)][#3fb81e 218MiB/3.3GiB(6%)](+3)
[DL:4.2MiB][#ca9c3b 267MiB/0.9GiB(26%)][#32a636 259MiB/3.3GiB(7%)][#04a308 204MiB/3.3GiB(6%)][#733c91 208MiB/3.3GiB(6%)][#3fb81e 218MiB/3.3GiB(6%)](+3)
[DL:4.2MiB][#ca9c3b 268MiB/0.9GiB(26%)][#32a636 260MiB/3.3GiB(7%)][#04a308 204MiB/3.3GiB(6%)][#733c91 208MiB/3.3GiB(6%)][#3fb81e 219MiB/3.3GiB(6%)](+3)
[DL:4.2MiB][#ca9c3b 268MiB/0.9GiB(26%)][#32a636 260MiB/3.3GiB(7%)][#04a308 205MiB/3.3GiB(6%)][#733c91 209MiB/3.3GiB(6%)][#3fb81e 219MiB/3.3GiB(6%)](+3)
[DL:4.2MiB][#ca9c3b 269MiB/0.9GiB(26%)][#32a636 261MiB/3.3GiB(7%)][#04a308 205MiB/3.3GiB(6%)][#733c91 209MiB/3.3GiB(6%)][#3fb81e 220MiB/3.3GiB(6%)](+3)
 *** Download Progress Summary as of Fri Aug 14 17:42:38 2026 *** 
===============================================================================
[#ca9c3b 270MiB/0.9GiB(26%) CN:1 DL:605KiB ETA:20m51s]
FILE: /home/user/models/models/deepseek-ai-DeepSeek-V4-Flash-0731/model-00001-of-00048.safetensors
-------------------------------------------------------------------------------
[#32a636 261MiB/3.3GiB(7%) CN:1 DL:622KiB ETA:1h26m2s]
FILE: /home/user/models/models/deepseek-ai-DeepSeek-V4-Flash-0731/model-00002-of-00048.safetensors
-------------------------------------------------------------------------------
[#04a308 206MiB/3.3GiB(6%) CN:1 DL:448KiB ETA:2h1m39s]
FILE: /home/user/models/models/deepseek-ai-DeepSeek-V4-Flash-0731/model-00003-of-00048.safetensors
-------------------------------------------------------------------------------
[#733c91 210MiB/3.3GiB(6%) CN:1 DL:428KiB ETA:2h8m21s]
FILE: /home/user/models/models/deepseek-ai-DeepSeek-V4-Flash-0731/model-00004-of-00048.safetensors
-------------------------------------------------------------------------------
[#3fb81e 220MiB/3.3GiB(6%) CN:1 DL:434KiB ETA:2h4m56s]
FILE: /home/user/models/models/deepseek-ai-DeepSeek-V4-Flash-0731/model-00005-of-00048.safetensors
-------------------------------------------------------------------------------
[#bd6521 321MiB/3.3GiB(9%) CN:1 DL:869KiB ETA:1h52s]
FILE: /home/user/models/models/deepseek-ai-DeepSeek-V4-Flash-0731/model-00006-of-00048.safetensors
-------------------------------------------------------------------------------
[#27b7ba 208MiB/3.3GiB(6%) CN:1 DL:407KiB ETA:2h13m42s]
FILE: /home/user/models/models/deepseek-ai-DeepSeek-V4-Flash-0731/model-00007-of-00048.safetensors
-------------------------------------------------------------------------------
[#a52f97 243MiB/3.3GiB(7%) CN:1 DL:651KiB ETA:1h23m14s]
FILE: /home/user/models/models/deepseek-ai-DeepSeek-V4-Flash-0731/model-00008-of-00048.safetensors
-------------------------------------------------------------------------------

[DL:4.3MiB][#ca9c3b 270MiB/0.9GiB(26%)][#32a636 261MiB/3.3GiB(7%)][#04a308 206MiB/3.3GiB(6%)][#733c91 210MiB/3.3GiB(6%)][#3fb81e 220MiB/3.3GiB(6%)](+3)
[DL:4.4MiB][#ca9c3b 270MiB/0.9GiB(26%)][#32a636 262MiB/3.3GiB(7%)][#04a308 206MiB/3.3GiB(6%)][#733c91 210MiB/3.3GiB(6%)][#3fb81e 221MiB/3.3GiB(6%)](+3)
[DL:4.3MiB][#ca9c3b 271MiB/0.9GiB(26%)][#32a636 262MiB/3.3GiB(7%)][#04a308 207MiB/3.3GiB(6%)][#733c91 210MiB/3.3GiB(6%)][#3fb81e 221MiB/3.3GiB(6%)](+3)
[DL:4.1MiB][#ca9c3b 271MiB/0.9GiB(26%)][#32a636 263MiB/3.3GiB(7%)][#04a308 207MiB/3.3GiB(6%)][#733c91 211MiB/3.3GiB(6%)][#3fb81e 221MiB/3.3GiB(6%)](+3)
[DL:4.2MiB][#ca9c3b 272MiB/0.9GiB(26%)][#32a636 264MiB/3.3GiB(7%)][#04a308 207MiB/3.3GiB(6%)][#733c91 211MiB/3.3GiB(6%)][#3fb81e 222MiB/3.3GiB(6%)](+3)
[DL:4.0MiB][#ca9c3b 272MiB/0.9GiB(26%)][#32a636 264MiB/3.3GiB(7%)][#04a308 208MiB/3.3GiB(6%)][#733c91 211MiB/3.3GiB(6%)][#3fb81e 222MiB/3.3GiB(6%)](+3)
[DL:4.1MiB][#ca9c3b 273MiB/0.9GiB(27%)][#32a636 265MiB/3.3GiB(7%)][#04a308 208MiB/3.3GiB(6%)][#733c91 212MiB/3.3GiB(6%)][#3fb81e 223MiB/3.3GiB(6%)](+3)
[DL:4.5MiB][#ca9c3b 274MiB/0.9GiB(27%)][#32a636 266MiB/3.3GiB(7%)][#04a308 208MiB/3.3GiB(6%)][#733c91 212MiB/3.3GiB(6%)][#3fb81e 224MiB/3.3GiB(6%)](+3)
[DL:4.5MiB][#ca9c3b 274MiB/0.9GiB(27%)][#32a636 267MiB/3.3GiB(7%)][#04a308 209MiB/3.3GiB(6%)][#733c91 212MiB/3.3GiB(6%)][#3fb81e 224MiB/3.3GiB(6%)](+3)
[DL:4.3MiB][#ca9c3b 275MiB/0.9GiB(27%)][#32a636 268MiB/3.3GiB(7%)][#04a308 209MiB/3.3GiB(6%)][#733c91 212MiB/3.3GiB(6%)][#3fb81e 225MiB/3.3GiB(6%)](+3)
[DL:4.2MiB][#ca9c3b 275MiB/0.9GiB(27%)][#32a636 268MiB/3.3GiB(7%)][#04a308 210MiB/3.3GiB(6%)][#733c91 213MiB/3.3GiB(6%)][#3fb81e 225MiB/3.3GiB(6%)](+3)
[DL:4.1MiB][#ca9c3b 276MiB/0.9GiB(27%)][#32a636 269MiB/3.3GiB(7%)][#04a308 210MiB/3.3GiB(6%)][#733c91 213MiB/3.3GiB(6%)][#3fb81e 225MiB/3.3GiB(6%)](+3)
[DL:4.4MiB][#ca9c3b 276MiB/0.9GiB(27%)][#32a636 269MiB/3.3GiB(7%)][#04a308 211MiB/3.3GiB(6%)][#733c91 214MiB/3.3GiB(6%)][#3fb81e 226MiB/3.3GiB(6%)](+3)
[DL:4.2MiB][#ca9c3b 277MiB/0.9GiB(27%)][#32a636 270MiB/3.3GiB(7%)][#04a308 211MiB/3.3GiB(6%)][#733c91 214MiB/3.3GiB(6%)][#3fb81e 227MiB/3.3GiB(6%)](+3)
[DL:4.4MiB][#ca9c3b 278MiB/0.9GiB(27%)][#32a636 270MiB/3.3GiB(7%)][#04a308 212MiB/3.3GiB(6%)][#733c91 215MiB/3.3GiB(6%)][#3fb81e 227MiB/3.3GiB(6%)](+3)
[DL:4.6MiB][#ca9c3b 278MiB/0.9GiB(27%)][#32a636 271MiB/3.3GiB(7%)][#04a308 213MiB/3.3GiB(6%)][#733c91 215MiB/3.3GiB(6%)][#3fb81e 228MiB/3.3GiB(6%)](+3)
[DL:4.7MiB][#ca9c3b 279MiB/0.9GiB(27%)][#32a636 272MiB/3.3GiB(8%)][#04a308 213MiB/3.3GiB(6%)][#733c91 216MiB/3.3GiB(6%)][#3fb81e 228MiB/3.3GiB(6%)](+3)
[DL:4.6MiB][#ca9c3b 280MiB/0.9GiB(27%)][#32a636 273MiB/3.3GiB(8%)][#04a308 214MiB/3.3GiB(6%)][#733c91 216MiB/3.3GiB(6%)][#3fb81e 229MiB/3.3GiB(6%)](+3)
[DL:5.1MiB][#ca9c3b 281MiB/0.9GiB(27%)][#32a636 273MiB/3.3GiB(8%)][#04a308 215MiB/3.3GiB(6%)][#733c91 217MiB/3.3GiB(6%)][#3fb81e 229MiB/3.3GiB(6%)](+3)
[DL:5.2MiB][#ca9c3b 281MiB/0.9GiB(27%)][#32a636 274MiB/3.3GiB(8%)][#04a308 216MiB/3.3GiB(6%)][#733c91 218MiB/3.3GiB(6%)][#3fb81e 230MiB/3.3GiB(6%)](+3)
[DL:5.2MiB][#ca9c3b 282MiB/0.9GiB(27%)][#32a636 274MiB/3.3GiB(8%)][#04a308 216MiB/3.3GiB(6%)][#733c91 218MiB/3.3GiB(6%)][#3fb81e 230MiB/3.3GiB(6%)](+3)
[DL:5.5MiB][#ca9c3b 283MiB/0.9GiB(28%)][#32a636 275MiB/3.3GiB(8%)][#04a308 217MiB/3.3GiB(6%)][#733c91 219MiB/3.3GiB(6%)][#3fb81e 231MiB/3.3GiB(6%)](+3)
[DL:5.6MiB][#ca9c3b 283MiB/0.9GiB(28%)][#32a636 276MiB/3.3GiB(8%)][#04a308 218MiB/3.3GiB(6%)][#733c91 219MiB/3.3GiB(6%)][#3fb81e 232MiB/3.3GiB(6%)](+3)
[DL:5.5MiB][#ca9c3b 284MiB/0.9GiB(28%)][#32a636 276MiB/3.3GiB(8%)][#04a308 218MiB/3.3GiB(6%)][#733c91 220MiB/3.3GiB(6%)][#3fb81e 232MiB/3.3GiB(6%)](+3)
[DL:5.4MiB][#ca9c3b 284MiB/0.9GiB(28%)][#32a636 277MiB/3.3GiB(8%)][#04a308 219MiB/3.3GiB(6%)][#733c91 220MiB/3.3GiB(6%)][#3fb81e 233MiB/3.3GiB(6%)](+3)
[DL:5.3MiB][#ca9c3b 285MiB/0.9GiB(28%)][#32a636 278MiB/3.3GiB(8%)][#04a308 219MiB/3.3GiB(6%)][#733c91 221MiB/3.3GiB(6%)][#3fb81e 234MiB/3.3GiB(6%)](+3)
[DL:5.1MiB][#ca9c3b 285MiB/0.9GiB(28%)][#32a636 279MiB/3.3GiB(8%)][#04a308 220MiB/3.3GiB(6%)][#733c91 221MiB/3.3GiB(6%)][#3fb81e 234MiB/3.3GiB(6%)](+3)
[DL:4.8MiB][#ca9c3b 286MiB/0.9GiB(28%)][#32a636 279MiB/3.3GiB(8%)][#04a308 220MiB/3.3GiB(6%)][#733c91 222MiB/3.3GiB(6%)][#3fb81e 235MiB/3.3GiB(6%)](+3)
[DL:4.6MiB][#ca9c3b 286MiB/0.9GiB(28%)][#32a636 280MiB/3.3GiB(8%)][#04a308 221MiB/3.3GiB(6%)][#733c91 222MiB/3.3GiB(6%)][#3fb81e 236MiB/3.3GiB(6%)](+3)
[DL:4.7MiB][#ca9c3b 287MiB/0.9GiB(28%)][#32a636 281MiB/3.3GiB(8%)][#04a308 221MiB/3.3GiB(6%)][#733c91 223MiB/3.3GiB(6%)][#3fb81e 237MiB/3.3GiB(6%)](+3)
 *** Download Progress Summary as of Fri Aug 14 17:43:08 2026 *** 
===============================================================================
[#ca9c3b 288MiB/0.9GiB(28%) CN:1 DL:562KiB ETA:21m54s]
FILE: /home/user/models/models/deepseek-ai-DeepSeek-V4-Flash-0731/model-00001-of-00048.safetensors
-------------------------------------------------------------------------------
[#32a636 282MiB/3.3GiB(8%) CN:1 DL:746KiB ETA:1h11m20s]
FILE: /home/user/models/models/deepseek-ai-DeepSeek-V4-Flash-0731/model-00002-of-00048.safetensors
-------------------------------------------------------------------------------
[#04a308 222MiB/3.3GiB(6%) CN:1 DL:564KiB ETA:1h36m10s]
FILE: /home/user/models/models/deepseek-ai-DeepSeek-V4-Flash-0731/model-00003-of-00048.safetensors
-------------------------------------------------------------------------------
[#733c91 223MiB/3.3GiB(6%) CN:1 DL:489KiB ETA:1h51m42s]
FILE: /home/user/models/models/deepseek-ai-DeepSeek-V4-Flash-0731/model-00004-of-00048.safetensors
-------------------------------------------------------------------------------
[#3fb81e 238MiB/3.3GiB(6%) CN:1 DL:735KiB ETA:1h13m27s]
FILE: /home/user/models/models/deepseek-ai-DeepSeek-V4-Flash-0731/model-00005-of-00048.safetensors
-------------------------------------------------------------------------------
[#bd6521 346MiB/3.3GiB(10%) CN:1 DL:703KiB ETA:1h14m41s]
FILE: /home/user/models/models/deepseek-ai-DeepSeek-V4-Flash-0731/model-00006-of-00048.safetensors
-------------------------------------------------------------------------------
[#27b7ba 224MiB/3.3GiB(6%) CN:1 DL:559KiB ETA:1h37m]
FILE: /home/user/models/models/deepseek-ai-DeepSeek-V4-Flash-0731/model-00007-of-00048.safetensors
-------------------------------------------------------------------------------
[#a52f97 262MiB/3.3GiB(7%) CN:1 DL:601KiB ETA:1h29m43s]
FILE: /home/user/models/models/deepseek-ai-DeepSeek-V4-Flash-0731/model-00008-of-00048.safetensors
-------------------------------------------------------------------------------

[DL:4.7MiB][#ca9c3b 288MiB/0.9GiB(28%)][#32a636 282MiB/3.3GiB(8%)][#04a308 222MiB/3.3GiB(6%)][#733c91 223MiB/3.3GiB(6%)][#3fb81e 238MiB/3.3GiB(6%)](+3)
[DL:5.0MiB][#ca9c3b 288MiB/0.9GiB(28%)][#32a636 282MiB/3.3GiB(8%)][#04a308 222MiB/3.3GiB(6%)][#733c91 224MiB/3.3GiB(6%)][#3fb81e 238MiB/3.3GiB(7%)](+3)
[DL:4.8MiB][#ca9c3b 289MiB/0.9GiB(28%)][#32a636 283MiB/3.3GiB(8%)][#04a308 223MiB/3.3GiB(6%)][#733c91 224MiB/3.3GiB(6%)][#3fb81e 239MiB/3.3GiB(7%)](+3)
[DL:5.0MiB][#ca9c3b 289MiB/0.9GiB(28%)][#32a636 284MiB/3.3GiB(8%)][#04a308 224MiB/3.3GiB(6%)][#733c91 225MiB/3.3GiB(6%)][#3fb81e 240MiB/3.3GiB(7%)](+3)
[DL:5.1MiB][#ca9c3b 290MiB/0.9GiB(28%)][#32a636 285MiB/3.3GiB(8%)][#04a308 224MiB/3.3GiB(6%)][#733c91 226MiB/3.3GiB(6%)][#3fb81e 241MiB/3.3GiB(7%)](+3)
[DL:5.0MiB][#ca9c3b 290MiB/0.9GiB(28%)][#32a636 285MiB/3.3GiB(8%)][#04a308 225MiB/3.3GiB(6%)][#733c91 226MiB/3.3GiB(6%)][#3fb81e 241MiB/3.3GiB(7%)](+3)
[DL:5.0MiB][#ca9c3b 291MiB/0.9GiB(28%)][#32a636 286MiB/3.3GiB(8%)][#04a308 225MiB/3.3GiB(6%)][#733c91 226MiB/3.3GiB(6%)][#3fb81e 242MiB/3.3GiB(7%)](+3)
[DL:4.9MiB][#ca9c3b 291MiB/0.9GiB(28%)][#32a636 287MiB/3.3GiB(8%)][#04a308 226MiB/3.3GiB(6%)][#733c91 227MiB/3.3GiB(6%)][#3fb81e 243MiB/3.3GiB(7%)](+3)
[DL:5.0MiB][#ca9c3b 292MiB/0.9GiB(28%)][#32a636 288MiB/3.3GiB(8%)][#04a308 226MiB/3.3GiB(6%)][#733c91 227MiB/3.3GiB(6%)][#3fb81e 244MiB/3.3GiB(7%)](+3)
[DL:4.6MiB][#ca9c3b 292MiB/0.9GiB(28%)][#32a636 289MiB/3.3GiB(8%)][#04a308 226MiB/3.3GiB(6%)][#733c91 228MiB/3.3GiB(6%)][#3fb81e 245MiB/3.3GiB(7%)](+3)
[DL:4.8MiB][#ca9c3b 292MiB/0.9GiB(29%)][#32a636 290MiB/3.3GiB(8%)][#04a308 227MiB/3.3GiB(6%)][#733c91 228MiB/3.3GiB(6%)][#3fb81e 247MiB/3.3GiB(7%)](+3)
[DL:4.8MiB][#ca9c3b 293MiB/0.9GiB(29%)][#32a636 291MiB/3.3GiB(8%)][#04a308 227MiB/3.3GiB(6%)][#733c91 229MiB/3.3GiB(6%)][#3fb81e 248MiB/3.3GiB(7%)](+3)
[DL:4.8MiB][#ca9c3b 293MiB/0.9GiB(29%)][#32a636 292MiB/3.3GiB(8%)][#04a308 228MiB/3.3GiB(6%)][#733c91 229MiB/3.3GiB(6%)][#3fb81e 249MiB/3.3GiB(7%)](+3)
[DL:4.4MiB][#ca9c3b 294MiB/0.9GiB(29%)][#32a636 293MiB/3.3GiB(8%)][#04a308 229MiB/3.3GiB(6%)][#733c91 230MiB/3.3GiB(6%)][#3fb81e 250MiB/3.3GiB(7%)](+3)
[DL:4.5MiB][#ca9c3b 294MiB/0.9GiB(29%)][#32a636 293MiB/3.3GiB(8%)][#04a308 229MiB/3.3GiB(6%)][#733c91 230MiB/3.3GiB(6%)][#3fb81e 251MiB/3.3GiB(7%)](+3)
[DL:4.7MiB][#ca9c3b 295MiB/0.9GiB(29%)][#32a636 294MiB/3.3GiB(8%)][#04a308 230MiB/3.3GiB(6%)][#733c91 231MiB/3.3GiB(6%)][#3fb81e 253MiB/3.3GiB(7%)](+3)
[DL:4.9MiB][#ca9c3b 295MiB/0.9GiB(29%)][#32a636 295MiB/3.3GiB(8%)][#04a308 230MiB/3.3GiB(6%)][#733c91 231MiB/3.3GiB(6%)][#3fb81e 254MiB/3.3GiB(7%)](+3)
[DL:4.8MiB][#ca9c3b 296MiB/0.9GiB(29%)][#32a636 296MiB/3.3GiB(8%)][#04a308 231MiB/3.3GiB(6%)][#733c91 232MiB/3.3GiB(6%)][#3fb81e 255MiB/3.3GiB(7%)](+3)
[DL:4.8MiB][#ca9c3b 296MiB/0.9GiB(29%)][#32a636 297MiB/3.3GiB(8%)][#04a308 231MiB/3.3GiB(6%)][#733c91 232MiB/3.3GiB(6%)][#3fb81e 256MiB/3.3GiB(7%)](+3)
[DL:4.4MiB][#ca9c3b 296MiB/0.9GiB(29%)][#32a636 298MiB/3.3GiB(8%)][#04a308 231MiB/3.3GiB(6%)][#733c91 233MiB/3.3GiB(6%)][#3fb81e 257MiB/3.3GiB(7%)](+3)
[DL:4.0MiB][#ca9c3b 296MiB/0.9GiB(29%)][#32a636 298MiB/3.3GiB(8%)][#04a308 232MiB/3.3GiB(6%)][#733c91 233MiB/3.3GiB(6%)][#3fb81e 257MiB/3.3GiB(7%)](+3)
[DL:4.0MiB][#ca9c3b 297MiB/0.9GiB(29%)][#32a636 299MiB/3.3GiB(8%)][#04a308 232MiB/3.3GiB(6%)][#733c91 233MiB/3.3GiB(6%)][#3fb81e 259MiB/3.3GiB(7%)](+3)
[DL:4.2MiB][#ca9c3b 297MiB/0.9GiB(29%)][#32a636 300MiB/3.3GiB(8%)][#04a308 233MiB/3.3GiB(6%)][#733c91 234MiB/3.3GiB(6%)][#3fb81e 260MiB/3.3GiB(7%)](+3)
[DL:4.2MiB][#ca9c3b 298MiB/0.9GiB(29%)][#32a636 301MiB/3.3GiB(8%)][#04a308 233MiB/3.3GiB(6%)][#733c91 234MiB/3.3GiB(6%)][#3fb81e 260MiB/3.3GiB(7%)](+3)
[DL:4.2MiB][#ca9c3b 298MiB/0.9GiB(29%)][#32a636 302MiB/3.3GiB(8%)][#04a308 234MiB/3.3GiB(6%)][#733c91 235MiB/3.3GiB(6%)][#3fb81e 261MiB/3.3GiB(7%)](+3)
[DL:4.1MiB][#ca9c3b 298MiB/0.9GiB(29%)][#32a636 303MiB/3.3GiB(8%)][#04a308 234MiB/3.3GiB(6%)][#733c91 235MiB/3.3GiB(6%)][#3fb81e 262MiB/3.3GiB(7%)](+3)
[DL:4.0MiB][#ca9c3b 299MiB/0.9GiB(29%)][#32a636 304MiB/3.3GiB(8%)][#04a308 235MiB/3.3GiB(6%)][#733c91 236MiB/3.3GiB(6%)][#3fb81e 263MiB/3.3GiB(7%)](+3)
[DL:4.2MiB][#ca9c3b 299MiB/0.9GiB(29%)][#32a636 304MiB/3.3GiB(8%)][#04a308 235MiB/3.3GiB(6%)][#733c91 236MiB/3.3GiB(6%)][#3fb81e 264MiB/3.3GiB(7%)](+3)
[DL:4.3MiB][#ca9c3b 300MiB/0.9GiB(29%)][#32a636 305MiB/3.3GiB(8%)][#04a308 236MiB/3.3GiB(6%)][#733c91 237MiB/3.3GiB(6%)][#3fb81e 265MiB/3.3GiB(7%)](+3)
 *** Download Progress Summary as of Fri Aug 14 17:43:39 2026 *** 
===============================================================================
[#ca9c3b 300MiB/0.9GiB(29%) CN:1 DL:452KiB ETA:26m43s]
FILE: /home/user/models/models/deepseek-ai-DeepSeek-V4-Flash-0731/model-00001-of-00048.safetensors
-------------------------------------------------------------------------------
[#32a636 306MiB/3.3GiB(9%) CN:1 DL:880KiB ETA:59m57s]
FILE: /home/user/models/models/deepseek-ai-DeepSeek-V4-Flash-0731/model-00002-of-00048.safetensors
-------------------------------------------------------------------------------
[#04a308 236MiB/3.3GiB(6%) CN:1 DL:522KiB ETA:1h43m25s]
FILE: /home/user/models/models/deepseek-ai-DeepSeek-V4-Flash-0731/model-00003-of-00048.safetensors
-------------------------------------------------------------------------------
[#733c91 237MiB/3.3GiB(6%) CN:1 DL:490KiB ETA:1h51m7s]
FILE: /home/user/models/models/deepseek-ai-DeepSeek-V4-Flash-0731/model-00004-of-00048.safetensors
-------------------------------------------------------------------------------
[#3fb81e 266MiB/3.3GiB(7%) CN:1 DL:1.0MiB ETA:51m52s]
FILE: /home/user/models/models/deepseek-ai-DeepSeek-V4-Flash-0731/model-00005-of-00048.safetensors
-------------------------------------------------------------------------------
[#bd6521 362MiB/3.3GiB(10%) CN:1 DL:488KiB ETA:1h46m58s]
FILE: /home/user/models/models/deepseek-ai-DeepSeek-V4-Flash-0731/model-00006-of-00048.safetensors
-------------------------------------------------------------------------------
[#27b7ba 240MiB/3.3GiB(7%) CN:1 DL:543KiB ETA:1h39m19s]
FILE: /home/user/models/models/deepseek-ai-DeepSeek-V4-Flash-0731/model-00007-of-00048.safetensors
-------------------------------------------------------------------------------
[#a52f97 276MiB/3.3GiB(8%) CN:1 DL:477KiB ETA:1h52m25s]
FILE: /home/user/models/models/deepseek-ai-DeepSeek-V4-Flash-0731/model-00008-of-00048.safetensors
-------------------------------------------------------------------------------

[DL:4.7MiB][#ca9c3b 300MiB/0.9GiB(29%)][#32a636 306MiB/3.3GiB(9%)][#04a308 236MiB/3.3GiB(6%)][#733c91 237MiB/3.3GiB(6%)][#3fb81e 266MiB/3.3GiB(7%)](+3)
[DL:4.7MiB][#ca9c3b 301MiB/0.9GiB(29%)][#32a636 307MiB/3.3GiB(9%)][#04a308 237MiB/3.3GiB(6%)][#733c91 237MiB/3.3GiB(6%)][#3fb81e 267MiB/3.3GiB(7%)](+3)
[DL:4.5MiB][#ca9c3b 301MiB/0.9GiB(29%)][#32a636 307MiB/3.3GiB(9%)][#04a308 237MiB/3.3GiB(6%)][#733c91 238MiB/3.3GiB(6%)][#3fb81e 268MiB/3.3GiB(7%)](+3)
[DL:4.6MiB][#ca9c3b 302MiB/0.9GiB(29%)][#32a636 308MiB/3.3GiB(9%)][#04a308 238MiB/3.3GiB(7%)][#733c91 238MiB/3.3GiB(6%)][#3fb81e 269MiB/3.3GiB(7%)](+3)
[DL:4.8MiB][#ca9c3b 302MiB/0.9GiB(29%)][#32a636 309MiB/3.3GiB(9%)][#04a308 238MiB/3.3GiB(7%)][#733c91 239MiB/3.3GiB(6%)][#3fb81e 271MiB/3.3GiB(7%)](+3)
[DL:4.8MiB][#ca9c3b 303MiB/0.9GiB(30%)][#32a636 310MiB/3.3GiB(9%)][#04a308 239MiB/3.3GiB(7%)][#733c91 239MiB/3.3GiB(6%)][#3fb81e 272MiB/3.3GiB(8%)](+3)
[DL:4.8MiB][#ca9c3b 303MiB/0.9GiB(30%)][#32a636 310MiB/3.3GiB(9%)][#04a308 239MiB/3.3GiB(7%)][#733c91 240MiB/3.3GiB(7%)][#3fb81e 273MiB/3.3GiB(8%)](+3)
[DL:4.8MiB][#ca9c3b 304MiB/0.9GiB(30%)][#32a636 311MiB/3.3GiB(9%)][#04a308 240MiB/3.3GiB(7%)][#733c91 240MiB/3.3GiB(7%)][#3fb81e 274MiB/3.3GiB(8%)](+3)
[DL:4.8MiB][#ca9c3b 304MiB/0.9GiB(30%)][#32a636 312MiB/3.3GiB(9%)][#04a308 240MiB/3.3GiB(7%)][#733c91 241MiB/3.3GiB(7%)][#3fb81e 275MiB/3.3GiB(8%)](+3)
[DL:4.9MiB][#ca9c3b 304MiB/0.9GiB(30%)][#32a636 313MiB/3.3GiB(9%)][#04a308 241MiB/3.3GiB(7%)][#733c91 241MiB/3.3GiB(7%)][#3fb81e 276MiB/3.3GiB(8%)](+3)
[DL:4.9MiB][#ca9c3b 305MiB/0.9GiB(30%)][#32a636 313MiB/3.3GiB(9%)][#04a308 242MiB/3.3GiB(7%)][#733c91 242MiB/3.3GiB(7%)][#3fb81e 277MiB/3.3GiB(8%)](+3)
[DL:4.8MiB][#ca9c3b 305MiB/0.9GiB(30%)][#32a636 314MiB/3.3GiB(9%)][#04a308 242MiB/3.3GiB(7%)][#733c91 242MiB/3.3GiB(7%)][#3fb81e 278MiB/3.3GiB(8%)](+3)
[DL:4.8MiB][#ca9c3b 306MiB/0.9GiB(30%)][#32a636 314MiB/3.3GiB(9%)][#04a308 242MiB/3.3GiB(7%)][#733c91 242MiB/3.3GiB(7%)][#3fb81e 279MiB/3.3GiB(8%)](+3)
[DL:4.7MiB][#ca9c3b 306MiB/0.9GiB(30%)][#32a636 315MiB/3.3GiB(9%)][#04a308 243MiB/3.3GiB(7%)][#733c91 243MiB/3.3GiB(7%)][#3fb81e 280MiB/3.3GiB(8%)](+3)
[DL:4.3MiB][#ca9c3b 306MiB/0.9GiB(30%)][#32a636 316MiB/3.3GiB(9%)][#04a308 243MiB/3.3GiB(7%)][#733c91 243MiB/3.3GiB(7%)][#3fb81e 281MiB/3.3GiB(8%)](+3)
[DL:4.3MiB][#ca9c3b 307MiB/0.9GiB(30%)][#32a636 316MiB/3.3GiB(9%)][#04a308 244MiB/3.3GiB(7%)][#733c91 243MiB/3.3GiB(7%)][#3fb81e 281MiB/3.3GiB(8%)](+3)
[DL:4.2MiB][#ca9c3b 307MiB/0.9GiB(30%)][#32a636 317MiB/3.3GiB(9%)][#04a308 244MiB/3.3GiB(7%)][#733c91 244MiB/3.3GiB(7%)][#3fb81e 282MiB/3.3GiB(8%)](+3)
[DL:4.1MiB][#ca9c3b 308MiB/0.9GiB(30%)][#32a636 317MiB/3.3GiB(9%)][#04a308 245MiB/3.3GiB(7%)][#733c91 244MiB/3.3GiB(7%)][#3fb81e 283MiB/3.3GiB(8%)](+3)
[DL:3.8MiB][#ca9c3b 308MiB/0.9GiB(30%)][#32a636 318MiB/3.3GiB(9%)][#04a308 245MiB/3.3GiB(7%)][#733c91 245MiB/3.3GiB(7%)][#3fb81e 284MiB/3.3GiB(8%)](+3)
[DL:3.8MiB][#ca9c3b 308MiB/0.9GiB(30%)][#32a636 319MiB/3.3GiB(9%)][#04a308 246MiB/3.3GiB(7%)][#733c91 245MiB/3.3GiB(7%)][#3fb81e 284MiB/3.3GiB(8%)](+3)
[DL:3.9MiB][#ca9c3b 309MiB/0.9GiB(30%)][#32a636 319MiB/3.3GiB(9%)][#04a308 246MiB/3.3GiB(7%)][#733c91 246MiB/3.3GiB(7%)][#3fb81e 285MiB/3.3GiB(8%)](+3)
[DL:3.9MiB][#ca9c3b 309MiB/0.9GiB(30%)][#32a636 320MiB/3.3GiB(9%)][#04a308 247MiB/3.3GiB(7%)][#733c91 246MiB/3.3GiB(7%)][#3fb81e 286MiB/3.3GiB(8%)](+3)
[DL:3.7MiB][#ca9c3b 309MiB/0.9GiB(30%)][#32a636 320MiB/3.3GiB(9%)][#04a308 247MiB/3.3GiB(7%)][#733c91 246MiB/3.3GiB(7%)][#3fb81e 286MiB/3.3GiB(8%)](+3)
[DL:3.8MiB][#ca9c3b 310MiB/0.9GiB(30%)][#32a636 321MiB/3.3GiB(9%)][#04a308 248MiB/3.3GiB(7%)][#733c91 247MiB/3.3GiB(7%)][#3fb81e 287MiB/3.3GiB(8%)](+3)
[DL:4.0MiB][#ca9c3b 310MiB/0.9GiB(30%)][#32a636 321MiB/3.3GiB(9%)][#04a308 248MiB/3.3GiB(7%)][#733c91 247MiB/3.3GiB(7%)][#3fb81e 288MiB/3.3GiB(8%)](+3)
[DL:4.1MiB][#ca9c3b 311MiB/0.9GiB(30%)][#32a636 322MiB/3.3GiB(9%)][#04a308 249MiB/3.3GiB(7%)][#733c91 248MiB/3.3GiB(7%)][#3fb81e 288MiB/3.3GiB(8%)](+3)
[DL:4.1MiB][#ca9c3b 311MiB/0.9GiB(30%)][#32a636 323MiB/3.3GiB(9%)][#04a308 250MiB/3.3GiB(7%)][#733c91 249MiB/3.3GiB(7%)][#3fb81e 289MiB/3.3GiB(8%)](+3)
[DL:4.1MiB][#ca9c3b 311MiB/0.9GiB(30%)][#32a636 323MiB/3.3GiB(9%)][#04a308 250MiB/3.3GiB(7%)][#733c91 249MiB/3.3GiB(7%)][#3fb81e 289MiB/3.3GiB(8%)](+3)
[DL:4.3MiB][#ca9c3b 312MiB/0.9GiB(30%)][#32a636 324MiB/3.3GiB(9%)][#04a308 251MiB/3.3GiB(7%)][#733c91 250MiB/3.3GiB(7%)][#3fb81e 290MiB/3.3GiB(8%)](+3)
[DL:4.2MiB][#ca9c3b 312MiB/0.9GiB(30%)][#32a636 324MiB/3.3GiB(9%)][#04a308 251MiB/3.3GiB(7%)][#733c91 250MiB/3.3GiB(7%)][#3fb81e 290MiB/3.3GiB(8%)](+3)
 *** Download Progress Summary as of Fri Aug 14 17:44:09 2026 *** 
===============================================================================
[#ca9c3b 312MiB/0.9GiB(30%) CN:1 DL:386KiB ETA:30m46s]
FILE: /home/user/models/models/deepseek-ai-DeepSeek-V4-Flash-0731/model-00001-of-00048.safetensors
-------------------------------------------------------------------------------
[#32a636 325MiB/3.3GiB(9%) CN:1 DL:589KiB ETA:1h29m3s]
FILE: /home/user/models/models/deepseek-ai-DeepSeek-V4-Flash-0731/model-00002-of-00048.safetensors
-------------------------------------------------------------------------------
[#04a308 252MiB/3.3GiB(7%) CN:1 DL:559KiB ETA:1h36m8s]
FILE: /home/user/models/models/deepseek-ai-DeepSeek-V4-Flash-0731/model-00003-of-00048.safetensors
-------------------------------------------------------------------------------
[#733c91 251MiB/3.3GiB(7%) CN:1 DL:549KiB ETA:1h38m38s]
FILE: /home/user/models/models/deepseek-ai-DeepSeek-V4-Flash-0731/model-00004-of-00048.safetensors
-------------------------------------------------------------------------------
[#3fb81e 291MiB/3.3GiB(8%) CN:1 DL:611KiB ETA:1h26m52s]
FILE: /home/user/models/models/deepseek-ai-DeepSeek-V4-Flash-0731/model-00005-of-00048.safetensors
-------------------------------------------------------------------------------
[#bd6521 378MiB/3.3GiB(11%) CN:1 DL:631KiB ETA:1h22m20s]
FILE: /home/user/models/models/deepseek-ai-DeepSeek-V4-Flash-0731/model-00006-of-00048.safetensors
-------------------------------------------------------------------------------
[#27b7ba 259MiB/3.3GiB(7%) CN:1 DL:716KiB ETA:1h14m51s]
FILE: /home/user/models/models/deepseek-ai-DeepSeek-V4-Flash-0731/model-00007-of-00048.safetensors
-------------------------------------------------------------------------------
[#a52f97 288MiB/3.3GiB(8%) CN:1 DL:393KiB ETA:2h16m6s]
FILE: /home/user/models/models/deepseek-ai-DeepSeek-V4-Flash-0731/model-00008-of-00048.safetensors
-------------------------------------------------------------------------------

[DL:4.3MiB][#ca9c3b 312MiB/0.9GiB(30%)][#32a636 325MiB/3.3GiB(9%)][#04a308 252MiB/3.3GiB(7%)][#733c91 251MiB/3.3GiB(7%)][#3fb81e 291MiB/3.3GiB(8%)](+3)
[DL:4.3MiB][#ca9c3b 313MiB/0.9GiB(31%)][#32a636 325MiB/3.3GiB(9%)][#04a308 252MiB/3.3GiB(7%)][#733c91 251MiB/3.3GiB(7%)][#3fb81e 292MiB/3.3GiB(8%)](+3)
[DL:4.5MiB][#ca9c3b 313MiB/0.9GiB(31%)][#32a636 326MiB/3.3GiB(9%)][#04a308 253MiB/3.3GiB(7%)][#733c91 252MiB/3.3GiB(7%)][#3fb81e 292MiB/3.3GiB(8%)](+3)
[DL:4.4MiB][#ca9c3b 314MiB/0.9GiB(31%)][#32a636 327MiB/3.3GiB(9%)][#04a308 253MiB/3.3GiB(7%)][#733c91 252MiB/3.3GiB(7%)][#3fb81e 293MiB/3.3GiB(8%)](+3)
[DL:4.4MiB][#ca9c3b 314MiB/0.9GiB(31%)][#32a636 327MiB/3.3GiB(9%)][#04a308 254MiB/3.3GiB(7%)][#733c91 253MiB/3.3GiB(7%)][#3fb81e 293MiB/3.3GiB(8%)](+3)
[DL:4.3MiB][#ca9c3b 314MiB/0.9GiB(31%)][#32a636 328MiB/3.3GiB(9%)][#04a308 254MiB/3.3GiB(7%)][#733c91 254MiB/3.3GiB(7%)][#3fb81e 293MiB/3.3GiB(8%)](+3)
[DL:4.3MiB][#ca9c3b 315MiB/0.9GiB(31%)][#32a636 328MiB/3.3GiB(9%)][#04a308 254MiB/3.3GiB(7%)][#733c91 254MiB/3.3GiB(7%)][#3fb81e 294MiB/3.3GiB(8%)](+3)
[DL:4.3MiB][#ca9c3b 315MiB/0.9GiB(31%)][#32a636 329MiB/3.3GiB(9%)][#04a308 255MiB/3.3GiB(7%)][#733c91 254MiB/3.3GiB(7%)][#3fb81e 294MiB/3.3GiB(8%)](+3)
[DL:4.5MiB][#ca9c3b 316MiB/0.9GiB(31%)][#32a636 330MiB/3.3GiB(9%)][#04a308 255MiB/3.3GiB(7%)][#733c91 255MiB/3.3GiB(7%)][#3fb81e 295MiB/3.3GiB(8%)](+3)
[DL:4.5MiB][#ca9c3b 316MiB/0.9GiB(31%)][#32a636 331MiB/3.3GiB(9%)][#04a308 256MiB/3.3GiB(7%)][#733c91 256MiB/3.3GiB(7%)][#3fb81e 295MiB/3.3GiB(8%)](+3)
[DL:4.5MiB][#ca9c3b 317MiB/0.9GiB(31%)][#32a636 331MiB/3.3GiB(9%)][#04a308 256MiB/3.3GiB(7%)][#733c91 256MiB/3.3GiB(7%)][#3fb81e 296MiB/3.3GiB(8%)](+3)
[DL:4.5MiB][#ca9c3b 317MiB/0.9GiB(31%)][#32a636 332MiB/3.3GiB(9%)][#04a308 257MiB/3.3GiB(7%)][#733c91 257MiB/3.3GiB(7%)][#3fb81e 296MiB/3.3GiB(8%)](+3)
[DL:4.6MiB][#ca9c3b 318MiB/0.9GiB(31%)][#32a636 333MiB/3.3GiB(9%)][#04a308 257MiB/3.3GiB(7%)][#733c91 257MiB/3.3GiB(7%)][#3fb81e 297MiB/3.3GiB(8%)](+3)
[DL:4.6MiB][#ca9c3b 318MiB/0.9GiB(31%)][#32a636 334MiB/3.3GiB(9%)][#04a308 257MiB/3.3GiB(7%)][#733c91 258MiB/3.3GiB(7%)][#3fb81e 297MiB/3.3GiB(8%)](+3)
[DL:4.6MiB][#ca9c3b 318MiB/0.9GiB(31%)][#32a636 335MiB/3.3GiB(9%)][#04a308 258MiB/3.3GiB(7%)][#733c91 258MiB/3.3GiB(7%)][#3fb81e 297MiB/3.3GiB(8%)](+3)
[DL:4.7MiB][#ca9c3b 319MiB/0.9GiB(31%)][#32a636 336MiB/3.3GiB(9%)][#04a308 258MiB/3.3GiB(7%)][#733c91 259MiB/3.3GiB(7%)][#3fb81e 298MiB/3.3GiB(8%)](+3)
[DL:4.8MiB][#ca9c3b 319MiB/0.9GiB(31%)][#32a636 337MiB/3.3GiB(9%)][#04a308 258MiB/3.3GiB(7%)][#733c91 259MiB/3.3GiB(7%)][#3fb81e 298MiB/3.3GiB(8%)](+3)
[DL:4.7MiB][#ca9c3b 319MiB/0.9GiB(31%)][#32a636 338MiB/3.3GiB(9%)][#04a308 259MiB/3.3GiB(7%)][#733c91 259MiB/3.3GiB(7%)][#3fb81e 298MiB/3.3GiB(8%)](+3)
[DL:4.6MiB][#ca9c3b 319MiB/0.9GiB(31%)][#32a636 340MiB/3.3GiB(10%)][#04a308 259MiB/3.3GiB(7%)][#733c91 259MiB/3.3GiB(7%)][#3fb81e 298MiB/3.3GiB(8%)](+3)
[DL:4.6MiB][#ca9c3b 320MiB/0.9GiB(31%)][#32a636 341MiB/3.3GiB(10%)][#04a308 259MiB/3.3GiB(7%)][#733c91 260MiB/3.3GiB(7%)][#3fb81e 299MiB/3.3GiB(8%)](+3)
[DL:4.7MiB][#ca9c3b 320MiB/0.9GiB(31%)][#32a636 343MiB/3.3GiB(10%)][#04a308 260MiB/3.3GiB(7%)][#733c91 260MiB/3.3GiB(7%)][#3fb81e 299MiB/3.3GiB(8%)](+3)
[DL:4.9MiB][#ca9c3b 320MiB/0.9GiB(31%)][#32a636 344MiB/3.3GiB(10%)][#04a308 260MiB/3.3GiB(7%)][#733c91 261MiB/3.3GiB(7%)][#3fb81e 299MiB/3.3GiB(8%)](+3)
[DL:4.8MiB][#ca9c3b 321MiB/0.9GiB(31%)][#32a636 345MiB/3.3GiB(10%)][#04a308 260MiB/3.3GiB(7%)][#733c91 261MiB/3.3GiB(7%)][#3fb81e 300MiB/3.3GiB(8%)](+3)
[DL:4.7MiB][#ca9c3b 321MiB/0.9GiB(31%)][#32a636 346MiB/3.3GiB(10%)][#04a308 261MiB/3.3GiB(7%)][#733c91 261MiB/3.3GiB(7%)][#3fb81e 300MiB/3.3GiB(8%)](+3)
[DL:4.9MiB][#ca9c3b 321MiB/0.9GiB(31%)][#32a636 348MiB/3.3GiB(10%)][#04a308 261MiB/3.3GiB(7%)][#733c91 262MiB/3.3GiB(7%)][#3fb81e 300MiB/3.3GiB(8%)](+3)
[DL:4.8MiB][#ca9c3b 322MiB/0.9GiB(31%)][#32a636 349MiB/3.3GiB(10%)][#04a308 261MiB/3.3GiB(7%)][#733c91 262MiB/3.3GiB(7%)][#3fb81e 300MiB/3.3GiB(8%)](+3)
[DL:4.6MiB][#ca9c3b 322MiB/0.9GiB(31%)][#32a636 349MiB/3.3GiB(10%)][#04a308 262MiB/3.3GiB(7%)][#733c91 263MiB/3.3GiB(7%)][#3fb81e 301MiB/3.3GiB(8%)](+3)
[DL:4.8MiB][#ca9c3b 322MiB/0.9GiB(31%)][#32a636 351MiB/3.3GiB(10%)][#04a308 262MiB/3.3GiB(7%)][#733c91 263MiB/3.3GiB(7%)][#3fb81e 301MiB/3.3GiB(8%)](+3)
[DL:4.8MiB][#ca9c3b 323MiB/0.9GiB(31%)][#32a636 352MiB/3.3GiB(10%)][#04a308 262MiB/3.3GiB(7%)][#733c91 263MiB/3.3GiB(7%)][#3fb81e 301MiB/3.3GiB(8%)](+3)
[DL:4.7MiB][#ca9c3b 323MiB/0.9GiB(32%)][#32a636 353MiB/3.3GiB(10%)][#04a308 263MiB/3.3GiB(7%)][#733c91 264MiB/3.3GiB(7%)][#3fb81e 302MiB/3.3GiB(8%)](+3)
[DL:4.3MiB][#ca9c3b 323MiB/0.9GiB(32%)][#32a636 353MiB/3.3GiB(10%)][#04a308 263MiB/3.3GiB(7%)][#733c91 264MiB/3.3GiB(7%)][#3fb81e 302MiB/3.3GiB(8%)](+3)
 *** Download Progress Summary as of Fri Aug 14 17:44:40 2026 *** 
===============================================================================
[#ca9c3b 324MiB/0.9GiB(32%) CN:1 DL:342KiB ETA:34m13s]
FILE: /home/user/models/models/deepseek-ai-DeepSeek-V4-Flash-0731/model-00001-of-00048.safetensors
-------------------------------------------------------------------------------
[#32a636 355MiB/3.3GiB(10%) CN:1 DL:1.0MiB ETA:50m]
FILE: /home/user/models/models/deepseek-ai-DeepSeek-V4-Flash-0731/model-00002-of-00048.safetensors
-------------------------------------------------------------------------------
[#04a308 263MiB/3.3GiB(7%) CN:1 DL:336KiB ETA:2h39m]
FILE: /home/user/models/models/deepseek-ai-DeepSeek-V4-Flash-0731/model-00003-of-00048.safetensors
-------------------------------------------------------------------------------
[#733c91 265MiB/3.3GiB(7%) CN:1 DL:389KiB ETA:2h18m49s]
FILE: /home/user/models/models/deepseek-ai-DeepSeek-V4-Flash-0731/model-00004-of-00048.safetensors
-------------------------------------------------------------------------------
[#3fb81e 302MiB/3.3GiB(8%) CN:1 DL:273KiB ETA:3h13m36s]
FILE: /home/user/models/models/deepseek-ai-DeepSeek-V4-Flash-0731/model-00005-of-00048.safetensors
-------------------------------------------------------------------------------
[#bd6521 395MiB/3.3GiB(11%) CN:1 DL:467KiB ETA:1h50m38s]
FILE: /home/user/models/models/deepseek-ai-DeepSeek-V4-Flash-0731/model-00006-of-00048.safetensors
-------------------------------------------------------------------------------
[#27b7ba 296MiB/3.3GiB(8%) CN:1 DL:1.2MiB ETA:42m42s]
FILE: /home/user/models/models/deepseek-ai-DeepSeek-V4-Flash-0731/model-00007-of-00048.safetensors
-------------------------------------------------------------------------------
[#a52f97 299MiB/3.3GiB(8%) CN:1 DL:326KiB ETA:2h43m20s]
FILE: /home/user/models/models/deepseek-ai-DeepSeek-V4-Flash-0731/model-00008-of-00048.safetensors
-------------------------------------------------------------------------------

[DL:4.3MiB][#ca9c3b 324MiB/0.9GiB(32%)][#32a636 355MiB/3.3GiB(10%)][#04a308 263MiB/3.3GiB(7%)][#733c91 265MiB/3.3GiB(7%)][#3fb81e 302MiB/3.3GiB(8%)](+3)
[DL:4.3MiB][#ca9c3b 324MiB/0.9GiB(32%)][#32a636 355MiB/3.3GiB(10%)][#04a308 264MiB/3.3GiB(7%)][#733c91 265MiB/3.3GiB(7%)][#3fb81e 302MiB/3.3GiB(8%)](+3)
[DL:4.2MiB][#ca9c3b 324MiB/0.9GiB(32%)][#32a636 356MiB/3.3GiB(10%)][#04a308 264MiB/3.3GiB(7%)][#733c91 265MiB/3.3GiB(7%)][#3fb81e 303MiB/3.3GiB(8%)](+3)
[DL:4.1MiB][#ca9c3b 325MiB/0.9GiB(32%)][#32a636 358MiB/3.3GiB(10%)][#04a308 264MiB/3.3GiB(7%)][#733c91 266MiB/3.3GiB(7%)][#3fb81e 303MiB/3.3GiB(8%)](+3)
[DL:4.0MiB][#ca9c3b 325MiB/0.9GiB(32%)][#32a636 358MiB/3.3GiB(10%)][#04a308 265MiB/3.3GiB(7%)][#733c91 266MiB/3.3GiB(7%)][#3fb81e 303MiB/3.3GiB(8%)](+3)
[DL:4.0MiB][#ca9c3b 325MiB/0.9GiB(32%)][#32a636 359MiB/3.3GiB(10%)][#04a308 265MiB/3.3GiB(7%)][#733c91 266MiB/3.3GiB(7%)][#3fb81e 303MiB/3.3GiB(8%)](+3)
[DL:4.0MiB][#ca9c3b 326MiB/0.9GiB(32%)][#32a636 360MiB/3.3GiB(10%)][#04a308 265MiB/3.3GiB(7%)][#733c91 267MiB/3.3GiB(7%)][#3fb81e 304MiB/3.3GiB(8%)](+3)
[DL:4.0MiB][#ca9c3b 326MiB/0.9GiB(32%)][#32a636 361MiB/3.3GiB(10%)][#04a308 266MiB/3.3GiB(7%)][#733c91 267MiB/3.3GiB(7%)][#3fb81e 304MiB/3.3GiB(8%)](+3)
[DL:4.3MiB][#ca9c3b 327MiB/0.9GiB(32%)][#32a636 362MiB/3.3GiB(10%)][#04a308 266MiB/3.3GiB(7%)][#733c91 268MiB/3.3GiB(7%)][#3fb81e 304MiB/3.3GiB(8%)](+3)
[DL:4.2MiB][#ca9c3b 327MiB/0.9GiB(32%)][#32a636 363MiB/3.3GiB(10%)][#04a308 267MiB/3.3GiB(7%)][#733c91 268MiB/3.3GiB(7%)][#3fb81e 304MiB/3.3GiB(8%)](+3)
[DL:4.2MiB][#ca9c3b 327MiB/0.9GiB(32%)][#32a636 364MiB/3.3GiB(10%)][#04a308 267MiB/3.3GiB(7%)][#733c91 268MiB/3.3GiB(7%)][#3fb81e 305MiB/3.3GiB(8%)](+3)
[DL:4.2MiB][#ca9c3b 328MiB/0.9GiB(32%)][#32a636 365MiB/3.3GiB(10%)][#04a308 267MiB/3.3GiB(7%)][#733c91 269MiB/3.3GiB(7%)][#3fb81e 305MiB/3.3GiB(8%)](+3)
[DL:4.3MiB][#ca9c3b 328MiB/0.9GiB(32%)][#32a636 366MiB/3.3GiB(10%)][#04a308 268MiB/3.3GiB(7%)][#733c91 270MiB/3.3GiB(7%)][#3fb81e 305MiB/3.3GiB(8%)](+3)
[DL:4.4MiB][#ca9c3b 329MiB/0.9GiB(32%)][#32a636 367MiB/3.3GiB(10%)][#04a308 268MiB/3.3GiB(7%)][#733c91 270MiB/3.3GiB(7%)][#3fb81e 306MiB/3.3GiB(8%)](+3)
[DL:4.5MiB][#ca9c3b 329MiB/0.9GiB(32%)][#32a636 368MiB/3.3GiB(10%)][#04a308 269MiB/3.3GiB(7%)][#733c91 271MiB/3.3GiB(7%)][#3fb81e 306MiB/3.3GiB(9%)](+3)
[DL:4.6MiB][#ca9c3b 329MiB/0.9GiB(32%)][#32a636 369MiB/3.3GiB(10%)][#04a308 269MiB/3.3GiB(7%)][#733c91 271MiB/3.3GiB(7%)][#3fb81e 306MiB/3.3GiB(9%)](+3)
[DL:4.5MiB][#ca9c3b 330MiB/0.9GiB(32%)][#32a636 370MiB/3.3GiB(10%)][#04a308 269MiB/3.3GiB(7%)][#733c91 272MiB/3.3GiB(7%)][#3fb81e 307MiB/3.3GiB(9%)](+3)
[DL:4.5MiB][#ca9c3b 330MiB/0.9GiB(32%)][#32a636 371MiB/3.3GiB(10%)][#04a308 270MiB/3.3GiB(7%)][#733c91 272MiB/3.3GiB(7%)][#3fb81e 307MiB/3.3GiB(9%)](+3)
[DL:4.2MiB][#ca9c3b 330MiB/0.9GiB(32%)][#32a636 371MiB/3.3GiB(10%)][#04a308 270MiB/3.3GiB(7%)][#733c91 272MiB/3.3GiB(7%)][#3fb81e 307MiB/3.3GiB(9%)](+3)
[DL:4.2MiB][#ca9c3b 330MiB/0.9GiB(32%)][#32a636 372MiB/3.3GiB(10%)][#04a308 270MiB/3.3GiB(7%)][#733c91 273MiB/3.3GiB(7%)][#3fb81e 307MiB/3.3GiB(9%)](+3)
[DL:4.2MiB][#ca9c3b 331MiB/0.9GiB(32%)][#32a636 373MiB/3.3GiB(10%)][#04a308 271MiB/3.3GiB(7%)][#733c91 273MiB/3.3GiB(7%)][#3fb81e 308MiB/3.3GiB(9%)](+3)
[DL:3.9MiB][#ca9c3b 331MiB/0.9GiB(32%)][#32a636 374MiB/3.3GiB(10%)][#04a308 271MiB/3.3GiB(7%)][#733c91 273MiB/3.3GiB(7%)][#3fb81e 308MiB/3.3GiB(9%)](+3)
[DL:3.7MiB][#ca9c3b 331MiB/0.9GiB(32%)][#32a636 374MiB/3.3GiB(11%)][#04a308 271MiB/3.3GiB(7%)][#733c91 274MiB/3.3GiB(7%)][#3fb81e 308MiB/3.3GiB(9%)](+3)
[DL:3.6MiB][#ca9c3b 332MiB/0.9GiB(32%)][#32a636 375MiB/3.3GiB(11%)][#04a308 272MiB/3.3GiB(8%)][#733c91 274MiB/3.3GiB(8%)][#3fb81e 308MiB/3.3GiB(9%)](+3)
[DL:3.2MiB][#ca9c3b 332MiB/0.9GiB(32%)][#32a636 375MiB/3.3GiB(11%)][#04a308 272MiB/3.3GiB(8%)][#733c91 274MiB/3.3GiB(8%)][#3fb81e 309MiB/3.3GiB(9%)](+3)
[DL:3.4MiB][#ca9c3b 332MiB/0.9GiB(32%)][#32a636 377MiB/3.3GiB(11%)][#04a308 273MiB/3.3GiB(8%)][#733c91 275MiB/3.3GiB(8%)][#3fb81e 309MiB/3.3GiB(9%)](+3)
[DL:3.3MiB][#ca9c3b 333MiB/0.9GiB(32%)][#32a636 378MiB/3.3GiB(11%)][#04a308 273MiB/3.3GiB(8%)][#733c91 275MiB/3.3GiB(8%)][#3fb81e 309MiB/3.3GiB(9%)](+3)
[DL:3.5MiB][#ca9c3b 333MiB/0.9GiB(33%)][#32a636 379MiB/3.3GiB(11%)][#04a308 273MiB/3.3GiB(8%)][#733c91 275MiB/3.3GiB(8%)][#3fb81e 310MiB/3.3GiB(9%)](+3)
[DL:3.5MiB][#ca9c3b 334MiB/0.9GiB(33%)][#32a636 380MiB/3.3GiB(11%)][#04a308 274MiB/3.3GiB(8%)][#733c91 276MiB/3.3GiB(8%)][#3fb81e 310MiB/3.3GiB(9%)](+3)
[DL:3.7MiB][#ca9c3b 334MiB/0.9GiB(33%)][#32a636 380MiB/3.3GiB(11%)][#04a308 274MiB/3.3GiB(8%)][#733c91 276MiB/3.3GiB(8%)][#3fb81e 310MiB/3.3GiB(9%)](+3)
 *** Download Progress Summary as of Fri Aug 14 17:45:10 2026 *** 
===============================================================================
[#ca9c3b 335MiB/0.9GiB(33%) CN:1 DL:390KiB ETA:29m30s]
FILE: /home/user/models/models/deepseek-ai-DeepSeek-V4-Flash-0731/model-00001-of-00048.safetensors
-------------------------------------------------------------------------------
[#32a636 381MiB/3.3GiB(11%) CN:1 DL:870KiB ETA:59m10s]
FILE: /home/user/models/models/deepseek-ai-DeepSeek-V4-Flash-0731/model-00002-of-00048.safetensors
-------------------------------------------------------------------------------
[#04a308 275MiB/3.3GiB(8%) CN:1 DL:399KiB ETA:2h13m34s]
FILE: /home/user/models/models/deepseek-ai-DeepSeek-V4-Flash-0731/model-00003-of-00048.safetensors
-------------------------------------------------------------------------------
[#733c91 277MiB/3.3GiB(8%) CN:1 DL:359KiB ETA:2h29m48s]
FILE: /home/user/models/models/deepseek-ai-DeepSeek-V4-Flash-0731/model-00004-of-00048.safetensors
-------------------------------------------------------------------------------
[#3fb81e 311MiB/3.3GiB(9%) CN:1 DL:303KiB ETA:2h53m56s]
FILE: /home/user/models/models/deepseek-ai-DeepSeek-V4-Flash-0731/model-00005-of-00048.safetensors
-------------------------------------------------------------------------------
[#bd6521 408MiB/3.3GiB(11%) CN:1 DL:406KiB ETA:2h6m28s]
FILE: /home/user/models/models/deepseek-ai-DeepSeek-V4-Flash-0731/model-00006-of-00048.safetensors
-------------------------------------------------------------------------------
[#27b7ba 324MiB/3.3GiB(9%) CN:1 DL:737KiB ETA:1h11m16s]
FILE: /home/user/models/models/deepseek-ai-DeepSeek-V4-Flash-0731/model-00007-of-00048.safetensors
-------------------------------------------------------------------------------
[#a52f97 310MiB/3.3GiB(9%) CN:1 DL:399KiB ETA:2h12m50s]
FILE: /home/user/models/models/deepseek-ai-DeepSeek-V4-Flash-0731/model-00008-of-00048.safetensors
-------------------------------------------------------------------------------

[DL:3.8MiB][#ca9c3b 335MiB/0.9GiB(33%)][#32a636 381MiB/3.3GiB(11%)][#04a308 275MiB/3.3GiB(8%)][#733c91 277MiB/3.3GiB(8%)][#3fb81e 311MiB/3.3GiB(9%)](+3)
[DL:3.9MiB][#ca9c3b 335MiB/0.9GiB(33%)][#32a636 382MiB/3.3GiB(11%)][#04a308 275MiB/3.3GiB(8%)][#733c91 277MiB/3.3GiB(8%)][#3fb81e 311MiB/3.3GiB(9%)](+3)
[DL:4.1MiB][#ca9c3b 336MiB/0.9GiB(33%)][#32a636 383MiB/3.3GiB(11%)][#04a308 275MiB/3.3GiB(8%)][#733c91 277MiB/3.3GiB(8%)][#3fb81e 311MiB/3.3GiB(9%)](+3)
[DL:4.3MiB][#ca9c3b 336MiB/0.9GiB(33%)][#32a636 384MiB/3.3GiB(11%)][#04a308 276MiB/3.3GiB(8%)][#733c91 278MiB/3.3GiB(8%)][#3fb81e 312MiB/3.3GiB(9%)](+3)
[DL:4.4MiB][#ca9c3b 337MiB/0.9GiB(33%)][#32a636 385MiB/3.3GiB(11%)][#04a308 276MiB/3.3GiB(8%)][#733c91 278MiB/3.3GiB(8%)][#3fb81e 312MiB/3.3GiB(9%)](+3)
[DL:4.3MiB][#ca9c3b 337MiB/0.9GiB(33%)][#32a636 386MiB/3.3GiB(11%)][#04a308 277MiB/3.3GiB(8%)][#733c91 279MiB/3.3GiB(8%)][#3fb81e 313MiB/3.3GiB(9%)](+3)
[DL:4.3MiB][#ca9c3b 338MiB/0.9GiB(33%)][#32a636 387MiB/3.3GiB(11%)][#04a308 277MiB/3.3GiB(8%)][#733c91 279MiB/3.3GiB(8%)][#3fb81e 313MiB/3.3GiB(9%)](+3)
[DL:4.4MiB][#ca9c3b 338MiB/0.9GiB(33%)][#32a636 388MiB/3.3GiB(11%)][#04a308 277MiB/3.3GiB(8%)][#733c91 279MiB/3.3GiB(8%)][#3fb81e 313MiB/3.3GiB(9%)](+3)
[DL:4.4MiB][#ca9c3b 339MiB/0.9GiB(33%)][#32a636 389MiB/3.3GiB(11%)][#04a308 278MiB/3.3GiB(8%)][#733c91 280MiB/3.3GiB(8%)][#3fb81e 313MiB/3.3GiB(9%)](+3)
[DL:4.2MiB][#ca9c3b 339MiB/0.9GiB(33%)][#32a636 389MiB/3.3GiB(11%)][#04a308 278MiB/3.3GiB(8%)][#733c91 280MiB/3.3GiB(8%)][#3fb81e 314MiB/3.3GiB(9%)](+3)
[DL:4.1MiB][#ca9c3b 339MiB/0.9GiB(33%)][#32a636 390MiB/3.3GiB(11%)][#04a308 278MiB/3.3GiB(8%)][#733c91 281MiB/3.3GiB(8%)][#3fb81e 314MiB/3.3GiB(9%)](+3)
[DL:4.1MiB][#ca9c3b 340MiB/0.9GiB(33%)][#32a636 391MiB/3.3GiB(11%)][#04a308 279MiB/3.3GiB(8%)][#733c91 281MiB/3.3GiB(8%)][#3fb81e 314MiB/3.3GiB(9%)](+3)
[DL:4.1MiB][#ca9c3b 341MiB/0.9GiB(33%)][#32a636 392MiB/3.3GiB(11%)][#04a308 280MiB/3.3GiB(8%)][#733c91 282MiB/3.3GiB(8%)][#3fb81e 315MiB/3.3GiB(9%)](+3)
[DL:4.1MiB][#ca9c3b 341MiB/0.9GiB(33%)][#32a636 393MiB/3.3GiB(11%)][#04a308 280MiB/3.3GiB(8%)][#733c91 282MiB/3.3GiB(8%)][#3fb81e 315MiB/3.3GiB(9%)](+3)
[DL:4.2MiB][#ca9c3b 342MiB/0.9GiB(33%)][#32a636 394MiB/3.3GiB(11%)][#04a308 281MiB/3.3GiB(8%)][#733c91 283MiB/3.3GiB(8%)][#3fb81e 316MiB/3.3GiB(9%)](+3)
[DL:4.4MiB][#ca9c3b 343MiB/0.9GiB(33%)][#32a636 395MiB/3.3GiB(11%)][#04a308 281MiB/3.3GiB(8%)][#733c91 283MiB/3.3GiB(8%)][#3fb81e 316MiB/3.3GiB(9%)](+3)
[DL:4.3MiB][#ca9c3b 343MiB/0.9GiB(34%)][#32a636 395MiB/3.3GiB(11%)][#04a308 281MiB/3.3GiB(8%)][#733c91 283MiB/3.3GiB(8%)][#3fb81e 317MiB/3.3GiB(9%)](+3)
[DL:4.4MiB][#ca9c3b 344MiB/0.9GiB(34%)][#32a636 396MiB/3.3GiB(11%)][#04a308 282MiB/3.3GiB(8%)][#733c91 284MiB/3.3GiB(8%)][#3fb81e 317MiB/3.3GiB(9%)](+3)
[DL:4.7MiB][#ca9c3b 345MiB/0.9GiB(34%)][#32a636 397MiB/3.3GiB(11%)][#04a308 282MiB/3.3GiB(8%)][#733c91 284MiB/3.3GiB(8%)][#3fb81e 317MiB/3.3GiB(9%)](+3)
[DL:4.9MiB][#ca9c3b 346MiB/0.9GiB(34%)][#32a636 398MiB/3.3GiB(11%)][#04a308 283MiB/3.3GiB(8%)][#733c91 285MiB/3.3GiB(8%)][#3fb81e 318MiB/3.3GiB(9%)](+3)
[DL:4.8MiB][#ca9c3b 346MiB/0.9GiB(34%)][#32a636 399MiB/3.3GiB(11%)][#04a308 283MiB/3.3GiB(8%)][#733c91 285MiB/3.3GiB(8%)][#3fb81e 318MiB/3.3GiB(9%)](+3)
[DL:4.7MiB][#ca9c3b 347MiB/0.9GiB(34%)][#32a636 399MiB/3.3GiB(11%)][#04a308 284MiB/3.3GiB(8%)][#733c91 286MiB/3.3GiB(8%)][#3fb81e 319MiB/3.3GiB(9%)](+3)
[DL:4.3MiB][#ca9c3b 347MiB/0.9GiB(34%)][#32a636 399MiB/3.3GiB(11%)][#04a308 284MiB/3.3GiB(8%)][#733c91 286MiB/3.3GiB(8%)][#3fb81e 319MiB/3.3GiB(9%)](+3)
[DL:4.2MiB][#ca9c3b 348MiB/0.9GiB(34%)][#32a636 400MiB/3.3GiB(11%)][#04a308 284MiB/3.3GiB(8%)][#733c91 286MiB/3.3GiB(8%)][#3fb81e 319MiB/3.3GiB(9%)](+3)
[DL:4.0MiB][#ca9c3b 348MiB/0.9GiB(34%)][#32a636 400MiB/3.3GiB(11%)][#04a308 285MiB/3.3GiB(8%)][#733c91 287MiB/3.3GiB(8%)][#3fb81e 320MiB/3.3GiB(9%)](+3)
[DL:3.9MiB][#ca9c3b 349MiB/0.9GiB(34%)][#32a636 401MiB/3.3GiB(11%)][#04a308 285MiB/3.3GiB(8%)][#733c91 287MiB/3.3GiB(8%)][#3fb81e 320MiB/3.3GiB(9%)](+3)
[DL:3.8MiB][#ca9c3b 349MiB/0.9GiB(34%)][#32a636 401MiB/3.3GiB(11%)][#04a308 285MiB/3.3GiB(8%)][#733c91 287MiB/3.3GiB(8%)][#3fb81e 320MiB/3.3GiB(9%)](+3)
[DL:3.6MiB][#ca9c3b 350MiB/0.9GiB(34%)][#32a636 402MiB/3.3GiB(11%)][#04a308 285MiB/3.3GiB(8%)][#733c91 288MiB/3.3GiB(8%)][#3fb81e 321MiB/3.3GiB(9%)](+3)
[DL:3.4MiB][#ca9c3b 351MiB/0.9GiB(34%)][#32a636 402MiB/3.3GiB(11%)][#04a308 286MiB/3.3GiB(8%)][#733c91 288MiB/3.3GiB(8%)][#3fb81e 321MiB/3.3GiB(9%)](+3)
[DL:3.4MiB][#ca9c3b 351MiB/0.9GiB(34%)][#32a636 403MiB/3.3GiB(11%)][#04a308 286MiB/3.3GiB(8%)][#733c91 288MiB/3.3GiB(8%)][#3fb81e 321MiB/3.3GiB(9%)](+3)
[DL:3.2MiB][#ca9c3b 352MiB/0.9GiB(34%)][#32a636 403MiB/3.3GiB(11%)][#04a308 286MiB/3.3GiB(8%)][#733c91 289MiB/3.3GiB(8%)][#3fb81e 322MiB/3.3GiB(9%)](+3)
 *** Download Progress Summary as of Fri Aug 14 17:45:41 2026 *** 
===============================================================================
[#ca9c3b 352MiB/0.9GiB(34%) CN:1 DL:559KiB ETA:20m2s]
FILE: /home/user/models/models/deepseek-ai-DeepSeek-V4-Flash-0731/model-00001-of-00048.safetensors
-------------------------------------------------------------------------------
[#32a636 404MiB/3.3GiB(11%) CN:1 DL:463KiB ETA:1h50m15s]
FILE: /home/user/models/models/deepseek-ai-DeepSeek-V4-Flash-0731/model-00002-of-00048.safetensors
-------------------------------------------------------------------------------
[#04a308 287MiB/3.3GiB(8%) CN:1 DL:297KiB ETA:2h58m45s]
FILE: /home/user/models/models/deepseek-ai-DeepSeek-V4-Flash-0731/model-00003-of-00048.safetensors
-------------------------------------------------------------------------------
[#733c91 289MiB/3.3GiB(8%) CN:1 DL:356KiB ETA:2h30m13s]
FILE: /home/user/models/models/deepseek-ai-DeepSeek-V4-Flash-0731/model-00004-of-00048.safetensors
-------------------------------------------------------------------------------
[#3fb81e 322MiB/3.3GiB(9%) CN:1 DL:321KiB ETA:2h43m28s]
FILE: /home/user/models/models/deepseek-ai-DeepSeek-V4-Flash-0731/model-00005-of-00048.safetensors
-------------------------------------------------------------------------------
[#bd6521 423MiB/3.3GiB(12%) CN:1 DL:413KiB ETA:2h3m57s]
FILE: /home/user/models/models/deepseek-ai-DeepSeek-V4-Flash-0731/model-00006-of-00048.safetensors
-------------------------------------------------------------------------------
[#27b7ba 344MiB/3.3GiB(10%) CN:1 DL:546KiB ETA:1h35m35s]
FILE: /home/user/models/models/deepseek-ai-DeepSeek-V4-Flash-0731/model-00007-of-00048.safetensors
-------------------------------------------------------------------------------
[#a52f97 327MiB/3.3GiB(9%) CN:1 DL:466KiB ETA:1h53m14s]
FILE: /home/user/models/models/deepseek-ai-DeepSeek-V4-Flash-0731/model-00008-of-00048.safetensors
-------------------------------------------------------------------------------

[DL:3.2MiB][#ca9c3b 352MiB/0.9GiB(34%)][#32a636 404MiB/3.3GiB(11%)][#04a308 287MiB/3.3GiB(8%)][#733c91 289MiB/3.3GiB(8%)][#3fb81e 322MiB/3.3GiB(9%)](+3)
[DL:3.4MiB][#ca9c3b 353MiB/0.9GiB(35%)][#32a636 404MiB/3.3GiB(11%)][#04a308 287MiB/3.3GiB(8%)][#733c91 290MiB/3.3GiB(8%)][#3fb81e 322MiB/3.3GiB(9%)](+3)
[DL:3.5MiB][#ca9c3b 354MiB/0.9GiB(35%)][#32a636 405MiB/3.3GiB(11%)][#04a308 287MiB/3.3GiB(8%)][#733c91 290MiB/3.3GiB(8%)][#3fb81e 323MiB/3.3GiB(9%)](+3)
[DL:3.7MiB][#ca9c3b 355MiB/0.9GiB(35%)][#32a636 405MiB/3.3GiB(11%)][#04a308 287MiB/3.3GiB(8%)][#733c91 291MiB/3.3GiB(8%)][#3fb81e 323MiB/3.3GiB(9%)](+3)
[DL:3.8MiB][#ca9c3b 355MiB/0.9GiB(35%)][#32a636 406MiB/3.3GiB(11%)][#04a308 288MiB/3.3GiB(8%)][#733c91 291MiB/3.3GiB(8%)][#3fb81e 323MiB/3.3GiB(9%)](+3)
[DL:3.7MiB][#ca9c3b 356MiB/0.9GiB(35%)][#32a636 406MiB/3.3GiB(11%)][#04a308 288MiB/3.3GiB(8%)][#733c91 291MiB/3.3GiB(8%)][#3fb81e 324MiB/3.3GiB(9%)](+3)
[DL:3.8MiB][#ca9c3b 357MiB/0.9GiB(35%)][#32a636 406MiB/3.3GiB(11%)][#04a308 288MiB/3.3GiB(8%)][#733c91 292MiB/3.3GiB(8%)][#3fb81e 324MiB/3.3GiB(9%)](+3)
[DL:3.9MiB][#ca9c3b 357MiB/0.9GiB(35%)][#32a636 407MiB/3.3GiB(11%)][#04a308 289MiB/3.3GiB(8%)][#733c91 292MiB/3.3GiB(8%)][#3fb81e 324MiB/3.3GiB(9%)](+3)
[DL:4.1MiB][#ca9c3b 358MiB/0.9GiB(35%)][#32a636 407MiB/3.3GiB(11%)][#04a308 289MiB/3.3GiB(8%)][#733c91 293MiB/3.3GiB(8%)][#3fb81e 325MiB/3.3GiB(9%)](+3)
[DL:4.1MiB][#ca9c3b 359MiB/0.9GiB(35%)][#32a636 408MiB/3.3GiB(12%)][#04a308 289MiB/3.3GiB(8%)][#733c91 293MiB/3.3GiB(8%)][#3fb81e 325MiB/3.3GiB(9%)](+3)
[DL:3.8MiB][#ca9c3b 359MiB/0.9GiB(35%)][#32a636 408MiB/3.3GiB(12%)][#04a308 289MiB/3.3GiB(8%)][#733c91 293MiB/3.3GiB(8%)][#3fb81e 325MiB/3.3GiB(9%)](+3)
[DL:3.6MiB][#ca9c3b 360MiB/0.9GiB(35%)][#32a636 408MiB/3.3GiB(12%)][#04a308 290MiB/3.3GiB(8%)][#733c91 294MiB/3.3GiB(8%)][#3fb81e 326MiB/3.3GiB(9%)](+3)
[DL:3.5MiB][#ca9c3b 360MiB/0.9GiB(35%)][#32a636 409MiB/3.3GiB(12%)][#04a308 290MiB/3.3GiB(8%)][#733c91 294MiB/3.3GiB(8%)][#3fb81e 326MiB/3.3GiB(9%)](+3)
[DL:3.6MiB][#ca9c3b 361MiB/0.9GiB(35%)][#32a636 409MiB/3.3GiB(12%)][#04a308 290MiB/3.3GiB(8%)][#733c91 295MiB/3.3GiB(8%)][#3fb81e 326MiB/3.3GiB(9%)](+3)
[DL:3.5MiB][#ca9c3b 362MiB/0.9GiB(35%)][#32a636 410MiB/3.3GiB(12%)][#04a308 291MiB/3.3GiB(8%)][#733c91 295MiB/3.3GiB(8%)][#3fb81e 326MiB/3.3GiB(9%)](+3)
[DL:3.5MiB][#ca9c3b 362MiB/0.9GiB(35%)][#32a636 410MiB/3.3GiB(12%)][#04a308 291MiB/3.3GiB(8%)][#733c91 296MiB/3.3GiB(8%)][#3fb81e 327MiB/3.3GiB(9%)](+3)
[DL:3.4MiB][#ca9c3b 363MiB/0.9GiB(35%)][#32a636 410MiB/3.3GiB(12%)][#04a308 291MiB/3.3GiB(8%)][#733c91 296MiB/3.3GiB(8%)][#3fb81e 327MiB/3.3GiB(9%)](+3)
[DL:3.4MiB][#ca9c3b 364MiB/0.9GiB(36%)][#32a636 411MiB/3.3GiB(12%)][#04a308 292MiB/3.3GiB(8%)][#733c91 296MiB/3.3GiB(8%)][#3fb81e 327MiB/3.3GiB(9%)](+3)
[DL:3.3MiB][#ca9c3b 364MiB/0.9GiB(36%)][#32a636 411MiB/3.3GiB(12%)][#04a308 292MiB/3.3GiB(8%)][#733c91 297MiB/3.3GiB(8%)][#3fb81e 327MiB/3.3GiB(9%)](+3)
[DL:3.3MiB][#ca9c3b 365MiB/0.9GiB(36%)][#32a636 412MiB/3.3GiB(12%)][#04a308 292MiB/3.3GiB(8%)][#733c91 297MiB/3.3GiB(8%)][#3fb81e 328MiB/3.3GiB(9%)](+3)
[DL:3.5MiB][#ca9c3b 366MiB/0.9GiB(36%)][#32a636 412MiB/3.3GiB(12%)][#04a308 293MiB/3.3GiB(8%)][#733c91 298MiB/3.3GiB(8%)][#3fb81e 328MiB/3.3GiB(9%)](+3)
[DL:3.7MiB][#ca9c3b 366MiB/0.9GiB(36%)][#32a636 413MiB/3.3GiB(12%)][#04a308 293MiB/3.3GiB(8%)][#733c91 298MiB/3.3GiB(8%)][#3fb81e 328MiB/3.3GiB(9%)](+3)
[DL:3.7MiB][#ca9c3b 367MiB/0.9GiB(36%)][#32a636 413MiB/3.3GiB(12%)][#04a308 294MiB/3.3GiB(8%)][#733c91 298MiB/3.3GiB(8%)][#3fb81e 329MiB/3.3GiB(9%)](+3)
[DL:3.8MiB][#ca9c3b 368MiB/0.9GiB(36%)][#32a636 414MiB/3.3GiB(12%)][#04a308 294MiB/3.3GiB(8%)][#733c91 299MiB/3.3GiB(8%)][#3fb81e 329MiB/3.3GiB(9%)](+3)
[DL:3.9MiB][#ca9c3b 369MiB/0.9GiB(36%)][#32a636 414MiB/3.3GiB(12%)][#04a308 295MiB/3.3GiB(8%)][#733c91 299MiB/3.3GiB(8%)][#3fb81e 329MiB/3.3GiB(9%)](+3)
[DL:3.9MiB][#ca9c3b 370MiB/0.9GiB(36%)][#32a636 415MiB/3.3GiB(12%)][#04a308 295MiB/3.3GiB(8%)][#733c91 299MiB/3.3GiB(8%)][#3fb81e 329MiB/3.3GiB(9%)](+3)
[DL:3.8MiB][#ca9c3b 370MiB/0.9GiB(36%)][#32a636 415MiB/3.3GiB(12%)][#04a308 295MiB/3.3GiB(8%)][#733c91 300MiB/3.3GiB(8%)][#3fb81e 330MiB/3.3GiB(9%)](+3)
[DL:3.8MiB][#ca9c3b 371MiB/0.9GiB(36%)][#32a636 416MiB/3.3GiB(12%)][#04a308 296MiB/3.3GiB(8%)][#733c91 300MiB/3.3GiB(8%)][#3fb81e 330MiB/3.3GiB(9%)](+3)
[DL:4.1MiB][#ca9c3b 372MiB/0.9GiB(36%)][#32a636 417MiB/3.3GiB(12%)][#04a308 296MiB/3.3GiB(8%)][#733c91 301MiB/3.3GiB(8%)][#3fb81e 330MiB/3.3GiB(9%)](+3)
[DL:3.8MiB][#ca9c3b 373MiB/0.9GiB(36%)][#32a636 417MiB/3.3GiB(12%)][#04a308 297MiB/3.3GiB(8%)][#733c91 301MiB/3.3GiB(8%)][#3fb81e 331MiB/3.3GiB(9%)](+3)
 *** Download Progress Summary as of Fri Aug 14 17:46:11 2026 *** 
===============================================================================
[#ca9c3b 373MiB/0.9GiB(37%) CN:1 DL:773KiB ETA:14m1s]
FILE: /home/user/models/models/deepseek-ai-DeepSeek-V4-Flash-0731/model-00001-of-00048.safetensors
-------------------------------------------------------------------------------
[#32a636 418MiB/3.3GiB(12%) CN:1 DL:561KiB ETA:1h30m42s]
FILE: /home/user/models/models/deepseek-ai-DeepSeek-V4-Flash-0731/model-00002-of-00048.safetensors
-------------------------------------------------------------------------------
[#04a308 297MiB/3.3GiB(8%) CN:1 DL:460KiB ETA:1h54m53s]
FILE: /home/user/models/models/deepseek-ai-DeepSeek-V4-Flash-0731/model-00003-of-00048.safetensors
-------------------------------------------------------------------------------
[#733c91 301MiB/3.3GiB(8%) CN:1 DL:360KiB ETA:2h28m13s]
FILE: /home/user/models/models/deepseek-ai-DeepSeek-V4-Flash-0731/model-00004-of-00048.safetensors
-------------------------------------------------------------------------------
[#3fb81e 331MiB/3.3GiB(9%) CN:1 DL:286KiB ETA:3h2m41s]
FILE: /home/user/models/models/deepseek-ai-DeepSeek-V4-Flash-0731/model-00005-of-00048.safetensors
-------------------------------------------------------------------------------
[#bd6521 437MiB/3.3GiB(12%) CN:1 DL:439KiB ETA:1h56m]
FILE: /home/user/models/models/deepseek-ai-DeepSeek-V4-Flash-0731/model-00006-of-00048.safetensors
-------------------------------------------------------------------------------
[#27b7ba 361MiB/3.3GiB(10%) CN:1 DL:543KiB ETA:1h35m31s]
FILE: /home/user/models/models/deepseek-ai-DeepSeek-V4-Flash-0731/model-00007-of-00048.safetensors
-------------------------------------------------------------------------------
[#a52f97 343MiB/3.3GiB(10%) CN:1 DL:600KiB ETA:1h27m35s]
FILE: /home/user/models/models/deepseek-ai-DeepSeek-V4-Flash-0731/model-00008-of-00048.safetensors
-------------------------------------------------------------------------------

[DL:3.9MiB][#ca9c3b 373MiB/0.9GiB(37%)][#32a636 418MiB/3.3GiB(12%)][#04a308 297MiB/3.3GiB(8%)][#733c91 301MiB/3.3GiB(8%)][#3fb81e 331MiB/3.3GiB(9%)](+3)
[DL:3.7MiB][#ca9c3b 374MiB/0.9GiB(37%)][#32a636 418MiB/3.3GiB(12%)][#04a308 297MiB/3.3GiB(8%)][#733c91 302MiB/3.3GiB(8%)][#3fb81e 331MiB/3.3GiB(9%)](+3)
[DL:3.7MiB][#ca9c3b 375MiB/0.9GiB(37%)][#32a636 418MiB/3.3GiB(12%)][#04a308 298MiB/3.3GiB(8%)][#733c91 302MiB/3.3GiB(8%)][#3fb81e 331MiB/3.3GiB(9%)](+3)
[DL:3.6MiB][#ca9c3b 375MiB/0.9GiB(37%)][#32a636 419MiB/3.3GiB(12%)][#04a308 298MiB/3.3GiB(8%)][#733c91 302MiB/3.3GiB(8%)][#3fb81e 332MiB/3.3GiB(9%)](+3)
[DL:3.8MiB][#ca9c3b 376MiB/0.9GiB(37%)][#32a636 419MiB/3.3GiB(12%)][#04a308 299MiB/3.3GiB(8%)][#733c91 303MiB/3.3GiB(8%)][#3fb81e 332MiB/3.3GiB(9%)](+3)
[DL:3.8MiB][#ca9c3b 377MiB/0.9GiB(37%)][#32a636 420MiB/3.3GiB(12%)][#04a308 299MiB/3.3GiB(8%)][#733c91 303MiB/3.3GiB(8%)][#3fb81e 332MiB/3.3GiB(9%)](+3)
[DL:3.8MiB][#ca9c3b 377MiB/0.9GiB(37%)][#32a636 420MiB/3.3GiB(12%)][#04a308 300MiB/3.3GiB(8%)][#733c91 304MiB/3.3GiB(8%)][#3fb81e 333MiB/3.3GiB(9%)](+3)
[DL:3.7MiB][#ca9c3b 378MiB/0.9GiB(37%)][#32a636 421MiB/3.3GiB(12%)][#04a308 300MiB/3.3GiB(8%)][#733c91 304MiB/3.3GiB(8%)][#3fb81e 333MiB/3.3GiB(9%)](+3)
[DL:3.7MiB][#ca9c3b 378MiB/0.9GiB(37%)][#32a636 421MiB/3.3GiB(12%)][#04a308 300MiB/3.3GiB(8%)][#733c91 304MiB/3.3GiB(8%)][#3fb81e 334MiB/3.3GiB(9%)](+3)
[DL:3.6MiB][#ca9c3b 379MiB/0.9GiB(37%)][#32a636 422MiB/3.3GiB(12%)][#04a308 301MiB/3.3GiB(8%)][#733c91 305MiB/3.3GiB(8%)][#3fb81e 334MiB/3.3GiB(9%)](+3)
[DL:3.7MiB][#ca9c3b 380MiB/0.9GiB(37%)][#32a636 422MiB/3.3GiB(12%)][#04a308 301MiB/3.3GiB(8%)][#733c91 305MiB/3.3GiB(8%)][#3fb81e 334MiB/3.3GiB(9%)](+3)
[DL:3.6MiB][#ca9c3b 380MiB/0.9GiB(37%)][#32a636 423MiB/3.3GiB(12%)][#04a308 301MiB/3.3GiB(8%)][#733c91 306MiB/3.3GiB(8%)][#3fb81e 335MiB/3.3GiB(9%)](+3)
[DL:3.4MiB][#ca9c3b 381MiB/0.9GiB(37%)][#32a636 423MiB/3.3GiB(12%)][#04a308 301MiB/3.3GiB(8%)][#733c91 306MiB/3.3GiB(8%)][#3fb81e 335MiB/3.3GiB(9%)](+3)
[DL:3.3MiB][#ca9c3b 381MiB/0.9GiB(37%)][#32a636 423MiB/3.3GiB(12%)][#04a308 302MiB/3.3GiB(8%)][#733c91 306MiB/3.3GiB(8%)][#3fb81e 335MiB/3.3GiB(9%)](+3)
[DL:3.2MiB][#ca9c3b 382MiB/0.9GiB(37%)][#32a636 424MiB/3.3GiB(12%)][#04a308 302MiB/3.3GiB(8%)][#733c91 307MiB/3.3GiB(8%)][#3fb81e 336MiB/3.3GiB(9%)](+3)
[DL:3.2MiB][#ca9c3b 382MiB/0.9GiB(37%)][#32a636 424MiB/3.3GiB(12%)][#04a308 302MiB/3.3GiB(8%)][#733c91 307MiB/3.3GiB(8%)][#3fb81e 336MiB/3.3GiB(9%)](+3)
[DL:3.1MiB][#ca9c3b 383MiB/0.9GiB(37%)][#32a636 424MiB/3.3GiB(12%)][#04a308 303MiB/3.3GiB(8%)][#733c91 308MiB/3.3GiB(8%)][#3fb81e 336MiB/3.3GiB(9%)](+3)
[DL:3.2MiB][#ca9c3b 383MiB/0.9GiB(37%)][#32a636 425MiB/3.3GiB(12%)][#04a308 303MiB/3.3GiB(8%)][#733c91 308MiB/3.3GiB(9%)][#3fb81e 337MiB/3.3GiB(9%)](+3)
[DL:3.4MiB][#ca9c3b 384MiB/0.9GiB(38%)][#32a636 425MiB/3.3GiB(12%)][#04a308 303MiB/3.3GiB(8%)][#733c91 309MiB/3.3GiB(9%)][#3fb81e 338MiB/3.3GiB(9%)](+3)
[DL:3.3MiB][#ca9c3b 384MiB/0.9GiB(38%)][#32a636 426MiB/3.3GiB(12%)][#04a308 304MiB/3.3GiB(8%)][#733c91 309MiB/3.3GiB(9%)][#3fb81e 338MiB/3.3GiB(9%)](+3)
[DL:3.2MiB][#ca9c3b 384MiB/0.9GiB(38%)][#32a636 426MiB/3.3GiB(12%)][#04a308 304MiB/3.3GiB(8%)][#733c91 310MiB/3.3GiB(9%)][#3fb81e 338MiB/3.3GiB(9%)](+3)
[DL:3.2MiB][#ca9c3b 385MiB/0.9GiB(38%)][#32a636 427MiB/3.3GiB(12%)][#04a308 304MiB/3.3GiB(8%)][#733c91 310MiB/3.3GiB(9%)][#3fb81e 339MiB/3.3GiB(9%)](+3)
[DL:3.4MiB][#ca9c3b 385MiB/0.9GiB(38%)][#32a636 427MiB/3.3GiB(12%)][#04a308 305MiB/3.3GiB(8%)][#733c91 311MiB/3.3GiB(9%)][#3fb81e 339MiB/3.3GiB(9%)](+3)
[DL:3.5MiB][#ca9c3b 386MiB/0.9GiB(38%)][#32a636 427MiB/3.3GiB(12%)][#04a308 305MiB/3.3GiB(8%)][#733c91 311MiB/3.3GiB(9%)][#3fb81e 340MiB/3.3GiB(9%)](+3)
[DL:3.5MiB][#ca9c3b 386MiB/0.9GiB(38%)][#32a636 428MiB/3.3GiB(12%)][#04a308 306MiB/3.3GiB(9%)][#733c91 312MiB/3.3GiB(9%)][#3fb81e 340MiB/3.3GiB(10%)](+3)
[DL:3.7MiB][#ca9c3b 387MiB/0.9GiB(38%)][#32a636 429MiB/3.3GiB(12%)][#04a308 307MiB/3.3GiB(9%)][#733c91 312MiB/3.3GiB(9%)][#3fb81e 341MiB/3.3GiB(10%)](+3)
[DL:4.0MiB][#ca9c3b 388MiB/0.9GiB(38%)][#32a636 429MiB/3.3GiB(12%)][#04a308 307MiB/3.3GiB(9%)][#733c91 313MiB/3.3GiB(9%)][#3fb81e 342MiB/3.3GiB(10%)](+3)
[DL:3.9MiB][#ca9c3b 388MiB/0.9GiB(38%)][#32a636 430MiB/3.3GiB(12%)][#04a308 308MiB/3.3GiB(9%)][#733c91 313MiB/3.3GiB(9%)][#3fb81e 342MiB/3.3GiB(10%)](+3)
[DL:3.9MiB][#ca9c3b 389MiB/0.9GiB(38%)][#32a636 430MiB/3.3GiB(12%)][#04a308 308MiB/3.3GiB(9%)][#733c91 314MiB/3.3GiB(9%)][#3fb81e 343MiB/3.3GiB(10%)](+3)
[DL:3.7MiB][#ca9c3b 389MiB/0.9GiB(38%)][#32a636 430MiB/3.3GiB(12%)][#04a308 308MiB/3.3GiB(9%)][#733c91 314MiB/3.3GiB(9%)][#3fb81e 343MiB/3.3GiB(10%)](+3)
 *** Download Progress Summary as of Fri Aug 14 17:46:41 2026 *** 
===============================================================================
[#ca9c3b 389MiB/0.9GiB(38%) CN:1 DL:480KiB ETA:22m1s]
FILE: /home/user/models/models/deepseek-ai-DeepSeek-V4-Flash-0731/model-00001-of-00048.safetensors
-------------------------------------------------------------------------------
[#32a636 431MiB/3.3GiB(12%) CN:1 DL:459KiB ETA:1h50m24s]
FILE: /home/user/models/models/deepseek-ai-DeepSeek-V4-Flash-0731/model-00002-of-00048.safetensors
-------------------------------------------------------------------------------
[#04a308 309MiB/3.3GiB(9%) CN:1 DL:461KiB ETA:1h54m26s]
FILE: /home/user/models/models/deepseek-ai-DeepSeek-V4-Flash-0731/model-00003-of-00048.safetensors
-------------------------------------------------------------------------------
[#733c91 314MiB/3.3GiB(9%) CN:1 DL:480KiB ETA:1h50m40s]
FILE: /home/user/models/models/deepseek-ai-DeepSeek-V4-Flash-0731/model-00004-of-00048.safetensors
-------------------------------------------------------------------------------
[#3fb81e 343MiB/3.3GiB(10%) CN:1 DL:487KiB ETA:1h47m10s]
FILE: /home/user/models/models/deepseek-ai-DeepSeek-V4-Flash-0731/model-00005-of-00048.safetensors
-------------------------------------------------------------------------------
[#bd6521 450MiB/3.3GiB(13%) CN:1 DL:394KiB ETA:2h8m33s]
FILE: /home/user/models/models/deepseek-ai-DeepSeek-V4-Flash-0731/model-00006-of-00048.safetensors
-------------------------------------------------------------------------------
[#27b7ba 377MiB/3.3GiB(11%) CN:1 DL:604KiB ETA:1h25m25s]
FILE: /home/user/models/models/deepseek-ai-DeepSeek-V4-Flash-0731/model-00007-of-00048.safetensors
-------------------------------------------------------------------------------
[#a52f97 355MiB/3.3GiB(10%) CN:1 DL:451KiB ETA:1h56m]
FILE: /home/user/models/models/deepseek-ai-DeepSeek-V4-Flash-0731/model-00008-of-00048.safetensors
-------------------------------------------------------------------------------

[DL:3.7MiB][#ca9c3b 389MiB/0.9GiB(38%)][#32a636 431MiB/3.3GiB(12%)][#04a308 309MiB/3.3GiB(9%)][#733c91 314MiB/3.3GiB(9%)][#3fb81e 343MiB/3.3GiB(10%)](+3)
[DL:3.7MiB][#ca9c3b 390MiB/0.9GiB(38%)][#32a636 431MiB/3.3GiB(12%)][#04a308 309MiB/3.3GiB(9%)][#733c91 315MiB/3.3GiB(9%)][#3fb81e 344MiB/3.3GiB(10%)](+3)
[DL:3.6MiB][#ca9c3b 390MiB/0.9GiB(38%)][#32a636 432MiB/3.3GiB(12%)][#04a308 309MiB/3.3GiB(9%)][#733c91 315MiB/3.3GiB(9%)][#3fb81e 344MiB/3.3GiB(10%)](+3)
[DL:3.6MiB][#ca9c3b 391MiB/0.9GiB(38%)][#32a636 432MiB/3.3GiB(12%)][#04a308 310MiB/3.3GiB(9%)][#733c91 316MiB/3.3GiB(9%)][#3fb81e 344MiB/3.3GiB(10%)](+3)
[DL:3.5MiB][#ca9c3b 391MiB/0.9GiB(38%)][#32a636 433MiB/3.3GiB(12%)][#04a308 310MiB/3.3GiB(9%)][#733c91 316MiB/3.3GiB(9%)][#3fb81e 345MiB/3.3GiB(10%)](+3)
[DL:3.4MiB][#ca9c3b 392MiB/0.9GiB(38%)][#32a636 433MiB/3.3GiB(12%)][#04a308 311MiB/3.3GiB(9%)][#733c91 317MiB/3.3GiB(9%)][#3fb81e 345MiB/3.3GiB(10%)](+3)
[DL:3.3MiB][#ca9c3b 393MiB/0.9GiB(38%)][#32a636 434MiB/3.3GiB(12%)][#04a308 311MiB/3.3GiB(9%)][#733c91 317MiB/3.3GiB(9%)][#3fb81e 346MiB/3.3GiB(10%)](+3)
[DL:3.2MiB][#ca9c3b 393MiB/0.9GiB(38%)][#32a636 434MiB/3.3GiB(12%)][#04a308 312MiB/3.3GiB(9%)][#733c91 317MiB/3.3GiB(9%)][#3fb81e 346MiB/3.3GiB(10%)](+3)
[DL:3.2MiB][#ca9c3b 393MiB/0.9GiB(38%)][#32a636 435MiB/3.3GiB(12%)][#04a308 312MiB/3.3GiB(9%)][#733c91 317MiB/3.3GiB(9%)][#3fb81e 347MiB/3.3GiB(10%)](+3)
[DL:3.2MiB][#ca9c3b 394MiB/0.9GiB(39%)][#32a636 435MiB/3.3GiB(12%)][#04a308 312MiB/3.3GiB(9%)][#733c91 318MiB/3.3GiB(9%)][#3fb81e 347MiB/3.3GiB(10%)](+3)
[DL:3.2MiB][#ca9c3b 394MiB/0.9GiB(39%)][#32a636 435MiB/3.3GiB(12%)][#04a308 313MiB/3.3GiB(9%)][#733c91 318MiB/3.3GiB(9%)][#3fb81e 347MiB/3.3GiB(10%)](+3)
[DL:3.3MiB][#ca9c3b 395MiB/0.9GiB(39%)][#32a636 436MiB/3.3GiB(12%)][#04a308 313MiB/3.3GiB(9%)][#733c91 318MiB/3.3GiB(9%)][#3fb81e 347MiB/3.3GiB(10%)](+3)
[DL:3.3MiB][#ca9c3b 395MiB/0.9GiB(39%)][#32a636 436MiB/3.3GiB(12%)][#04a308 314MiB/3.3GiB(9%)][#733c91 319MiB/3.3GiB(9%)][#3fb81e 348MiB/3.3GiB(10%)](+3)
[DL:3.4MiB][#ca9c3b 396MiB/0.9GiB(39%)][#32a636 437MiB/3.3GiB(12%)][#04a308 314MiB/3.3GiB(9%)][#733c91 319MiB/3.3GiB(9%)][#3fb81e 348MiB/3.3GiB(10%)](+3)
[DL:3.5MiB][#ca9c3b 396MiB/0.9GiB(39%)][#32a636 438MiB/3.3GiB(12%)][#04a308 315MiB/3.3GiB(9%)][#733c91 320MiB/3.3GiB(9%)][#3fb81e 349MiB/3.3GiB(10%)](+3)
[DL:3.4MiB][#ca9c3b 397MiB/0.9GiB(39%)][#32a636 438MiB/3.3GiB(12%)][#04a308 315MiB/3.3GiB(9%)][#733c91 320MiB/3.3GiB(9%)][#3fb81e 349MiB/3.3GiB(10%)](+3)
[DL:3.2MiB][#ca9c3b 397MiB/0.9GiB(39%)][#32a636 438MiB/3.3GiB(12%)][#04a308 316MiB/3.3GiB(9%)][#733c91 320MiB/3.3GiB(9%)][#3fb81e 349MiB/3.3GiB(10%)](+3)
[DL:3.2MiB][#ca9c3b 398MiB/0.9GiB(39%)][#32a636 439MiB/3.3GiB(12%)][#04a308 316MiB/3.3GiB(9%)][#733c91 320MiB/3.3GiB(9%)][#3fb81e 350MiB/3.3GiB(10%)](+3)
[DL:3.3MiB][#ca9c3b 398MiB/0.9GiB(39%)][#32a636 439MiB/3.3GiB(12%)][#04a308 317MiB/3.3GiB(9%)][#733c91 321MiB/3.3GiB(9%)][#3fb81e 350MiB/3.3GiB(10%)](+3)
[DL:3.5MiB][#ca9c3b 399MiB/0.9GiB(39%)][#32a636 440MiB/3.3GiB(12%)][#04a308 317MiB/3.3GiB(9%)][#733c91 321MiB/3.3GiB(9%)][#3fb81e 350MiB/3.3GiB(10%)](+3)
[DL:3.5MiB][#ca9c3b 399MiB/0.9GiB(39%)][#32a636 440MiB/3.3GiB(12%)][#04a308 318MiB/3.3GiB(9%)][#733c91 321MiB/3.3GiB(9%)][#3fb81e 351MiB/3.3GiB(10%)](+3)
[DL:3.7MiB][#ca9c3b 400MiB/0.9GiB(39%)][#32a636 441MiB/3.3GiB(12%)][#04a308 318MiB/3.3GiB(9%)][#733c91 322MiB/3.3GiB(9%)][#3fb81e 351MiB/3.3GiB(10%)](+3)
[DL:3.7MiB][#ca9c3b 400MiB/0.9GiB(39%)][#32a636 442MiB/3.3GiB(12%)][#04a308 319MiB/3.3GiB(9%)][#733c91 322MiB/3.3GiB(9%)][#3fb81e 352MiB/3.3GiB(10%)](+3)
[DL:3.8MiB][#ca9c3b 401MiB/0.9GiB(39%)][#32a636 442MiB/3.3GiB(13%)][#04a308 320MiB/3.3GiB(9%)][#733c91 323MiB/3.3GiB(9%)][#3fb81e 352MiB/3.3GiB(10%)](+3)
[DL:3.9MiB][#ca9c3b 402MiB/0.9GiB(39%)][#32a636 443MiB/3.3GiB(13%)][#04a308 320MiB/3.3GiB(9%)][#733c91 324MiB/3.3GiB(9%)][#3fb81e 353MiB/3.3GiB(10%)](+3)
[DL:3.9MiB][#ca9c3b 402MiB/0.9GiB(39%)][#32a636 443MiB/3.3GiB(13%)][#04a308 321MiB/3.3GiB(9%)][#733c91 324MiB/3.3GiB(9%)][#3fb81e 353MiB/3.3GiB(10%)](+3)
[DL:4.1MiB][#ca9c3b 402MiB/0.9GiB(39%)][#32a636 444MiB/3.3GiB(13%)][#04a308 322MiB/3.3GiB(9%)][#733c91 324MiB/3.3GiB(9%)][#3fb81e 354MiB/3.3GiB(10%)](+3)
[DL:4.2MiB][#ca9c3b 403MiB/0.9GiB(39%)][#32a636 444MiB/3.3GiB(13%)][#04a308 322MiB/3.3GiB(9%)][#733c91 325MiB/3.3GiB(9%)][#3fb81e 354MiB/3.3GiB(10%)](+3)
[DL:4.3MiB][#ca9c3b 403MiB/0.9GiB(39%)][#32a636 445MiB/3.3GiB(13%)][#04a308 323MiB/3.3GiB(9%)][#733c91 325MiB/3.3GiB(9%)][#3fb81e 355MiB/3.3GiB(10%)](+3)
[DL:4.4MiB][#ca9c3b 404MiB/0.9GiB(40%)][#32a636 445MiB/3.3GiB(13%)][#04a308 324MiB/3.3GiB(9%)][#733c91 326MiB/3.3GiB(9%)][#3fb81e 355MiB/3.3GiB(10%)](+3)
[DL:4.2MiB][#ca9c3b 404MiB/0.9GiB(40%)][#32a636 446MiB/3.3GiB(13%)][#04a308 325MiB/3.3GiB(9%)][#733c91 326MiB/3.3GiB(9%)][#3fb81e 355MiB/3.3GiB(10%)](+3)
 *** Download Progress Summary as of Fri Aug 14 17:47:12 2026 *** 
===============================================================================
[#ca9c3b 405MiB/0.9GiB(40%) CN:1 DL:502KiB ETA:20m33s]
FILE: /home/user/models/models/deepseek-ai-DeepSeek-V4-Flash-0731/model-00001-of-00048.safetensors
-------------------------------------------------------------------------------
[#32a636 446MiB/3.3GiB(13%) CN:1 DL:513KiB ETA:1h38m15s]
FILE: /home/user/models/models/deepseek-ai-DeepSeek-V4-Flash-0731/model-00002-of-00048.safetensors
-------------------------------------------------------------------------------
[#04a308 326MiB/3.3GiB(9%) CN:1 DL:840KiB ETA:1h2m26s]
FILE: /home/user/models/models/deepseek-ai-DeepSeek-V4-Flash-0731/model-00003-of-00048.safetensors
-------------------------------------------------------------------------------
[#733c91 327MiB/3.3GiB(9%) CN:1 DL:469KiB ETA:1h52m51s]
FILE: /home/user/models/models/deepseek-ai-DeepSeek-V4-Flash-0731/model-00004-of-00048.safetensors
-------------------------------------------------------------------------------
[#3fb81e 356MiB/3.3GiB(10%) CN:1 DL:445KiB ETA:1h56m45s]
FILE: /home/user/models/models/deepseek-ai-DeepSeek-V4-Flash-0731/model-00005-of-00048.safetensors
-------------------------------------------------------------------------------
[#bd6521 462MiB/3.3GiB(13%) CN:1 DL:462KiB ETA:1h49m22s]
FILE: /home/user/models/models/deepseek-ai-DeepSeek-V4-Flash-0731/model-00006-of-00048.safetensors
-------------------------------------------------------------------------------
[#27b7ba 393MiB/3.3GiB(11%) CN:1 DL:528KiB ETA:1h37m17s]
FILE: /home/user/models/models/deepseek-ai-DeepSeek-V4-Flash-0731/model-00007-of-00048.safetensors
-------------------------------------------------------------------------------
[#a52f97 371MiB/3.3GiB(10%) CN:1 DL:577KiB ETA:1h30m9s]
FILE: /home/user/models/models/deepseek-ai-DeepSeek-V4-Flash-0731/model-00008-of-00048.safetensors
-------------------------------------------------------------------------------

[DL:4.2MiB][#ca9c3b 405MiB/0.9GiB(40%)][#32a636 446MiB/3.3GiB(13%)][#04a308 326MiB/3.3GiB(9%)][#733c91 327MiB/3.3GiB(9%)][#3fb81e 356MiB/3.3GiB(10%)](+3)
[DL:4.2MiB][#ca9c3b 405MiB/0.9GiB(40%)][#32a636 447MiB/3.3GiB(13%)][#04a308 328MiB/3.3GiB(9%)][#733c91 327MiB/3.3GiB(9%)][#3fb81e 356MiB/3.3GiB(10%)](+3)
[DL:4.0MiB][#ca9c3b 406MiB/0.9GiB(40%)][#32a636 447MiB/3.3GiB(13%)][#04a308 328MiB/3.3GiB(9%)][#733c91 327MiB/3.3GiB(9%)][#3fb81e 357MiB/3.3GiB(10%)](+3)
[DL:3.9MiB][#ca9c3b 406MiB/0.9GiB(40%)][#32a636 447MiB/3.3GiB(13%)][#04a308 329MiB/3.3GiB(9%)][#733c91 328MiB/3.3GiB(9%)][#3fb81e 357MiB/3.3GiB(10%)](+3)
[DL:4.2MiB][#ca9c3b 406MiB/0.9GiB(40%)][#32a636 448MiB/3.3GiB(13%)][#04a308 330MiB/3.3GiB(9%)][#733c91 328MiB/3.3GiB(9%)][#3fb81e 357MiB/3.3GiB(10%)](+3)
[DL:4.0MiB][#ca9c3b 407MiB/0.9GiB(40%)][#32a636 448MiB/3.3GiB(13%)][#04a308 331MiB/3.3GiB(9%)][#733c91 329MiB/3.3GiB(9%)][#3fb81e 358MiB/3.3GiB(10%)](+3)
[DL:4.0MiB][#ca9c3b 407MiB/0.9GiB(40%)][#32a636 449MiB/3.3GiB(13%)][#04a308 331MiB/3.3GiB(9%)][#733c91 329MiB/3.3GiB(9%)][#3fb81e 358MiB/3.3GiB(10%)](+3)
[DL:4.1MiB][#ca9c3b 408MiB/0.9GiB(40%)][#32a636 450MiB/3.3GiB(13%)][#04a308 332MiB/3.3GiB(9%)][#733c91 330MiB/3.3GiB(9%)][#3fb81e 359MiB/3.3GiB(10%)](+3)
[DL:4.2MiB][#ca9c3b 408MiB/0.9GiB(40%)][#32a636 450MiB/3.3GiB(13%)][#04a308 333MiB/3.3GiB(9%)][#733c91 330MiB/3.3GiB(9%)][#3fb81e 359MiB/3.3GiB(10%)](+3)
[DL:4.1MiB][#ca9c3b 409MiB/0.9GiB(40%)][#32a636 451MiB/3.3GiB(13%)][#04a308 334MiB/3.3GiB(9%)][#733c91 331MiB/3.3GiB(9%)][#3fb81e 359MiB/3.3GiB(10%)](+3)
[DL:4.1MiB][#ca9c3b 409MiB/0.9GiB(40%)][#32a636 451MiB/3.3GiB(13%)][#04a308 334MiB/3.3GiB(9%)][#733c91 332MiB/3.3GiB(9%)][#3fb81e 360MiB/3.3GiB(10%)](+3)
[DL:4.3MiB][#ca9c3b 410MiB/0.9GiB(40%)][#32a636 452MiB/3.3GiB(13%)][#04a308 335MiB/3.3GiB(9%)][#733c91 332MiB/3.3GiB(9%)][#3fb81e 360MiB/3.3GiB(10%)](+3)
[DL:4.4MiB][#ca9c3b 410MiB/0.9GiB(40%)][#32a636 452MiB/3.3GiB(13%)][#04a308 336MiB/3.3GiB(9%)][#733c91 333MiB/3.3GiB(9%)][#3fb81e 361MiB/3.3GiB(10%)](+3)
[DL:4.4MiB][#ca9c3b 411MiB/0.9GiB(40%)][#32a636 453MiB/3.3GiB(13%)][#04a308 337MiB/3.3GiB(9%)][#733c91 333MiB/3.3GiB(9%)][#3fb81e 361MiB/3.3GiB(10%)](+3)
[DL:4.4MiB][#ca9c3b 411MiB/0.9GiB(40%)][#32a636 453MiB/3.3GiB(13%)][#04a308 338MiB/3.3GiB(9%)][#733c91 334MiB/3.3GiB(9%)][#3fb81e 362MiB/3.3GiB(10%)](+3)
[DL:4.3MiB][#ca9c3b 412MiB/0.9GiB(40%)][#32a636 454MiB/3.3GiB(13%)][#04a308 338MiB/3.3GiB(9%)][#733c91 334MiB/3.3GiB(9%)][#3fb81e 362MiB/3.3GiB(10%)](+3)
[DL:4.1MiB][#ca9c3b 412MiB/0.9GiB(40%)][#32a636 454MiB/3.3GiB(13%)][#04a308 339MiB/3.3GiB(9%)][#733c91 335MiB/3.3GiB(9%)][#3fb81e 362MiB/3.3GiB(10%)](+3)
[DL:4.0MiB][#ca9c3b 412MiB/0.9GiB(40%)][#32a636 455MiB/3.3GiB(13%)][#04a308 340MiB/3.3GiB(9%)][#733c91 336MiB/3.3GiB(9%)][#3fb81e 363MiB/3.3GiB(10%)](+3)
[DL:4.1MiB][#ca9c3b 413MiB/0.9GiB(40%)][#32a636 455MiB/3.3GiB(13%)][#04a308 340MiB/3.3GiB(10%)][#733c91 336MiB/3.3GiB(9%)][#3fb81e 363MiB/3.3GiB(10%)](+3)
[DL:4.0MiB][#ca9c3b 413MiB/0.9GiB(40%)][#32a636 456MiB/3.3GiB(13%)][#04a308 341MiB/3.3GiB(10%)][#733c91 337MiB/3.3GiB(9%)][#3fb81e 364MiB/3.3GiB(10%)](+3)
[DL:4.1MiB][#ca9c3b 414MiB/0.9GiB(41%)][#32a636 457MiB/3.3GiB(13%)][#04a308 342MiB/3.3GiB(10%)][#733c91 338MiB/3.3GiB(9%)][#3fb81e 364MiB/3.3GiB(10%)](+3)
[DL:4.0MiB][#ca9c3b 414MiB/0.9GiB(41%)][#32a636 457MiB/3.3GiB(13%)][#04a308 342MiB/3.3GiB(10%)][#733c91 338MiB/3.3GiB(9%)][#3fb81e 365MiB/3.3GiB(10%)](+3)
[DL:3.9MiB][#ca9c3b 415MiB/0.9GiB(41%)][#32a636 458MiB/3.3GiB(13%)][#04a308 343MiB/3.3GiB(10%)][#733c91 338MiB/3.3GiB(9%)][#3fb81e 365MiB/3.3GiB(10%)](+3)
[DL:3.9MiB][#ca9c3b 415MiB/0.9GiB(41%)][#32a636 459MiB/3.3GiB(13%)][#04a308 344MiB/3.3GiB(10%)][#733c91 339MiB/3.3GiB(9%)][#3fb81e 365MiB/3.3GiB(10%)](+3)
[DL:4.1MiB][#ca9c3b 415MiB/0.9GiB(41%)][#32a636 459MiB/3.3GiB(13%)][#04a308 344MiB/3.3GiB(10%)][#733c91 340MiB/3.3GiB(9%)][#3fb81e 366MiB/3.3GiB(10%)](+3)
[DL:4.2MiB][#ca9c3b 416MiB/0.9GiB(41%)][#32a636 461MiB/3.3GiB(13%)][#04a308 345MiB/3.3GiB(10%)][#733c91 341MiB/3.3GiB(9%)][#3fb81e 366MiB/3.3GiB(10%)](+3)
[DL:4.5MiB][#ca9c3b 416MiB/0.9GiB(41%)][#32a636 462MiB/3.3GiB(13%)][#04a308 346MiB/3.3GiB(10%)][#733c91 342MiB/3.3GiB(9%)][#3fb81e 366MiB/3.3GiB(10%)](+3)
[DL:4.5MiB][#ca9c3b 417MiB/0.9GiB(41%)][#32a636 463MiB/3.3GiB(13%)][#04a308 347MiB/3.3GiB(10%)][#733c91 342MiB/3.3GiB(9%)][#3fb81e 366MiB/3.3GiB(10%)](+3)
[DL:4.6MiB][#ca9c3b 417MiB/0.9GiB(41%)][#32a636 464MiB/3.3GiB(13%)][#04a308 347MiB/3.3GiB(10%)][#733c91 343MiB/3.3GiB(10%)][#3fb81e 367MiB/3.3GiB(10%)](+3)
[DL:4.8MiB][#ca9c3b 417MiB/0.9GiB(41%)][#32a636 466MiB/3.3GiB(13%)][#04a308 348MiB/3.3GiB(10%)][#733c91 345MiB/3.3GiB(10%)][#3fb81e 367MiB/3.3GiB(10%)](+3)
[DL:4.8MiB][#ca9c3b 418MiB/0.9GiB(41%)][#32a636 467MiB/3.3GiB(13%)][#04a308 349MiB/3.3GiB(10%)][#733c91 346MiB/3.3GiB(10%)][#3fb81e 367MiB/3.3GiB(10%)](+3)
 *** Download Progress Summary as of Fri Aug 14 17:47:43 2026 *** 
===============================================================================
[#ca9c3b 418MiB/0.9GiB(41%) CN:1 DL:357KiB ETA:28m13s]
FILE: /home/user/models/models/deepseek-ai-DeepSeek-V4-Flash-0731/model-00001-of-00048.safetensors
-------------------------------------------------------------------------------
[#32a636 468MiB/3.3GiB(13%) CN:1 DL:1.1MiB ETA:43m38s]
FILE: /home/user/models/models/deepseek-ai-DeepSeek-V4-Flash-0731/model-00002-of-00048.safetensors
-------------------------------------------------------------------------------
[#04a308 350MiB/3.3GiB(10%) CN:1 DL:767KiB ETA:1h7m51s]
FILE: /home/user/models/models/deepseek-ai-DeepSeek-V4-Flash-0731/model-00003-of-00048.safetensors
-------------------------------------------------------------------------------
[#733c91 347MiB/3.3GiB(10%) CN:1 DL:902KiB ETA:58m15s]
FILE: /home/user/models/models/deepseek-ai-DeepSeek-V4-Flash-0731/model-00004-of-00048.safetensors
-------------------------------------------------------------------------------
[#3fb81e 367MiB/3.3GiB(10%) CN:1 DL:294KiB ETA:2h55m46s]
FILE: /home/user/models/models/deepseek-ai-DeepSeek-V4-Flash-0731/model-00005-of-00048.safetensors
-------------------------------------------------------------------------------
[#bd6521 475MiB/3.3GiB(13%) CN:1 DL:342KiB ETA:2h26m52s]
FILE: /home/user/models/models/deepseek-ai-DeepSeek-V4-Flash-0731/model-00006-of-00048.safetensors
-------------------------------------------------------------------------------
[#27b7ba 409MiB/3.3GiB(12%) CN:1 DL:708KiB ETA:1h12m7s]
FILE: /home/user/models/models/deepseek-ai-DeepSeek-V4-Flash-0731/model-00007-of-00048.safetensors
-------------------------------------------------------------------------------
[#a52f97 388MiB/3.3GiB(11%) CN:1 DL:532KiB ETA:1h37m16s]
FILE: /home/user/models/models/deepseek-ai-DeepSeek-V4-Flash-0731/model-00008-of-00048.safetensors
-------------------------------------------------------------------------------

[DL:5.0MiB][#ca9c3b 418MiB/0.9GiB(41%)][#32a636 468MiB/3.3GiB(13%)][#04a308 350MiB/3.3GiB(10%)][#733c91 347MiB/3.3GiB(10%)][#3fb81e 367MiB/3.3GiB(10%)](+3)
[DL:4.8MiB][#ca9c3b 418MiB/0.9GiB(41%)][#32a636 468MiB/3.3GiB(13%)][#04a308 350MiB/3.3GiB(10%)][#733c91 347MiB/3.3GiB(10%)][#3fb81e 367MiB/3.3GiB(10%)](+3)
[DL:4.9MiB][#ca9c3b 419MiB/0.9GiB(41%)][#32a636 470MiB/3.3GiB(13%)][#04a308 351MiB/3.3GiB(10%)][#733c91 348MiB/3.3GiB(10%)][#3fb81e 368MiB/3.3GiB(10%)](+3)
[DL:4.9MiB][#ca9c3b 419MiB/0.9GiB(41%)][#32a636 471MiB/3.3GiB(13%)][#04a308 352MiB/3.3GiB(10%)][#733c91 349MiB/3.3GiB(10%)][#3fb81e 368MiB/3.3GiB(10%)](+3)
[DL:4.9MiB][#ca9c3b 419MiB/0.9GiB(41%)][#32a636 472MiB/3.3GiB(13%)][#04a308 353MiB/3.3GiB(10%)][#733c91 350MiB/3.3GiB(10%)][#3fb81e 369MiB/3.3GiB(10%)](+3)
[DL:4.7MiB][#ca9c3b 420MiB/0.9GiB(41%)][#32a636 472MiB/3.3GiB(13%)][#04a308 353MiB/3.3GiB(10%)][#733c91 351MiB/3.3GiB(10%)][#3fb81e 369MiB/3.3GiB(10%)](+3)
[DL:4.8MiB][#ca9c3b 420MiB/0.9GiB(41%)][#32a636 474MiB/3.3GiB(13%)][#04a308 354MiB/3.3GiB(10%)][#733c91 352MiB/3.3GiB(10%)][#3fb81e 369MiB/3.3GiB(10%)](+3)
[DL:4.5MiB][#ca9c3b 420MiB/0.9GiB(41%)][#32a636 474MiB/3.3GiB(13%)][#04a308 355MiB/3.3GiB(10%)][#733c91 353MiB/3.3GiB(10%)][#3fb81e 369MiB/3.3GiB(10%)](+3)
[DL:4.4MiB][#ca9c3b 421MiB/0.9GiB(41%)][#32a636 475MiB/3.3GiB(13%)][#04a308 356MiB/3.3GiB(10%)][#733c91 354MiB/3.3GiB(10%)][#3fb81e 370MiB/3.3GiB(10%)](+3)
[DL:4.4MiB][#ca9c3b 421MiB/0.9GiB(41%)][#32a636 476MiB/3.3GiB(14%)][#04a308 357MiB/3.3GiB(10%)][#733c91 354MiB/3.3GiB(10%)][#3fb81e 370MiB/3.3GiB(10%)](+3)
[DL:5.0MiB][#ca9c3b 422MiB/0.9GiB(41%)][#32a636 477MiB/3.3GiB(14%)][#04a308 358MiB/3.3GiB(10%)][#733c91 355MiB/3.3GiB(10%)][#3fb81e 370MiB/3.3GiB(10%)](+3)
[DL:4.8MiB][#ca9c3b 422MiB/0.9GiB(41%)][#32a636 478MiB/3.3GiB(14%)][#04a308 359MiB/3.3GiB(10%)][#733c91 356MiB/3.3GiB(10%)][#3fb81e 371MiB/3.3GiB(10%)](+3)
[DL:4.7MiB][#ca9c3b 423MiB/0.9GiB(41%)][#32a636 479MiB/3.3GiB(14%)][#04a308 359MiB/3.3GiB(10%)][#733c91 357MiB/3.3GiB(10%)][#3fb81e 371MiB/3.3GiB(10%)](+3)
[DL:4.7MiB][#ca9c3b 423MiB/0.9GiB(41%)][#32a636 480MiB/3.3GiB(14%)][#04a308 360MiB/3.3GiB(10%)][#733c91 358MiB/3.3GiB(10%)][#3fb81e 371MiB/3.3GiB(10%)](+3)
[DL:4.8MiB][#ca9c3b 424MiB/0.9GiB(41%)][#32a636 481MiB/3.3GiB(14%)][#04a308 360MiB/3.3GiB(10%)][#733c91 359MiB/3.3GiB(10%)][#3fb81e 372MiB/3.3GiB(10%)](+3)
[DL:4.7MiB][#ca9c3b 424MiB/0.9GiB(42%)][#32a636 482MiB/3.3GiB(14%)][#04a308 361MiB/3.3GiB(10%)][#733c91 360MiB/3.3GiB(10%)][#3fb81e 372MiB/3.3GiB(10%)](+3)
[DL:4.9MiB][#ca9c3b 425MiB/0.9GiB(42%)][#32a636 483MiB/3.3GiB(14%)][#04a308 362MiB/3.3GiB(10%)][#733c91 361MiB/3.3GiB(10%)][#3fb81e 372MiB/3.3GiB(10%)](+3)
[DL:4.9MiB][#ca9c3b 425MiB/0.9GiB(42%)][#32a636 483MiB/3.3GiB(14%)][#04a308 362MiB/3.3GiB(10%)][#733c91 362MiB/3.3GiB(10%)][#3fb81e 373MiB/3.3GiB(10%)](+3)
[DL:4.9MiB][#ca9c3b 425MiB/0.9GiB(42%)][#32a636 484MiB/3.3GiB(14%)][#04a308 363MiB/3.3GiB(10%)][#733c91 362MiB/3.3GiB(10%)][#3fb81e 373MiB/3.3GiB(10%)](+3)
[DL:4.8MiB][#ca9c3b 426MiB/0.9GiB(42%)][#32a636 485MiB/3.3GiB(14%)][#04a308 363MiB/3.3GiB(10%)][#733c91 363MiB/3.3GiB(10%)][#3fb81e 373MiB/3.3GiB(10%)](+3)
[DL:4.7MiB][#ca9c3b 426MiB/0.9GiB(42%)][#32a636 486MiB/3.3GiB(14%)][#04a308 364MiB/3.3GiB(10%)][#733c91 364MiB/3.3GiB(10%)][#3fb81e 374MiB/3.3GiB(10%)](+3)
[DL:4.6MiB][#ca9c3b 427MiB/0.9GiB(42%)][#32a636 487MiB/3.3GiB(14%)][#04a308 365MiB/3.3GiB(10%)][#733c91 365MiB/3.3GiB(10%)][#3fb81e 374MiB/3.3GiB(11%)](+3)
[DL:4.6MiB][#ca9c3b 427MiB/0.9GiB(42%)][#32a636 488MiB/3.3GiB(14%)][#04a308 365MiB/3.3GiB(10%)][#733c91 366MiB/3.3GiB(10%)][#3fb81e 374MiB/3.3GiB(11%)](+3)
[DL:4.4MiB][#ca9c3b 427MiB/0.9GiB(42%)][#32a636 488MiB/3.3GiB(14%)][#04a308 366MiB/3.3GiB(10%)][#733c91 366MiB/3.3GiB(10%)][#3fb81e 375MiB/3.3GiB(11%)](+3)
[DL:4.3MiB][#ca9c3b 428MiB/0.9GiB(42%)][#32a636 489MiB/3.3GiB(14%)][#04a308 366MiB/3.3GiB(10%)][#733c91 367MiB/3.3GiB(10%)][#3fb81e 375MiB/3.3GiB(11%)](+3)
[DL:4.2MiB][#ca9c3b 428MiB/0.9GiB(42%)][#32a636 490MiB/3.3GiB(14%)][#04a308 367MiB/3.3GiB(10%)][#733c91 367MiB/3.3GiB(10%)][#3fb81e 375MiB/3.3GiB(11%)](+3)
[DL:4.3MiB][#ca9c3b 429MiB/0.9GiB(42%)][#32a636 490MiB/3.3GiB(14%)][#04a308 368MiB/3.3GiB(10%)][#733c91 368MiB/3.3GiB(10%)][#3fb81e 376MiB/3.3GiB(11%)](+3)
[DL:4.4MiB][#ca9c3b 429MiB/0.9GiB(42%)][#32a636 491MiB/3.3GiB(14%)][#04a308 368MiB/3.3GiB(10%)][#733c91 369MiB/3.3GiB(10%)][#3fb81e 376MiB/3.3GiB(11%)](+3)
[DL:4.4MiB][#ca9c3b 430MiB/0.9GiB(42%)][#32a636 492MiB/3.3GiB(14%)][#04a308 369MiB/3.3GiB(10%)][#733c91 370MiB/3.3GiB(10%)][#3fb81e 377MiB/3.3GiB(11%)](+3)
[DL:4.4MiB][#ca9c3b 430MiB/0.9GiB(42%)][#32a636 493MiB/3.3GiB(14%)][#04a308 369MiB/3.3GiB(10%)][#733c91 370MiB/3.3GiB(10%)][#3fb81e 377MiB/3.3GiB(11%)](+3)
 *** Download Progress Summary as of Fri Aug 14 17:48:13 2026 *** 
===============================================================================
[#ca9c3b 430MiB/0.9GiB(42%) CN:1 DL:408KiB ETA:24m12s]
FILE: /home/user/models/models/deepseek-ai-DeepSeek-V4-Flash-0731/model-00001-of-00048.safetensors
-------------------------------------------------------------------------------
[#32a636 493MiB/3.3GiB(14%) CN:1 DL:779KiB ETA:1h3m41s]
FILE: /home/user/models/models/deepseek-ai-DeepSeek-V4-Flash-0731/model-00002-of-00048.safetensors
-------------------------------------------------------------------------------
[#04a308 370MiB/3.3GiB(10%) CN:1 DL:563KiB ETA:1h31m47s]
FILE: /home/user/models/models/deepseek-ai-DeepSeek-V4-Flash-0731/model-00003-of-00048.safetensors
-------------------------------------------------------------------------------
[#733c91 371MiB/3.3GiB(10%) CN:1 DL:658KiB ETA:1h19m15s]
FILE: /home/user/models/models/deepseek-ai-DeepSeek-V4-Flash-0731/model-00004-of-00048.safetensors
-------------------------------------------------------------------------------
[#3fb81e 378MiB/3.3GiB(11%) CN:1 DL:397KiB ETA:2h9m49s]
FILE: /home/user/models/models/deepseek-ai-DeepSeek-V4-Flash-0731/model-00005-of-00048.safetensors
-------------------------------------------------------------------------------
[#bd6521 486MiB/3.3GiB(14%) CN:1 DL:350KiB ETA:2h23m13s]
FILE: /home/user/models/models/deepseek-ai-DeepSeek-V4-Flash-0731/model-00006-of-00048.safetensors
-------------------------------------------------------------------------------
[#27b7ba 426MiB/3.3GiB(12%) CN:1 DL:574KiB ETA:1h28m24s]
FILE: /home/user/models/models/deepseek-ai-DeepSeek-V4-Flash-0731/model-00007-of-00048.safetensors
-------------------------------------------------------------------------------
[#a52f97 404MiB/3.3GiB(11%) CN:1 DL:613KiB ETA:1h23m56s]
FILE: /home/user/models/models/deepseek-ai-DeepSeek-V4-Flash-0731/model-00008-of-00048.safetensors
-------------------------------------------------------------------------------

[DL:4.2MiB][#ca9c3b 430MiB/0.9GiB(42%)][#32a636 493MiB/3.3GiB(14%)][#04a308 370MiB/3.3GiB(10%)][#733c91 371MiB/3.3GiB(10%)][#3fb81e 378MiB/3.3GiB(11%)](+3)
[DL:4.2MiB][#ca9c3b 431MiB/0.9GiB(42%)][#32a636 494MiB/3.3GiB(14%)][#04a308 370MiB/3.3GiB(10%)][#733c91 372MiB/3.3GiB(10%)][#3fb81e 378MiB/3.3GiB(11%)](+3)
[DL:4.4MiB][#ca9c3b 431MiB/0.9GiB(42%)][#32a636 495MiB/3.3GiB(14%)][#04a308 371MiB/3.3GiB(10%)][#733c91 373MiB/3.3GiB(10%)][#3fb81e 379MiB/3.3GiB(11%)](+3)
[DL:4.5MiB][#ca9c3b 432MiB/0.9GiB(42%)][#32a636 496MiB/3.3GiB(14%)][#04a308 371MiB/3.3GiB(10%)][#733c91 373MiB/3.3GiB(10%)][#3fb81e 379MiB/3.3GiB(11%)](+3)
[DL:4.5MiB][#ca9c3b 432MiB/0.9GiB(42%)][#32a636 496MiB/3.3GiB(14%)][#04a308 372MiB/3.3GiB(10%)][#733c91 374MiB/3.3GiB(10%)][#3fb81e 379MiB/3.3GiB(11%)](+3)
[DL:4.4MiB][#ca9c3b 432MiB/0.9GiB(42%)][#32a636 497MiB/3.3GiB(14%)][#04a308 372MiB/3.3GiB(10%)][#733c91 374MiB/3.3GiB(10%)][#3fb81e 380MiB/3.3GiB(11%)](+3)
[DL:4.4MiB][#ca9c3b 433MiB/0.9GiB(42%)][#32a636 498MiB/3.3GiB(14%)][#04a308 373MiB/3.3GiB(10%)][#733c91 375MiB/3.3GiB(10%)][#3fb81e 380MiB/3.3GiB(11%)](+3)
[DL:4.3MiB][#ca9c3b 433MiB/0.9GiB(42%)][#32a636 499MiB/3.3GiB(14%)][#04a308 373MiB/3.3GiB(10%)][#733c91 376MiB/3.3GiB(10%)][#3fb81e 381MiB/3.3GiB(11%)](+3)
[DL:4.4MiB][#ca9c3b 434MiB/0.9GiB(43%)][#32a636 499MiB/3.3GiB(14%)][#04a308 374MiB/3.3GiB(11%)][#733c91 376MiB/3.3GiB(10%)][#3fb81e 381MiB/3.3GiB(11%)](+3)
[DL:4.3MiB][#ca9c3b 434MiB/0.9GiB(43%)][#32a636 500MiB/3.3GiB(14%)][#04a308 374MiB/3.3GiB(11%)][#733c91 377MiB/3.3GiB(11%)][#3fb81e 382MiB/3.3GiB(11%)](+3)
[DL:4.4MiB][#ca9c3b 435MiB/0.9GiB(43%)][#32a636 501MiB/3.3GiB(14%)][#04a308 375MiB/3.3GiB(11%)][#733c91 378MiB/3.3GiB(11%)][#3fb81e 382MiB/3.3GiB(11%)](+3)
[DL:4.4MiB][#ca9c3b 435MiB/0.9GiB(43%)][#32a636 502MiB/3.3GiB(14%)][#04a308 375MiB/3.3GiB(11%)][#733c91 378MiB/3.3GiB(11%)][#3fb81e 383MiB/3.3GiB(11%)](+3)
[DL:4.2MiB][#ca9c3b 436MiB/0.9GiB(43%)][#32a636 502MiB/3.3GiB(14%)][#04a308 376MiB/3.3GiB(11%)][#733c91 379MiB/3.3GiB(11%)][#3fb81e 383MiB/3.3GiB(11%)](+3)
[DL:4.2MiB][#ca9c3b 436MiB/0.9GiB(43%)][#32a636 503MiB/3.3GiB(14%)][#04a308 376MiB/3.3GiB(11%)][#733c91 379MiB/3.3GiB(11%)][#3fb81e 383MiB/3.3GiB(11%)](+3)
[DL:4.3MiB][#ca9c3b 437MiB/0.9GiB(43%)][#32a636 504MiB/3.3GiB(14%)][#04a308 377MiB/3.3GiB(11%)][#733c91 380MiB/3.3GiB(11%)][#3fb81e 384MiB/3.3GiB(11%)](+3)
[DL:4.1MiB][#ca9c3b 437MiB/0.9GiB(43%)][#32a636 504MiB/3.3GiB(14%)][#04a308 377MiB/3.3GiB(11%)][#733c91 381MiB/3.3GiB(11%)][#3fb81e 384MiB/3.3GiB(11%)](+3)
[DL:4.1MiB][#ca9c3b 437MiB/0.9GiB(43%)][#32a636 505MiB/3.3GiB(14%)][#04a308 377MiB/3.3GiB(11%)][#733c91 381MiB/3.3GiB(11%)][#3fb81e 385MiB/3.3GiB(11%)](+3)
[DL:4.0MiB][#ca9c3b 438MiB/0.9GiB(43%)][#32a636 506MiB/3.3GiB(14%)][#04a308 378MiB/3.3GiB(11%)][#733c91 382MiB/3.3GiB(11%)][#3fb81e 385MiB/3.3GiB(11%)](+3)
[DL:3.9MiB][#ca9c3b 438MiB/0.9GiB(43%)][#32a636 507MiB/3.3GiB(14%)][#04a308 378MiB/3.3GiB(11%)][#733c91 382MiB/3.3GiB(11%)][#3fb81e 385MiB/3.3GiB(11%)](+3)
[DL:3.8MiB][#ca9c3b 439MiB/0.9GiB(43%)][#32a636 507MiB/3.3GiB(14%)][#04a308 379MiB/3.3GiB(11%)][#733c91 383MiB/3.3GiB(11%)][#3fb81e 386MiB/3.3GiB(11%)](+3)
[DL:3.9MiB][#ca9c3b 439MiB/0.9GiB(43%)][#32a636 508MiB/3.3GiB(14%)][#04a308 379MiB/3.3GiB(11%)][#733c91 383MiB/3.3GiB(11%)][#3fb81e 386MiB/3.3GiB(11%)](+3)
[DL:4.0MiB][#ca9c3b 440MiB/0.9GiB(43%)][#32a636 509MiB/3.3GiB(14%)][#04a308 380MiB/3.3GiB(11%)][#733c91 384MiB/3.3GiB(11%)][#3fb81e 387MiB/3.3GiB(11%)](+3)
[DL:4.1MiB][#ca9c3b 440MiB/0.9GiB(43%)][#32a636 510MiB/3.3GiB(15%)][#04a308 381MiB/3.3GiB(11%)][#733c91 385MiB/3.3GiB(11%)][#3fb81e 387MiB/3.3GiB(11%)](+3)
[DL:4.1MiB][#ca9c3b 441MiB/0.9GiB(43%)][#32a636 511MiB/3.3GiB(15%)][#04a308 381MiB/3.3GiB(11%)][#733c91 385MiB/3.3GiB(11%)][#3fb81e 388MiB/3.3GiB(11%)](+3)
[DL:4.3MiB][#ca9c3b 441MiB/0.9GiB(43%)][#32a636 512MiB/3.3GiB(15%)][#04a308 382MiB/3.3GiB(11%)][#733c91 386MiB/3.3GiB(11%)][#3fb81e 388MiB/3.3GiB(11%)](+3)
[DL:4.5MiB][#ca9c3b 442MiB/0.9GiB(43%)][#32a636 512MiB/3.3GiB(15%)][#04a308 383MiB/3.3GiB(11%)][#733c91 387MiB/3.3GiB(11%)][#3fb81e 389MiB/3.3GiB(11%)](+3)
[DL:4.7MiB][#ca9c3b 442MiB/0.9GiB(43%)][#32a636 513MiB/3.3GiB(15%)][#04a308 383MiB/3.3GiB(11%)][#733c91 388MiB/3.3GiB(11%)][#3fb81e 389MiB/3.3GiB(11%)](+3)
[DL:4.7MiB][#ca9c3b 443MiB/0.9GiB(43%)][#32a636 514MiB/3.3GiB(15%)][#04a308 384MiB/3.3GiB(11%)][#733c91 389MiB/3.3GiB(11%)][#3fb81e 390MiB/3.3GiB(11%)](+3)
[DL:5.1MiB][#ca9c3b 444MiB/0.9GiB(43%)][#32a636 515MiB/3.3GiB(15%)][#04a308 385MiB/3.3GiB(11%)][#733c91 389MiB/3.3GiB(11%)][#3fb81e 390MiB/3.3GiB(11%)](+3)
[DL:5.0MiB][#ca9c3b 444MiB/0.9GiB(44%)][#32a636 515MiB/3.3GiB(15%)][#04a308 385MiB/3.3GiB(11%)][#733c91 390MiB/3.3GiB(11%)][#3fb81e 391MiB/3.3GiB(11%)](+3)
[DL:5.0MiB][#ca9c3b 445MiB/0.9GiB(44%)][#32a636 516MiB/3.3GiB(15%)][#04a308 386MiB/3.3GiB(11%)][#733c91 391MiB/3.3GiB(11%)][#3fb81e 391MiB/3.3GiB(11%)](+3)
 *** Download Progress Summary as of Fri Aug 14 17:48:44 2026 *** 
===============================================================================
[#ca9c3b 445MiB/0.9GiB(44%) CN:1 DL:599KiB ETA:16m3s]
FILE: /home/user/models/models/deepseek-ai-DeepSeek-V4-Flash-0731/model-00001-of-00048.safetensors
-------------------------------------------------------------------------------
[#32a636 517MiB/3.3GiB(15%) CN:1 DL:827KiB ETA:59m27s]
FILE: /home/user/models/models/deepseek-ai-DeepSeek-V4-Flash-0731/model-00002-of-00048.safetensors
-------------------------------------------------------------------------------
[#04a308 387MiB/3.3GiB(11%) CN:1 DL:694KiB ETA:1h14m7s]
FILE: /home/user/models/models/deepseek-ai-DeepSeek-V4-Flash-0731/model-00003-of-00048.safetensors
-------------------------------------------------------------------------------
[#733c91 391MiB/3.3GiB(11%) CN:1 DL:748KiB ETA:1h9m13s]
FILE: /home/user/models/models/deepseek-ai-DeepSeek-V4-Flash-0731/model-00004-of-00048.safetensors
-------------------------------------------------------------------------------
[#3fb81e 392MiB/3.3GiB(11%) CN:1 DL:549KiB ETA:1h33m33s]
FILE: /home/user/models/models/deepseek-ai-DeepSeek-V4-Flash-0731/model-00005-of-00048.safetensors
-------------------------------------------------------------------------------
[#bd6521 498MiB/3.3GiB(14%) CN:1 DL:458KiB ETA:1h48m51s]
FILE: /home/user/models/models/deepseek-ai-DeepSeek-V4-Flash-0731/model-00006-of-00048.safetensors
-------------------------------------------------------------------------------
[#27b7ba 441MiB/3.3GiB(12%) CN:1 DL:480KiB ETA:1h45m11s]
FILE: /home/user/models/models/deepseek-ai-DeepSeek-V4-Flash-0731/model-00007-of-00048.safetensors
-------------------------------------------------------------------------------
[#a52f97 426MiB/3.3GiB(12%) CN:1 DL:808KiB ETA:1h3m16s]
FILE: /home/user/models/models/deepseek-ai-DeepSeek-V4-Flash-0731/model-00008-of-00048.safetensors
-------------------------------------------------------------------------------

[DL:5.0MiB][#ca9c3b 445MiB/0.9GiB(44%)][#32a636 517MiB/3.3GiB(15%)][#04a308 387MiB/3.3GiB(11%)][#733c91 391MiB/3.3GiB(11%)][#3fb81e 392MiB/3.3GiB(11%)](+3)
[DL:5.1MiB][#ca9c3b 446MiB/0.9GiB(44%)][#32a636 518MiB/3.3GiB(15%)][#04a308 387MiB/3.3GiB(11%)][#733c91 392MiB/3.3GiB(11%)][#3fb81e 393MiB/3.3GiB(11%)](+3)
[DL:5.0MiB][#ca9c3b 447MiB/0.9GiB(44%)][#32a636 519MiB/3.3GiB(15%)][#04a308 388MiB/3.3GiB(11%)][#733c91 393MiB/3.3GiB(11%)][#3fb81e 393MiB/3.3GiB(11%)](+3)
[DL:5.1MiB][#ca9c3b 448MiB/0.9GiB(44%)][#32a636 519MiB/3.3GiB(15%)][#04a308 389MiB/3.3GiB(11%)][#733c91 393MiB/3.3GiB(11%)][#3fb81e 394MiB/3.3GiB(11%)](+3)
[DL:5.1MiB][#ca9c3b 448MiB/0.9GiB(44%)][#32a636 520MiB/3.3GiB(15%)][#04a308 389MiB/3.3GiB(11%)][#733c91 394MiB/3.3GiB(11%)][#3fb81e 394MiB/3.3GiB(11%)](+3)
[DL:5.0MiB][#ca9c3b 449MiB/0.9GiB(44%)][#32a636 521MiB/3.3GiB(15%)][#04a308 390MiB/3.3GiB(11%)][#733c91 395MiB/3.3GiB(11%)][#3fb81e 395MiB/3.3GiB(11%)](+3)
[DL:4.9MiB][#ca9c3b 449MiB/0.9GiB(44%)][#32a636 522MiB/3.3GiB(15%)][#04a308 390MiB/3.3GiB(11%)][#733c91 395MiB/3.3GiB(11%)][#3fb81e 395MiB/3.3GiB(11%)](+3)
[DL:4.8MiB][#ca9c3b 450MiB/0.9GiB(44%)][#32a636 522MiB/3.3GiB(15%)][#04a308 391MiB/3.3GiB(11%)][#733c91 396MiB/3.3GiB(11%)][#3fb81e 396MiB/3.3GiB(11%)](+3)
[DL:4.8MiB][#ca9c3b 451MiB/0.9GiB(44%)][#32a636 523MiB/3.3GiB(15%)][#04a308 392MiB/3.3GiB(11%)][#733c91 396MiB/3.3GiB(11%)][#3fb81e 396MiB/3.3GiB(11%)](+3)
[DL:4.8MiB][#ca9c3b 451MiB/0.9GiB(44%)][#32a636 524MiB/3.3GiB(15%)][#04a308 392MiB/3.3GiB(11%)][#733c91 397MiB/3.3GiB(11%)][#3fb81e 397MiB/3.3GiB(11%)](+3)
[DL:4.6MiB][#ca9c3b 452MiB/0.9GiB(44%)][#32a636 525MiB/3.3GiB(15%)][#04a308 393MiB/3.3GiB(11%)][#733c91 397MiB/3.3GiB(11%)][#3fb81e 397MiB/3.3GiB(11%)](+3)

Download Results:
gid   |stat|avg speed  |path/URI
======+====+===========+=======================================================
e11a0d|OK  |   7.5KiB/s|/home/user/models/models/deepseek-ai-DeepSeek-V4-Flash-0731/generation_config.json
fc1c35|OK  |    87KiB/s|/home/user/models/models/deepseek-ai-DeepSeek-V4-Flash-0731/config.json
ca9c3b|INPR|   485KiB/s|/home/user/models/models/deepseek-ai-DeepSeek-V4-Flash-0731/model-00001-of-00048.safetensors
32a636|INPR|   563KiB/s|/home/user/models/models/deepseek-ai-DeepSeek-V4-Flash-0731/model-00002-of-00048.safetensors
04a308|INPR|   422KiB/s|/home/user/models/models/deepseek-ai-DeepSeek-V4-Flash-0731/model-00003-of-00048.safetensors
733c91|INPR|   427KiB/s|/home/user/models/models/deepseek-ai-DeepSeek-V4-Flash-0731/model-00004-of-00048.safetensors
3fb81e|INPR|   426KiB/s|/home/user/models/models/deepseek-ai-DeepSeek-V4-Flash-0731/model-00005-of-00048.safetensors
bd6521|INPR|   539KiB/s|/home/user/models/models/deepseek-ai-DeepSeek-V4-Flash-0731/model-00006-of-00048.safetensors
27b7ba|INPR|   479KiB/s|/home/user/models/models/deepseek-ai-DeepSeek-V4-Flash-0731/model-00007-of-00048.safetensors
a52f97|INPR|   466KiB/s|/home/user/models/models/deepseek-ai-DeepSeek-V4-Flash-0731/model-00008-of-00048.safetensors

Status Legend:
(OK):download completed.(INPR):download in-progress.

aria2 will resume download if the transfer is restarted.
If there are any errors, then see the log file. See '-l' option in help/man page for details.
