#0 building with "default" instance using docker driver

#1 [internal] load build definition from Dockerfile.devel
#1 transferring dockerfile: 1.14kB done
#1 DONE 0.1s

#2 [internal] load metadata for docker.io/nvidia/cuda:13.0.2-cudnn-devel-ubuntu24.04
#2 DONE 1.4s

#3 [internal] load .dockerignore
#3 transferring context: 63B done
#3 DONE 0.1s

#4 [internal] load build context
#4 DONE 0.0s

#5 [1/8] FROM docker.io/nvidia/cuda:13.0.2-cudnn-devel-ubuntu24.04@sha256:e071e85c52ad91fc9ea24158ff5330876b2d1a5c4ac83ccc6066976835873c01
#5 resolve docker.io/nvidia/cuda:13.0.2-cudnn-devel-ubuntu24.04@sha256:e071e85c52ad91fc9ea24158ff5330876b2d1a5c4ac83ccc6066976835873c01 0.0s done
#5 sha256:7bd95eaa7d4eec95bba504c09dca0ec7aa4efdfa71426d440a8c901245da2a4f 0B / 351.57MB 0.2s
#5 sha256:745af416e3a99ad467c0ea32d30e7a79fed18e0b1cd6286f6fd4b05788becadf 0B / 89.77kB 0.2s
#5 sha256:e987ca3078c362c923f1069eb0292c844e3d73320bf103b0ea0c62d93897d2ac 0B / 2.32GB 0.2s
#5 sha256:b04c4b3cf9a5fb095cb81ca94ef4a3051739069c1edb0f9c4018a2e683705979 0B / 1.52kB 0.2s
#5 sha256:b04c4b3cf9a5fb095cb81ca94ef4a3051739069c1edb0f9c4018a2e683705979 1.52kB / 1.52kB 0.3s
#5 ...

#4 [internal] load build context
#4 transferring context: 103.27MB 0.8s done
#4 DONE 0.9s

#5 [1/8] FROM docker.io/nvidia/cuda:13.0.2-cudnn-devel-ubuntu24.04@sha256:e071e85c52ad91fc9ea24158ff5330876b2d1a5c4ac83ccc6066976835873c01
#5 sha256:745af416e3a99ad467c0ea32d30e7a79fed18e0b1cd6286f6fd4b05788becadf 89.77kB / 89.77kB 0.3s done
#5 sha256:b04c4b3cf9a5fb095cb81ca94ef4a3051739069c1edb0f9c4018a2e683705979 1.52kB / 1.52kB 0.3s done
#5 sha256:aead5daed6c7318ad6cb916cc2ac9338f31bbce34b36868d6175ccaca552e5e5 0B / 1.69kB 0.2s
#5 sha256:e90f006789bd0a58169918e92fbf2821eef8ca8e13ba7b172adb0a160cbf6617 0B / 59.65kB 0.2s
#5 sha256:aead5daed6c7318ad6cb916cc2ac9338f31bbce34b36868d6175ccaca552e5e5 1.69kB / 1.69kB 0.3s done
#5 sha256:e90f006789bd0a58169918e92fbf2821eef8ca8e13ba7b172adb0a160cbf6617 59.65kB / 59.65kB 0.3s done
#5 sha256:271a891396ce7b0bf9643364eac9a31a1635b978780c5bffb060dc79a610cfed 0B / 1.51GB 0.2s
#5 sha256:526d5438c009ab7178af1646fed10ff6f47a73f5a1ae7b9f49e63e4ade7e3ae6 6.89kB / 6.89kB 0.2s done
#5 sha256:70f87b6ed43e1cbbe67ce74c7877fb771bf352b25d602a82ee4f840f2e265155 0B / 182B 0.2s
#5 sha256:70f87b6ed43e1cbbe67ce74c7877fb771bf352b25d602a82ee4f840f2e265155 182B / 182B 0.5s
#5 sha256:70f87b6ed43e1cbbe67ce74c7877fb771bf352b25d602a82ee4f840f2e265155 182B / 182B 0.5s done
#5 sha256:0b3b5bd928240da4156c41fcfb400c1f4f8674acd2faee0413ab5a032dfb5f76 0B / 105.17MB 0.2s
#5 sha256:7bd95eaa7d4eec95bba504c09dca0ec7aa4efdfa71426d440a8c901245da2a4f 16.78MB / 351.57MB 5.3s
#5 sha256:e987ca3078c362c923f1069eb0292c844e3d73320bf103b0ea0c62d93897d2ac 4.19MB / 2.32GB 5.3s
#5 sha256:271a891396ce7b0bf9643364eac9a31a1635b978780c5bffb060dc79a610cfed 4.19MB / 1.51GB 5.3s
#5 sha256:0b3b5bd928240da4156c41fcfb400c1f4f8674acd2faee0413ab5a032dfb5f76 1.05MB / 105.17MB 5.3s
#5 sha256:7bd95eaa7d4eec95bba504c09dca0ec7aa4efdfa71426d440a8c901245da2a4f 31.46MB / 351.57MB 10.4s
#5 sha256:e987ca3078c362c923f1069eb0292c844e3d73320bf103b0ea0c62d93897d2ac 11.53MB / 2.32GB 10.4s
#5 sha256:271a891396ce7b0bf9643364eac9a31a1635b978780c5bffb060dc79a610cfed 10.49MB / 1.51GB 10.4s
#5 sha256:0b3b5bd928240da4156c41fcfb400c1f4f8674acd2faee0413ab5a032dfb5f76 2.10MB / 105.17MB 10.4s
#5 sha256:7bd95eaa7d4eec95bba504c09dca0ec7aa4efdfa71426d440a8c901245da2a4f 42.99MB / 351.57MB 15.5s
#5 sha256:e987ca3078c362c923f1069eb0292c844e3d73320bf103b0ea0c62d93897d2ac 18.87MB / 2.32GB 15.5s
#5 sha256:271a891396ce7b0bf9643364eac9a31a1635b978780c5bffb060dc79a610cfed 15.73MB / 1.51GB 15.5s
#5 sha256:0b3b5bd928240da4156c41fcfb400c1f4f8674acd2faee0413ab5a032dfb5f76 4.19MB / 105.17MB 15.5s
#5 sha256:7bd95eaa7d4eec95bba504c09dca0ec7aa4efdfa71426d440a8c901245da2a4f 51.38MB / 351.57MB 20.6s
#5 sha256:e987ca3078c362c923f1069eb0292c844e3d73320bf103b0ea0c62d93897d2ac 27.26MB / 2.32GB 20.6s
#5 sha256:271a891396ce7b0bf9643364eac9a31a1635b978780c5bffb060dc79a610cfed 19.92MB / 1.51GB 20.6s
#5 sha256:0b3b5bd928240da4156c41fcfb400c1f4f8674acd2faee0413ab5a032dfb5f76 6.29MB / 105.17MB 20.6s
#5 sha256:7bd95eaa7d4eec95bba504c09dca0ec7aa4efdfa71426d440a8c901245da2a4f 58.72MB / 351.57MB 25.7s
#5 sha256:e987ca3078c362c923f1069eb0292c844e3d73320bf103b0ea0c62d93897d2ac 34.60MB / 2.32GB 25.7s
#5 sha256:271a891396ce7b0bf9643364eac9a31a1635b978780c5bffb060dc79a610cfed 23.07MB / 1.51GB 25.7s
#5 sha256:0b3b5bd928240da4156c41fcfb400c1f4f8674acd2faee0413ab5a032dfb5f76 9.44MB / 105.17MB 25.7s
#5 sha256:7bd95eaa7d4eec95bba504c09dca0ec7aa4efdfa71426d440a8c901245da2a4f 68.16MB / 351.57MB 30.8s
#5 sha256:e987ca3078c362c923f1069eb0292c844e3d73320bf103b0ea0c62d93897d2ac 45.09MB / 2.32GB 30.8s
#5 sha256:271a891396ce7b0bf9643364eac9a31a1635b978780c5bffb060dc79a610cfed 26.21MB / 1.51GB 30.8s
#5 sha256:0b3b5bd928240da4156c41fcfb400c1f4f8674acd2faee0413ab5a032dfb5f76 11.53MB / 105.17MB 30.8s
#5 sha256:7bd95eaa7d4eec95bba504c09dca0ec7aa4efdfa71426d440a8c901245da2a4f 75.50MB / 351.57MB 35.9s
#5 sha256:e987ca3078c362c923f1069eb0292c844e3d73320bf103b0ea0c62d93897d2ac 52.43MB / 2.32GB 35.9s
#5 sha256:271a891396ce7b0bf9643364eac9a31a1635b978780c5bffb060dc79a610cfed 29.36MB / 1.51GB 35.9s
#5 sha256:0b3b5bd928240da4156c41fcfb400c1f4f8674acd2faee0413ab5a032dfb5f76 13.63MB / 105.17MB 35.9s
#5 sha256:7bd95eaa7d4eec95bba504c09dca0ec7aa4efdfa71426d440a8c901245da2a4f 82.84MB / 351.57MB 41.0s
#5 sha256:e987ca3078c362c923f1069eb0292c844e3d73320bf103b0ea0c62d93897d2ac 59.77MB / 2.32GB 41.0s
#5 sha256:271a891396ce7b0bf9643364eac9a31a1635b978780c5bffb060dc79a610cfed 31.46MB / 1.51GB 41.0s
#5 sha256:0b3b5bd928240da4156c41fcfb400c1f4f8674acd2faee0413ab5a032dfb5f76 15.73MB / 105.17MB 41.0s
#5 sha256:7bd95eaa7d4eec95bba504c09dca0ec7aa4efdfa71426d440a8c901245da2a4f 87.03MB / 351.57MB 46.1s
#5 sha256:e987ca3078c362c923f1069eb0292c844e3d73320bf103b0ea0c62d93897d2ac 63.96MB / 2.32GB 46.1s
#5 sha256:271a891396ce7b0bf9643364eac9a31a1635b978780c5bffb060dc79a610cfed 33.55MB / 1.51GB 46.1s
#5 sha256:0b3b5bd928240da4156c41fcfb400c1f4f8674acd2faee0413ab5a032dfb5f76 16.78MB / 105.17MB 46.1s
#5 sha256:7bd95eaa7d4eec95bba504c09dca0ec7aa4efdfa71426d440a8c901245da2a4f 90.18MB / 351.57MB 51.2s
#5 sha256:e987ca3078c362c923f1069eb0292c844e3d73320bf103b0ea0c62d93897d2ac 67.11MB / 2.32GB 51.2s
#5 sha256:271a891396ce7b0bf9643364eac9a31a1635b978780c5bffb060dc79a610cfed 34.60MB / 1.51GB 51.2s
#5 sha256:0b3b5bd928240da4156c41fcfb400c1f4f8674acd2faee0413ab5a032dfb5f76 18.87MB / 105.17MB 51.2s
#5 sha256:7bd95eaa7d4eec95bba504c09dca0ec7aa4efdfa71426d440a8c901245da2a4f 93.32MB / 351.57MB 56.3s
#5 sha256:e987ca3078c362c923f1069eb0292c844e3d73320bf103b0ea0c62d93897d2ac 70.25MB / 2.32GB 56.3s
#5 sha256:271a891396ce7b0bf9643364eac9a31a1635b978780c5bffb060dc79a610cfed 35.65MB / 1.51GB 56.3s
#5 sha256:0b3b5bd928240da4156c41fcfb400c1f4f8674acd2faee0413ab5a032dfb5f76 19.92MB / 105.17MB 56.3s
#5 sha256:7bd95eaa7d4eec95bba504c09dca0ec7aa4efdfa71426d440a8c901245da2a4f 96.47MB / 351.57MB 61.4s
#5 sha256:e987ca3078c362c923f1069eb0292c844e3d73320bf103b0ea0c62d93897d2ac 72.35MB / 2.32GB 61.4s
#5 sha256:271a891396ce7b0bf9643364eac9a31a1635b978780c5bffb060dc79a610cfed 37.75MB / 1.51GB 61.4s
#5 sha256:0b3b5bd928240da4156c41fcfb400c1f4f8674acd2faee0413ab5a032dfb5f76 20.97MB / 105.17MB 61.4s
#5 sha256:7bd95eaa7d4eec95bba504c09dca0ec7aa4efdfa71426d440a8c901245da2a4f 99.61MB / 351.57MB 66.5s
#5 sha256:e987ca3078c362c923f1069eb0292c844e3d73320bf103b0ea0c62d93897d2ac 74.45MB / 2.32GB 66.5s
#5 sha256:271a891396ce7b0bf9643364eac9a31a1635b978780c5bffb060dc79a610cfed 40.89MB / 1.51GB 66.5s
#5 sha256:0b3b5bd928240da4156c41fcfb400c1f4f8674acd2faee0413ab5a032dfb5f76 23.07MB / 105.17MB 66.5s
#5 sha256:7bd95eaa7d4eec95bba504c09dca0ec7aa4efdfa71426d440a8c901245da2a4f 101.71MB / 351.57MB 71.6s
#5 sha256:e987ca3078c362c923f1069eb0292c844e3d73320bf103b0ea0c62d93897d2ac 76.55MB / 2.32GB 71.6s
#5 sha256:271a891396ce7b0bf9643364eac9a31a1635b978780c5bffb060dc79a610cfed 41.94MB / 1.51GB 71.6s
#5 sha256:0b3b5bd928240da4156c41fcfb400c1f4f8674acd2faee0413ab5a032dfb5f76 24.12MB / 105.17MB 71.6s
#5 sha256:7bd95eaa7d4eec95bba504c09dca0ec7aa4efdfa71426d440a8c901245da2a4f 103.81MB / 351.57MB 76.7s
#5 sha256:e987ca3078c362c923f1069eb0292c844e3d73320bf103b0ea0c62d93897d2ac 77.59MB / 2.32GB 76.7s
#5 sha256:271a891396ce7b0bf9643364eac9a31a1635b978780c5bffb060dc79a610cfed 44.04MB / 1.51GB 76.7s
#5 sha256:0b3b5bd928240da4156c41fcfb400c1f4f8674acd2faee0413ab5a032dfb5f76 25.17MB / 105.17MB 76.7s
#5 sha256:7bd95eaa7d4eec95bba504c09dca0ec7aa4efdfa71426d440a8c901245da2a4f 104.86MB / 351.57MB 81.8s
#5 sha256:e987ca3078c362c923f1069eb0292c844e3d73320bf103b0ea0c62d93897d2ac 78.64MB / 2.32GB 81.8s
#5 sha256:271a891396ce7b0bf9643364eac9a31a1635b978780c5bffb060dc79a610cfed 44.04MB / 1.51GB 81.8s
#5 sha256:0b3b5bd928240da4156c41fcfb400c1f4f8674acd2faee0413ab5a032dfb5f76 26.21MB / 105.17MB 81.8s
#5 sha256:7bd95eaa7d4eec95bba504c09dca0ec7aa4efdfa71426d440a8c901245da2a4f 105.91MB / 351.57MB 86.9s
#5 sha256:e987ca3078c362c923f1069eb0292c844e3d73320bf103b0ea0c62d93897d2ac 79.69MB / 2.32GB 86.9s
#5 sha256:271a891396ce7b0bf9643364eac9a31a1635b978780c5bffb060dc79a610cfed 46.14MB / 1.51GB 86.9s
#5 sha256:0b3b5bd928240da4156c41fcfb400c1f4f8674acd2faee0413ab5a032dfb5f76 27.26MB / 105.17MB 86.9s
#5 sha256:7bd95eaa7d4eec95bba504c09dca0ec7aa4efdfa71426d440a8c901245da2a4f 106.95MB / 351.57MB 92.0s
#5 sha256:e987ca3078c362c923f1069eb0292c844e3d73320bf103b0ea0c62d93897d2ac 80.74MB / 2.32GB 92.0s
#5 sha256:271a891396ce7b0bf9643364eac9a31a1635b978780c5bffb060dc79a610cfed 47.19MB / 1.51GB 92.0s
#5 sha256:0b3b5bd928240da4156c41fcfb400c1f4f8674acd2faee0413ab5a032dfb5f76 28.31MB / 105.17MB 92.0s
#5 sha256:7bd95eaa7d4eec95bba504c09dca0ec7aa4efdfa71426d440a8c901245da2a4f 108.00MB / 351.57MB 97.1s
#5 sha256:e987ca3078c362c923f1069eb0292c844e3d73320bf103b0ea0c62d93897d2ac 81.79MB / 2.32GB 97.1s
#5 sha256:271a891396ce7b0bf9643364eac9a31a1635b978780c5bffb060dc79a610cfed 48.23MB / 1.51GB 97.1s
#5 sha256:0b3b5bd928240da4156c41fcfb400c1f4f8674acd2faee0413ab5a032dfb5f76 29.36MB / 105.17MB 97.1s
#5 sha256:7bd95eaa7d4eec95bba504c09dca0ec7aa4efdfa71426d440a8c901245da2a4f 109.05MB / 351.57MB 102.2s
#5 sha256:e987ca3078c362c923f1069eb0292c844e3d73320bf103b0ea0c62d93897d2ac 82.84MB / 2.32GB 102.2s
#5 sha256:271a891396ce7b0bf9643364eac9a31a1635b978780c5bffb060dc79a610cfed 50.33MB / 1.51GB 102.2s
#5 sha256:0b3b5bd928240da4156c41fcfb400c1f4f8674acd2faee0413ab5a032dfb5f76 30.41MB / 105.17MB 102.2s
#5 sha256:7bd95eaa7d4eec95bba504c09dca0ec7aa4efdfa71426d440a8c901245da2a4f 110.10MB / 351.57MB 107.3s
#5 sha256:e987ca3078c362c923f1069eb0292c844e3d73320bf103b0ea0c62d93897d2ac 83.89MB / 2.32GB 107.3s
#5 sha256:271a891396ce7b0bf9643364eac9a31a1635b978780c5bffb060dc79a610cfed 51.38MB / 1.51GB 107.3s
#5 sha256:0b3b5bd928240da4156c41fcfb400c1f4f8674acd2faee0413ab5a032dfb5f76 31.46MB / 105.17MB 107.3s
#5 sha256:7bd95eaa7d4eec95bba504c09dca0ec7aa4efdfa71426d440a8c901245da2a4f 112.20MB / 351.57MB 112.4s
#5 sha256:e987ca3078c362c923f1069eb0292c844e3d73320bf103b0ea0c62d93897d2ac 84.93MB / 2.32GB 112.4s
#5 sha256:271a891396ce7b0bf9643364eac9a31a1635b978780c5bffb060dc79a610cfed 52.43MB / 1.51GB 112.4s
#5 sha256:0b3b5bd928240da4156c41fcfb400c1f4f8674acd2faee0413ab5a032dfb5f76 33.55MB / 105.17MB 112.4s
#5 sha256:7bd95eaa7d4eec95bba504c09dca0ec7aa4efdfa71426d440a8c901245da2a4f 113.25MB / 351.57MB 117.5s
#5 sha256:e987ca3078c362c923f1069eb0292c844e3d73320bf103b0ea0c62d93897d2ac 85.98MB / 2.32GB 117.5s
#5 sha256:271a891396ce7b0bf9643364eac9a31a1635b978780c5bffb060dc79a610cfed 53.48MB / 1.51GB 117.5s
#5 sha256:0b3b5bd928240da4156c41fcfb400c1f4f8674acd2faee0413ab5a032dfb5f76 34.60MB / 105.17MB 117.5s
#5 sha256:7bd95eaa7d4eec95bba504c09dca0ec7aa4efdfa71426d440a8c901245da2a4f 114.29MB / 351.57MB 122.6s
#5 sha256:e987ca3078c362c923f1069eb0292c844e3d73320bf103b0ea0c62d93897d2ac 85.98MB / 2.32GB 122.6s
#5 sha256:271a891396ce7b0bf9643364eac9a31a1635b978780c5bffb060dc79a610cfed 54.53MB / 1.51GB 122.6s
#5 sha256:0b3b5bd928240da4156c41fcfb400c1f4f8674acd2faee0413ab5a032dfb5f76 34.60MB / 105.17MB 122.6s
#5 sha256:7bd95eaa7d4eec95bba504c09dca0ec7aa4efdfa71426d440a8c901245da2a4f 115.34MB / 351.57MB 127.7s
#5 sha256:e987ca3078c362c923f1069eb0292c844e3d73320bf103b0ea0c62d93897d2ac 87.03MB / 2.32GB 127.7s
#5 sha256:271a891396ce7b0bf9643364eac9a31a1635b978780c5bffb060dc79a610cfed 55.57MB / 1.51GB 127.7s
#5 sha256:0b3b5bd928240da4156c41fcfb400c1f4f8674acd2faee0413ab5a032dfb5f76 36.70MB / 105.17MB 127.7s
#5 sha256:7bd95eaa7d4eec95bba504c09dca0ec7aa4efdfa71426d440a8c901245da2a4f 116.39MB / 351.57MB 132.8s
#5 sha256:e987ca3078c362c923f1069eb0292c844e3d73320bf103b0ea0c62d93897d2ac 88.08MB / 2.32GB 132.8s
#5 sha256:271a891396ce7b0bf9643364eac9a31a1635b978780c5bffb060dc79a610cfed 57.67MB / 1.51GB 132.8s
#5 sha256:0b3b5bd928240da4156c41fcfb400c1f4f8674acd2faee0413ab5a032dfb5f76 37.75MB / 105.17MB 132.8s
#5 sha256:7bd95eaa7d4eec95bba504c09dca0ec7aa4efdfa71426d440a8c901245da2a4f 117.44MB / 351.57MB 137.9s
#5 sha256:e987ca3078c362c923f1069eb0292c844e3d73320bf103b0ea0c62d93897d2ac 89.13MB / 2.32GB 137.9s
#5 sha256:271a891396ce7b0bf9643364eac9a31a1635b978780c5bffb060dc79a610cfed 57.67MB / 1.51GB 137.9s
#5 sha256:0b3b5bd928240da4156c41fcfb400c1f4f8674acd2faee0413ab5a032dfb5f76 38.80MB / 105.17MB 137.9s
#5 sha256:7bd95eaa7d4eec95bba504c09dca0ec7aa4efdfa71426d440a8c901245da2a4f 118.49MB / 351.57MB 143.0s
#5 sha256:e987ca3078c362c923f1069eb0292c844e3d73320bf103b0ea0c62d93897d2ac 90.18MB / 2.32GB 143.0s
#5 sha256:271a891396ce7b0bf9643364eac9a31a1635b978780c5bffb060dc79a610cfed 58.72MB / 1.51GB 143.0s
#5 sha256:0b3b5bd928240da4156c41fcfb400c1f4f8674acd2faee0413ab5a032dfb5f76 39.85MB / 105.17MB 143.0s
#5 sha256:7bd95eaa7d4eec95bba504c09dca0ec7aa4efdfa71426d440a8c901245da2a4f 119.54MB / 351.57MB 148.1s
#5 sha256:e987ca3078c362c923f1069eb0292c844e3d73320bf103b0ea0c62d93897d2ac 90.18MB / 2.32GB 148.1s
#5 sha256:271a891396ce7b0bf9643364eac9a31a1635b978780c5bffb060dc79a610cfed 58.72MB / 1.51GB 148.1s
#5 sha256:0b3b5bd928240da4156c41fcfb400c1f4f8674acd2faee0413ab5a032dfb5f76 39.85MB / 105.17MB 148.1s
#5 sha256:7bd95eaa7d4eec95bba504c09dca0ec7aa4efdfa71426d440a8c901245da2a4f 119.54MB / 351.57MB 153.2s
#5 sha256:e987ca3078c362c923f1069eb0292c844e3d73320bf103b0ea0c62d93897d2ac 91.23MB / 2.32GB 153.2s
#5 sha256:271a891396ce7b0bf9643364eac9a31a1635b978780c5bffb060dc79a610cfed 59.77MB / 1.51GB 153.2s
#5 sha256:0b3b5bd928240da4156c41fcfb400c1f4f8674acd2faee0413ab5a032dfb5f76 40.89MB / 105.17MB 153.2s
#5 sha256:7bd95eaa7d4eec95bba504c09dca0ec7aa4efdfa71426d440a8c901245da2a4f 120.59MB / 351.57MB 158.3s
#5 sha256:e987ca3078c362c923f1069eb0292c844e3d73320bf103b0ea0c62d93897d2ac 92.27MB / 2.32GB 158.3s
#5 sha256:271a891396ce7b0bf9643364eac9a31a1635b978780c5bffb060dc79a610cfed 59.77MB / 1.51GB 158.3s
#5 sha256:0b3b5bd928240da4156c41fcfb400c1f4f8674acd2faee0413ab5a032dfb5f76 41.94MB / 105.17MB 158.3s
#5 sha256:7bd95eaa7d4eec95bba504c09dca0ec7aa4efdfa71426d440a8c901245da2a4f 121.63MB / 351.57MB 163.4s
#5 sha256:e987ca3078c362c923f1069eb0292c844e3d73320bf103b0ea0c62d93897d2ac 93.32MB / 2.32GB 163.4s
#5 sha256:271a891396ce7b0bf9643364eac9a31a1635b978780c5bffb060dc79a610cfed 60.82MB / 1.51GB 163.4s
#5 sha256:0b3b5bd928240da4156c41fcfb400c1f4f8674acd2faee0413ab5a032dfb5f76 42.99MB / 105.17MB 163.4s
#5 sha256:7bd95eaa7d4eec95bba504c09dca0ec7aa4efdfa71426d440a8c901245da2a4f 122.68MB / 351.57MB 168.5s
#5 sha256:e987ca3078c362c923f1069eb0292c844e3d73320bf103b0ea0c62d93897d2ac 94.37MB / 2.32GB 168.5s
#5 sha256:271a891396ce7b0bf9643364eac9a31a1635b978780c5bffb060dc79a610cfed 61.87MB / 1.51GB 168.5s
#5 sha256:0b3b5bd928240da4156c41fcfb400c1f4f8674acd2faee0413ab5a032dfb5f76 45.09MB / 105.17MB 168.5s
#5 sha256:7bd95eaa7d4eec95bba504c09dca0ec7aa4efdfa71426d440a8c901245da2a4f 123.73MB / 351.57MB 173.6s
#5 sha256:e987ca3078c362c923f1069eb0292c844e3d73320bf103b0ea0c62d93897d2ac 95.42MB / 2.32GB 173.6s
#5 sha256:271a891396ce7b0bf9643364eac9a31a1635b978780c5bffb060dc79a610cfed 62.91MB / 1.51GB 173.6s
#5 sha256:0b3b5bd928240da4156c41fcfb400c1f4f8674acd2faee0413ab5a032dfb5f76 46.14MB / 105.17MB 173.6s
#5 sha256:7bd95eaa7d4eec95bba504c09dca0ec7aa4efdfa71426d440a8c901245da2a4f 123.73MB / 351.57MB 178.7s
#5 sha256:e987ca3078c362c923f1069eb0292c844e3d73320bf103b0ea0c62d93897d2ac 95.42MB / 2.32GB 178.7s
#5 sha256:271a891396ce7b0bf9643364eac9a31a1635b978780c5bffb060dc79a610cfed 62.91MB / 1.51GB 178.7s
#5 sha256:0b3b5bd928240da4156c41fcfb400c1f4f8674acd2faee0413ab5a032dfb5f76 47.19MB / 105.17MB 178.7s
#5 sha256:7bd95eaa7d4eec95bba504c09dca0ec7aa4efdfa71426d440a8c901245da2a4f 124.78MB / 351.57MB 183.8s
#5 sha256:e987ca3078c362c923f1069eb0292c844e3d73320bf103b0ea0c62d93897d2ac 96.47MB / 2.32GB 183.8s
#5 sha256:271a891396ce7b0bf9643364eac9a31a1635b978780c5bffb060dc79a610cfed 63.96MB / 1.51GB 183.8s
#5 sha256:0b3b5bd928240da4156c41fcfb400c1f4f8674acd2faee0413ab5a032dfb5f76 47.19MB / 105.17MB 183.8s
#5 sha256:7bd95eaa7d4eec95bba504c09dca0ec7aa4efdfa71426d440a8c901245da2a4f 125.83MB / 351.57MB 188.9s
#5 sha256:e987ca3078c362c923f1069eb0292c844e3d73320bf103b0ea0c62d93897d2ac 97.52MB / 2.32GB 188.9s
#5 sha256:271a891396ce7b0bf9643364eac9a31a1635b978780c5bffb060dc79a610cfed 63.96MB / 1.51GB 188.9s
#5 sha256:0b3b5bd928240da4156c41fcfb400c1f4f8674acd2faee0413ab5a032dfb5f76 48.23MB / 105.17MB 188.9s
#5 sha256:7bd95eaa7d4eec95bba504c09dca0ec7aa4efdfa71426d440a8c901245da2a4f 125.83MB / 351.57MB 194.0s
#5 sha256:e987ca3078c362c923f1069eb0292c844e3d73320bf103b0ea0c62d93897d2ac 97.52MB / 2.32GB 194.0s
#5 sha256:271a891396ce7b0bf9643364eac9a31a1635b978780c5bffb060dc79a610cfed 65.01MB / 1.51GB 194.0s
#5 sha256:0b3b5bd928240da4156c41fcfb400c1f4f8674acd2faee0413ab5a032dfb5f76 49.28MB / 105.17MB 194.0s
#5 sha256:7bd95eaa7d4eec95bba504c09dca0ec7aa4efdfa71426d440a8c901245da2a4f 126.88MB / 351.57MB 199.1s
#5 sha256:e987ca3078c362c923f1069eb0292c844e3d73320bf103b0ea0c62d93897d2ac 98.57MB / 2.32GB 199.1s
#5 sha256:271a891396ce7b0bf9643364eac9a31a1635b978780c5bffb060dc79a610cfed 66.06MB / 1.51GB 199.1s
#5 sha256:0b3b5bd928240da4156c41fcfb400c1f4f8674acd2faee0413ab5a032dfb5f76 50.33MB / 105.17MB 199.1s
#5 sha256:7bd95eaa7d4eec95bba504c09dca0ec7aa4efdfa71426d440a8c901245da2a4f 127.93MB / 351.57MB 204.2s
#5 sha256:e987ca3078c362c923f1069eb0292c844e3d73320bf103b0ea0c62d93897d2ac 99.61MB / 2.32GB 204.2s
#5 sha256:271a891396ce7b0bf9643364eac9a31a1635b978780c5bffb060dc79a610cfed 67.11MB / 1.51GB 204.2s
#5 sha256:0b3b5bd928240da4156c41fcfb400c1f4f8674acd2faee0413ab5a032dfb5f76 52.43MB / 105.17MB 204.2s
#5 sha256:7bd95eaa7d4eec95bba504c09dca0ec7aa4efdfa71426d440a8c901245da2a4f 128.97MB / 351.57MB 209.3s
#5 sha256:e987ca3078c362c923f1069eb0292c844e3d73320bf103b0ea0c62d93897d2ac 100.66MB / 2.32GB 209.3s
#5 sha256:271a891396ce7b0bf9643364eac9a31a1635b978780c5bffb060dc79a610cfed 68.16MB / 1.51GB 209.3s
#5 sha256:0b3b5bd928240da4156c41fcfb400c1f4f8674acd2faee0413ab5a032dfb5f76 53.48MB / 105.17MB 209.3s
#5 sha256:7bd95eaa7d4eec95bba504c09dca0ec7aa4efdfa71426d440a8c901245da2a4f 130.02MB / 351.57MB 214.4s
#5 sha256:e987ca3078c362c923f1069eb0292c844e3d73320bf103b0ea0c62d93897d2ac 101.71MB / 2.32GB 214.4s
#5 sha256:271a891396ce7b0bf9643364eac9a31a1635b978780c5bffb060dc79a610cfed 69.21MB / 1.51GB 214.4s
#5 sha256:0b3b5bd928240da4156c41fcfb400c1f4f8674acd2faee0413ab5a032dfb5f76 55.57MB / 105.17MB 214.4s
#5 sha256:7bd95eaa7d4eec95bba504c09dca0ec7aa4efdfa71426d440a8c901245da2a4f 131.07MB / 351.57MB 219.5s
#5 sha256:e987ca3078c362c923f1069eb0292c844e3d73320bf103b0ea0c62d93897d2ac 103.81MB / 2.32GB 219.5s
#5 sha256:271a891396ce7b0bf9643364eac9a31a1635b978780c5bffb060dc79a610cfed 70.25MB / 1.51GB 219.5s
#5 sha256:0b3b5bd928240da4156c41fcfb400c1f4f8674acd2faee0413ab5a032dfb5f76 56.62MB / 105.17MB 219.5s
#5 sha256:7bd95eaa7d4eec95bba504c09dca0ec7aa4efdfa71426d440a8c901245da2a4f 132.12MB / 351.57MB 224.6s
#5 sha256:e987ca3078c362c923f1069eb0292c844e3d73320bf103b0ea0c62d93897d2ac 104.86MB / 2.32GB 224.6s
#5 sha256:271a891396ce7b0bf9643364eac9a31a1635b978780c5bffb060dc79a610cfed 71.30MB / 1.51GB 224.6s
#5 sha256:0b3b5bd928240da4156c41fcfb400c1f4f8674acd2faee0413ab5a032dfb5f76 57.67MB / 105.17MB 224.6s
#5 sha256:7bd95eaa7d4eec95bba504c09dca0ec7aa4efdfa71426d440a8c901245da2a4f 133.17MB / 351.57MB 229.7s
#5 sha256:e987ca3078c362c923f1069eb0292c844e3d73320bf103b0ea0c62d93897d2ac 105.91MB / 2.32GB 229.7s
#5 sha256:271a891396ce7b0bf9643364eac9a31a1635b978780c5bffb060dc79a610cfed 72.35MB / 1.51GB 229.7s
#5 sha256:0b3b5bd928240da4156c41fcfb400c1f4f8674acd2faee0413ab5a032dfb5f76 59.77MB / 105.17MB 229.7s
#5 sha256:7bd95eaa7d4eec95bba504c09dca0ec7aa4efdfa71426d440a8c901245da2a4f 135.27MB / 351.57MB 234.8s
#5 sha256:e987ca3078c362c923f1069eb0292c844e3d73320bf103b0ea0c62d93897d2ac 108.00MB / 2.32GB 234.8s
#5 sha256:271a891396ce7b0bf9643364eac9a31a1635b978780c5bffb060dc79a610cfed 74.45MB / 1.51GB 234.8s
#5 sha256:0b3b5bd928240da4156c41fcfb400c1f4f8674acd2faee0413ab5a032dfb5f76 60.82MB / 105.17MB 234.8s
#5 sha256:7bd95eaa7d4eec95bba504c09dca0ec7aa4efdfa71426d440a8c901245da2a4f 136.31MB / 351.57MB 239.9s
#5 sha256:e987ca3078c362c923f1069eb0292c844e3d73320bf103b0ea0c62d93897d2ac 109.05MB / 2.32GB 239.9s
#5 sha256:271a891396ce7b0bf9643364eac9a31a1635b978780c5bffb060dc79a610cfed 74.45MB / 1.51GB 239.9s
#5 sha256:0b3b5bd928240da4156c41fcfb400c1f4f8674acd2faee0413ab5a032dfb5f76 62.91MB / 105.17MB 239.9s
#5 sha256:7bd95eaa7d4eec95bba504c09dca0ec7aa4efdfa71426d440a8c901245da2a4f 137.36MB / 351.57MB 245.0s
#5 sha256:e987ca3078c362c923f1069eb0292c844e3d73320bf103b0ea0c62d93897d2ac 110.10MB / 2.32GB 245.0s
#5 sha256:271a891396ce7b0bf9643364eac9a31a1635b978780c5bffb060dc79a610cfed 75.50MB / 1.51GB 245.0s
#5 sha256:0b3b5bd928240da4156c41fcfb400c1f4f8674acd2faee0413ab5a032dfb5f76 63.96MB / 105.17MB 245.0s
#5 sha256:7bd95eaa7d4eec95bba504c09dca0ec7aa4efdfa71426d440a8c901245da2a4f 138.41MB / 351.57MB 250.1s
#5 sha256:e987ca3078c362c923f1069eb0292c844e3d73320bf103b0ea0c62d93897d2ac 111.15MB / 2.32GB 250.1s
#5 sha256:271a891396ce7b0bf9643364eac9a31a1635b978780c5bffb060dc79a610cfed 76.55MB / 1.51GB 250.1s
#5 sha256:0b3b5bd928240da4156c41fcfb400c1f4f8674acd2faee0413ab5a032dfb5f76 66.06MB / 105.17MB 250.1s
#5 sha256:7bd95eaa7d4eec95bba504c09dca0ec7aa4efdfa71426d440a8c901245da2a4f 138.41MB / 351.57MB 255.2s
#5 sha256:e987ca3078c362c923f1069eb0292c844e3d73320bf103b0ea0c62d93897d2ac 112.20MB / 2.32GB 255.2s
#5 sha256:271a891396ce7b0bf9643364eac9a31a1635b978780c5bffb060dc79a610cfed 77.59MB / 1.51GB 255.2s
#5 sha256:0b3b5bd928240da4156c41fcfb400c1f4f8674acd2faee0413ab5a032dfb5f76 67.11MB / 105.17MB 255.2s
#5 sha256:7bd95eaa7d4eec95bba504c09dca0ec7aa4efdfa71426d440a8c901245da2a4f 139.46MB / 351.57MB 260.3s
#5 sha256:e987ca3078c362c923f1069eb0292c844e3d73320bf103b0ea0c62d93897d2ac 113.25MB / 2.32GB 260.3s
#5 sha256:271a891396ce7b0bf9643364eac9a31a1635b978780c5bffb060dc79a610cfed 78.64MB / 1.51GB 260.3s
#5 sha256:0b3b5bd928240da4156c41fcfb400c1f4f8674acd2faee0413ab5a032dfb5f76 68.16MB / 105.17MB 260.3s
#5 sha256:7bd95eaa7d4eec95bba504c09dca0ec7aa4efdfa71426d440a8c901245da2a4f 141.56MB / 351.57MB 265.4s
#5 sha256:e987ca3078c362c923f1069eb0292c844e3d73320bf103b0ea0c62d93897d2ac 114.29MB / 2.32GB 265.4s
#5 sha256:271a891396ce7b0bf9643364eac9a31a1635b978780c5bffb060dc79a610cfed 79.69MB / 1.51GB 265.4s
#5 sha256:0b3b5bd928240da4156c41fcfb400c1f4f8674acd2faee0413ab5a032dfb5f76 69.21MB / 105.17MB 265.4s
#5 sha256:7bd95eaa7d4eec95bba504c09dca0ec7aa4efdfa71426d440a8c901245da2a4f 141.56MB / 351.57MB 270.5s
#5 sha256:e987ca3078c362c923f1069eb0292c844e3d73320bf103b0ea0c62d93897d2ac 115.34MB / 2.32GB 270.5s
#5 sha256:271a891396ce7b0bf9643364eac9a31a1635b978780c5bffb060dc79a610cfed 80.74MB / 1.51GB 270.5s
#5 sha256:0b3b5bd928240da4156c41fcfb400c1f4f8674acd2faee0413ab5a032dfb5f76 71.30MB / 105.17MB 270.5s
#5 sha256:7bd95eaa7d4eec95bba504c09dca0ec7aa4efdfa71426d440a8c901245da2a4f 142.61MB / 351.57MB 275.6s
#5 sha256:e987ca3078c362c923f1069eb0292c844e3d73320bf103b0ea0c62d93897d2ac 117.44MB / 2.32GB 275.6s
#5 sha256:271a891396ce7b0bf9643364eac9a31a1635b978780c5bffb060dc79a610cfed 81.79MB / 1.51GB 275.6s
#5 sha256:0b3b5bd928240da4156c41fcfb400c1f4f8674acd2faee0413ab5a032dfb5f76 72.35MB / 105.17MB 275.6s
#5 sha256:7bd95eaa7d4eec95bba504c09dca0ec7aa4efdfa71426d440a8c901245da2a4f 143.65MB / 351.57MB 280.7s
#5 sha256:e987ca3078c362c923f1069eb0292c844e3d73320bf103b0ea0c62d93897d2ac 117.44MB / 2.32GB 280.7s
#5 sha256:271a891396ce7b0bf9643364eac9a31a1635b978780c5bffb060dc79a610cfed 81.79MB / 1.51GB 280.7s
#5 sha256:0b3b5bd928240da4156c41fcfb400c1f4f8674acd2faee0413ab5a032dfb5f76 73.40MB / 105.17MB 280.7s
#5 sha256:7bd95eaa7d4eec95bba504c09dca0ec7aa4efdfa71426d440a8c901245da2a4f 144.70MB / 351.57MB 285.8s
#5 sha256:e987ca3078c362c923f1069eb0292c844e3d73320bf103b0ea0c62d93897d2ac 119.54MB / 2.32GB 285.8s
#5 sha256:271a891396ce7b0bf9643364eac9a31a1635b978780c5bffb060dc79a610cfed 82.84MB / 1.51GB 285.8s
#5 sha256:0b3b5bd928240da4156c41fcfb400c1f4f8674acd2faee0413ab5a032dfb5f76 74.45MB / 105.17MB 285.8s
#5 sha256:7bd95eaa7d4eec95bba504c09dca0ec7aa4efdfa71426d440a8c901245da2a4f 145.75MB / 351.57MB 290.9s
#5 sha256:e987ca3078c362c923f1069eb0292c844e3d73320bf103b0ea0c62d93897d2ac 120.59MB / 2.32GB 290.9s
#5 sha256:271a891396ce7b0bf9643364eac9a31a1635b978780c5bffb060dc79a610cfed 84.93MB / 1.51GB 290.9s
#5 sha256:0b3b5bd928240da4156c41fcfb400c1f4f8674acd2faee0413ab5a032dfb5f76 76.55MB / 105.17MB 290.9s
#5 sha256:7bd95eaa7d4eec95bba504c09dca0ec7aa4efdfa71426d440a8c901245da2a4f 146.80MB / 351.57MB 296.0s
#5 sha256:e987ca3078c362c923f1069eb0292c844e3d73320bf103b0ea0c62d93897d2ac 122.68MB / 2.32GB 296.0s
#5 sha256:271a891396ce7b0bf9643364eac9a31a1635b978780c5bffb060dc79a610cfed 84.93MB / 1.51GB 296.0s
#5 sha256:0b3b5bd928240da4156c41fcfb400c1f4f8674acd2faee0413ab5a032dfb5f76 76.55MB / 105.17MB 296.0s
#5 sha256:7bd95eaa7d4eec95bba504c09dca0ec7aa4efdfa71426d440a8c901245da2a4f 147.85MB / 351.57MB 301.1s
#5 sha256:e987ca3078c362c923f1069eb0292c844e3d73320bf103b0ea0c62d93897d2ac 123.73MB / 2.32GB 301.1s
#5 sha256:271a891396ce7b0bf9643364eac9a31a1635b978780c5bffb060dc79a610cfed 85.98MB / 1.51GB 301.1s
#5 sha256:0b3b5bd928240da4156c41fcfb400c1f4f8674acd2faee0413ab5a032dfb5f76 77.59MB / 105.17MB 301.1s
#5 sha256:7bd95eaa7d4eec95bba504c09dca0ec7aa4efdfa71426d440a8c901245da2a4f 147.85MB / 351.57MB 306.2s
#5 sha256:e987ca3078c362c923f1069eb0292c844e3d73320bf103b0ea0c62d93897d2ac 124.78MB / 2.32GB 306.2s
#5 sha256:271a891396ce7b0bf9643364eac9a31a1635b978780c5bffb060dc79a610cfed 87.03MB / 1.51GB 306.2s
#5 sha256:0b3b5bd928240da4156c41fcfb400c1f4f8674acd2faee0413ab5a032dfb5f76 78.64MB / 105.17MB 306.2s
#5 sha256:7bd95eaa7d4eec95bba504c09dca0ec7aa4efdfa71426d440a8c901245da2a4f 148.90MB / 351.57MB 311.3s
#5 sha256:e987ca3078c362c923f1069eb0292c844e3d73320bf103b0ea0c62d93897d2ac 125.83MB / 2.32GB 311.3s
#5 sha256:271a891396ce7b0bf9643364eac9a31a1635b978780c5bffb060dc79a610cfed 89.13MB / 1.51GB 311.3s
#5 sha256:0b3b5bd928240da4156c41fcfb400c1f4f8674acd2faee0413ab5a032dfb5f76 79.69MB / 105.17MB 311.3s
#5 sha256:7bd95eaa7d4eec95bba504c09dca0ec7aa4efdfa71426d440a8c901245da2a4f 148.90MB / 351.57MB 316.4s
#5 sha256:e987ca3078c362c923f1069eb0292c844e3d73320bf103b0ea0c62d93897d2ac 127.93MB / 2.32GB 316.4s
#5 sha256:271a891396ce7b0bf9643364eac9a31a1635b978780c5bffb060dc79a610cfed 90.18MB / 1.51GB 316.4s
#5 sha256:0b3b5bd928240da4156c41fcfb400c1f4f8674acd2faee0413ab5a032dfb5f76 80.74MB / 105.17MB 316.4s
#5 sha256:7bd95eaa7d4eec95bba504c09dca0ec7aa4efdfa71426d440a8c901245da2a4f 149.95MB / 351.57MB 321.5s
#5 sha256:e987ca3078c362c923f1069eb0292c844e3d73320bf103b0ea0c62d93897d2ac 128.97MB / 2.32GB 321.5s
#5 sha256:271a891396ce7b0bf9643364eac9a31a1635b978780c5bffb060dc79a610cfed 90.18MB / 1.51GB 321.5s
#5 sha256:0b3b5bd928240da4156c41fcfb400c1f4f8674acd2faee0413ab5a032dfb5f76 81.79MB / 105.17MB 321.5s
#5 sha256:7bd95eaa7d4eec95bba504c09dca0ec7aa4efdfa71426d440a8c901245da2a4f 150.99MB / 351.57MB 326.6s
#5 sha256:e987ca3078c362c923f1069eb0292c844e3d73320bf103b0ea0c62d93897d2ac 130.02MB / 2.32GB 326.6s
#5 sha256:271a891396ce7b0bf9643364eac9a31a1635b978780c5bffb060dc79a610cfed 91.23MB / 1.51GB 326.6s
#5 sha256:0b3b5bd928240da4156c41fcfb400c1f4f8674acd2faee0413ab5a032dfb5f76 82.84MB / 105.17MB 326.6s
#5 sha256:7bd95eaa7d4eec95bba504c09dca0ec7aa4efdfa71426d440a8c901245da2a4f 152.04MB / 351.57MB 331.7s
#5 sha256:e987ca3078c362c923f1069eb0292c844e3d73320bf103b0ea0c62d93897d2ac 131.07MB / 2.32GB 331.7s
#5 sha256:271a891396ce7b0bf9643364eac9a31a1635b978780c5bffb060dc79a610cfed 92.27MB / 1.51GB 331.7s
#5 sha256:0b3b5bd928240da4156c41fcfb400c1f4f8674acd2faee0413ab5a032dfb5f76 83.89MB / 105.17MB 331.7s
#5 sha256:7bd95eaa7d4eec95bba504c09dca0ec7aa4efdfa71426d440a8c901245da2a4f 153.09MB / 351.57MB 336.8s
#5 sha256:e987ca3078c362c923f1069eb0292c844e3d73320bf103b0ea0c62d93897d2ac 132.12MB / 2.32GB 336.8s
#5 sha256:271a891396ce7b0bf9643364eac9a31a1635b978780c5bffb060dc79a610cfed 93.32MB / 1.51GB 336.8s
#5 sha256:0b3b5bd928240da4156c41fcfb400c1f4f8674acd2faee0413ab5a032dfb5f76 84.93MB / 105.17MB 336.8s
#5 sha256:7bd95eaa7d4eec95bba504c09dca0ec7aa4efdfa71426d440a8c901245da2a4f 153.09MB / 351.57MB 341.9s
#5 sha256:e987ca3078c362c923f1069eb0292c844e3d73320bf103b0ea0c62d93897d2ac 133.17MB / 2.32GB 341.9s
#5 sha256:271a891396ce7b0bf9643364eac9a31a1635b978780c5bffb060dc79a610cfed 95.42MB / 1.51GB 341.9s
#5 sha256:0b3b5bd928240da4156c41fcfb400c1f4f8674acd2faee0413ab5a032dfb5f76 87.03MB / 105.17MB 341.9s
#5 sha256:7bd95eaa7d4eec95bba504c09dca0ec7aa4efdfa71426d440a8c901245da2a4f 154.14MB / 351.57MB 347.0s
#5 sha256:e987ca3078c362c923f1069eb0292c844e3d73320bf103b0ea0c62d93897d2ac 134.22MB / 2.32GB 347.0s
#5 sha256:271a891396ce7b0bf9643364eac9a31a1635b978780c5bffb060dc79a610cfed 97.52MB / 1.51GB 347.0s
#5 sha256:0b3b5bd928240da4156c41fcfb400c1f4f8674acd2faee0413ab5a032dfb5f76 89.13MB / 105.17MB 347.0s
#5 sha256:7bd95eaa7d4eec95bba504c09dca0ec7aa4efdfa71426d440a8c901245da2a4f 156.24MB / 351.57MB 352.1s
#5 sha256:e987ca3078c362c923f1069eb0292c844e3d73320bf103b0ea0c62d93897d2ac 135.27MB / 2.32GB 352.1s
#5 sha256:271a891396ce7b0bf9643364eac9a31a1635b978780c5bffb060dc79a610cfed 98.57MB / 1.51GB 352.1s
#5 sha256:0b3b5bd928240da4156c41fcfb400c1f4f8674acd2faee0413ab5a032dfb5f76 90.18MB / 105.17MB 352.1s
#5 sha256:7bd95eaa7d4eec95bba504c09dca0ec7aa4efdfa71426d440a8c901245da2a4f 156.24MB / 351.57MB 357.2s
#5 sha256:e987ca3078c362c923f1069eb0292c844e3d73320bf103b0ea0c62d93897d2ac 136.31MB / 2.32GB 357.2s
#5 sha256:271a891396ce7b0bf9643364eac9a31a1635b978780c5bffb060dc79a610cfed 100.66MB / 1.51GB 357.2s
#5 sha256:0b3b5bd928240da4156c41fcfb400c1f4f8674acd2faee0413ab5a032dfb5f76 91.23MB / 105.17MB 357.2s
#5 sha256:7bd95eaa7d4eec95bba504c09dca0ec7aa4efdfa71426d440a8c901245da2a4f 157.29MB / 351.57MB 362.3s
#5 sha256:e987ca3078c362c923f1069eb0292c844e3d73320bf103b0ea0c62d93897d2ac 137.36MB / 2.32GB 362.3s
#5 sha256:271a891396ce7b0bf9643364eac9a31a1635b978780c5bffb060dc79a610cfed 100.66MB / 1.51GB 362.3s
#5 sha256:0b3b5bd928240da4156c41fcfb400c1f4f8674acd2faee0413ab5a032dfb5f76 92.27MB / 105.17MB 362.3s
#5 sha256:7bd95eaa7d4eec95bba504c09dca0ec7aa4efdfa71426d440a8c901245da2a4f 158.33MB / 351.57MB 367.4s
#5 sha256:e987ca3078c362c923f1069eb0292c844e3d73320bf103b0ea0c62d93897d2ac 137.36MB / 2.32GB 367.4s
#5 sha256:271a891396ce7b0bf9643364eac9a31a1635b978780c5bffb060dc79a610cfed 101.71MB / 1.51GB 367.4s
#5 sha256:0b3b5bd928240da4156c41fcfb400c1f4f8674acd2faee0413ab5a032dfb5f76 93.32MB / 105.17MB 367.4s
#5 sha256:7bd95eaa7d4eec95bba504c09dca0ec7aa4efdfa71426d440a8c901245da2a4f 159.38MB / 351.57MB 372.5s
#5 sha256:e987ca3078c362c923f1069eb0292c844e3d73320bf103b0ea0c62d93897d2ac 138.41MB / 2.32GB 372.5s
#5 sha256:271a891396ce7b0bf9643364eac9a31a1635b978780c5bffb060dc79a610cfed 102.76MB / 1.51GB 372.5s
#5 sha256:0b3b5bd928240da4156c41fcfb400c1f4f8674acd2faee0413ab5a032dfb5f76 94.37MB / 105.17MB 372.5s
#5 sha256:7bd95eaa7d4eec95bba504c09dca0ec7aa4efdfa71426d440a8c901245da2a4f 160.43MB / 351.57MB 377.6s
#5 sha256:e987ca3078c362c923f1069eb0292c844e3d73320bf103b0ea0c62d93897d2ac 139.46MB / 2.32GB 377.6s
#5 sha256:271a891396ce7b0bf9643364eac9a31a1635b978780c5bffb060dc79a610cfed 103.81MB / 1.51GB 377.6s
#5 sha256:0b3b5bd928240da4156c41fcfb400c1f4f8674acd2faee0413ab5a032dfb5f76 96.47MB / 105.17MB 377.6s
#5 sha256:7bd95eaa7d4eec95bba504c09dca0ec7aa4efdfa71426d440a8c901245da2a4f 161.48MB / 351.57MB 382.7s
#5 sha256:e987ca3078c362c923f1069eb0292c844e3d73320bf103b0ea0c62d93897d2ac 140.51MB / 2.32GB 382.7s
#5 sha256:271a891396ce7b0bf9643364eac9a31a1635b978780c5bffb060dc79a610cfed 104.86MB / 1.51GB 382.7s
#5 sha256:0b3b5bd928240da4156c41fcfb400c1f4f8674acd2faee0413ab5a032dfb5f76 97.52MB / 105.17MB 382.7s
#5 sha256:7bd95eaa7d4eec95bba504c09dca0ec7aa4efdfa71426d440a8c901245da2a4f 162.53MB / 351.57MB 387.8s
#5 sha256:e987ca3078c362c923f1069eb0292c844e3d73320bf103b0ea0c62d93897d2ac 141.56MB / 2.32GB 387.8s
#5 sha256:271a891396ce7b0bf9643364eac9a31a1635b978780c5bffb060dc79a610cfed 105.91MB / 1.51GB 387.8s
#5 sha256:0b3b5bd928240da4156c41fcfb400c1f4f8674acd2faee0413ab5a032dfb5f76 97.52MB / 105.17MB 387.8s
#5 sha256:7bd95eaa7d4eec95bba504c09dca0ec7aa4efdfa71426d440a8c901245da2a4f 162.53MB / 351.57MB 392.9s
#5 sha256:e987ca3078c362c923f1069eb0292c844e3d73320bf103b0ea0c62d93897d2ac 141.56MB / 2.32GB 392.9s
#5 sha256:271a891396ce7b0bf9643364eac9a31a1635b978780c5bffb060dc79a610cfed 105.91MB / 1.51GB 392.9s
#5 sha256:0b3b5bd928240da4156c41fcfb400c1f4f8674acd2faee0413ab5a032dfb5f76 98.57MB / 105.17MB 392.9s
#5 sha256:7bd95eaa7d4eec95bba504c09dca0ec7aa4efdfa71426d440a8c901245da2a4f 163.58MB / 351.57MB 398.0s
#5 sha256:e987ca3078c362c923f1069eb0292c844e3d73320bf103b0ea0c62d93897d2ac 142.61MB / 2.32GB 398.0s
#5 sha256:271a891396ce7b0bf9643364eac9a31a1635b978780c5bffb060dc79a610cfed 106.95MB / 1.51GB 398.0s
#5 sha256:0b3b5bd928240da4156c41fcfb400c1f4f8674acd2faee0413ab5a032dfb5f76 98.57MB / 105.17MB 398.0s
#5 sha256:7bd95eaa7d4eec95bba504c09dca0ec7aa4efdfa71426d440a8c901245da2a4f 163.58MB / 351.57MB 403.1s
#5 sha256:e987ca3078c362c923f1069eb0292c844e3d73320bf103b0ea0c62d93897d2ac 143.65MB / 2.32GB 403.1s
#5 sha256:271a891396ce7b0bf9643364eac9a31a1635b978780c5bffb060dc79a610cfed 108.00MB / 1.51GB 403.1s
#5 sha256:0b3b5bd928240da4156c41fcfb400c1f4f8674acd2faee0413ab5a032dfb5f76 99.61MB / 105.17MB 403.1s
#5 sha256:7bd95eaa7d4eec95bba504c09dca0ec7aa4efdfa71426d440a8c901245da2a4f 164.63MB / 351.57MB 408.2s
#5 sha256:e987ca3078c362c923f1069eb0292c844e3d73320bf103b0ea0c62d93897d2ac 143.65MB / 2.32GB 408.2s
#5 sha256:271a891396ce7b0bf9643364eac9a31a1635b978780c5bffb060dc79a610cfed 109.05MB / 1.51GB 408.2s
#5 sha256:0b3b5bd928240da4156c41fcfb400c1f4f8674acd2faee0413ab5a032dfb5f76 100.66MB / 105.17MB 408.2s
#5 sha256:7bd95eaa7d4eec95bba504c09dca0ec7aa4efdfa71426d440a8c901245da2a4f 165.68MB / 351.57MB 413.3s
#5 sha256:e987ca3078c362c923f1069eb0292c844e3d73320bf103b0ea0c62d93897d2ac 144.70MB / 2.32GB 413.3s
#5 sha256:271a891396ce7b0bf9643364eac9a31a1635b978780c5bffb060dc79a610cfed 111.15MB / 1.51GB 413.3s
#5 sha256:0b3b5bd928240da4156c41fcfb400c1f4f8674acd2faee0413ab5a032dfb5f76 101.71MB / 105.17MB 413.3s
#5 sha256:7bd95eaa7d4eec95bba504c09dca0ec7aa4efdfa71426d440a8c901245da2a4f 166.72MB / 351.57MB 418.4s
#5 sha256:e987ca3078c362c923f1069eb0292c844e3d73320bf103b0ea0c62d93897d2ac 145.75MB / 2.32GB 418.4s
#5 sha256:271a891396ce7b0bf9643364eac9a31a1635b978780c5bffb060dc79a610cfed 111.15MB / 1.51GB 418.4s
#5 sha256:0b3b5bd928240da4156c41fcfb400c1f4f8674acd2faee0413ab5a032dfb5f76 101.71MB / 105.17MB 418.4s
#5 sha256:7bd95eaa7d4eec95bba504c09dca0ec7aa4efdfa71426d440a8c901245da2a4f 167.77MB / 351.57MB 423.5s
#5 sha256:e987ca3078c362c923f1069eb0292c844e3d73320bf103b0ea0c62d93897d2ac 146.80MB / 2.32GB 423.5s
#5 sha256:271a891396ce7b0bf9643364eac9a31a1635b978780c5bffb060dc79a610cfed 112.20MB / 1.51GB 423.5s
#5 sha256:0b3b5bd928240da4156c41fcfb400c1f4f8674acd2faee0413ab5a032dfb5f76 102.76MB / 105.17MB 423.5s
#5 sha256:7bd95eaa7d4eec95bba504c09dca0ec7aa4efdfa71426d440a8c901245da2a4f 168.82MB / 351.57MB 428.6s
#5 sha256:e987ca3078c362c923f1069eb0292c844e3d73320bf103b0ea0c62d93897d2ac 147.85MB / 2.32GB 428.6s
#5 sha256:271a891396ce7b0bf9643364eac9a31a1635b978780c5bffb060dc79a610cfed 114.29MB / 1.51GB 428.6s
#5 sha256:0b3b5bd928240da4156c41fcfb400c1f4f8674acd2faee0413ab5a032dfb5f76 103.81MB / 105.17MB 428.6s
#5 sha256:7bd95eaa7d4eec95bba504c09dca0ec7aa4efdfa71426d440a8c901245da2a4f 169.87MB / 351.57MB 433.7s
#5 sha256:e987ca3078c362c923f1069eb0292c844e3d73320bf103b0ea0c62d93897d2ac 148.90MB / 2.32GB 433.7s
#5 sha256:0b3b5bd928240da4156c41fcfb400c1f4f8674acd2faee0413ab5a032dfb5f76 105.17MB / 105.17MB 432.5s done
#5 sha256:c567a87f21d2f8e46feb4f6c427eb5559d45a1a222f73d601352403d13af1ada 0B / 4.55MB 0.2s
#5 sha256:271a891396ce7b0bf9643364eac9a31a1635b978780c5bffb060dc79a610cfed 115.34MB / 1.51GB 433.7s
#5 sha256:7bd95eaa7d4eec95bba504c09dca0ec7aa4efdfa71426d440a8c901245da2a4f 170.92MB / 351.57MB 438.8s
#5 sha256:e987ca3078c362c923f1069eb0292c844e3d73320bf103b0ea0c62d93897d2ac 149.95MB / 2.32GB 438.8s
#5 sha256:c567a87f21d2f8e46feb4f6c427eb5559d45a1a222f73d601352403d13af1ada 0B / 4.55MB 5.3s
#5 sha256:271a891396ce7b0bf9643364eac9a31a1635b978780c5bffb060dc79a610cfed 115.34MB / 1.51GB 438.8s
#5 sha256:c567a87f21d2f8e46feb4f6c427eb5559d45a1a222f73d601352403d13af1ada 1.05MB / 4.55MB 8.9s
#5 sha256:7bd95eaa7d4eec95bba504c09dca0ec7aa4efdfa71426d440a8c901245da2a4f 171.97MB / 351.57MB 443.9s
#5 sha256:e987ca3078c362c923f1069eb0292c844e3d73320bf103b0ea0c62d93897d2ac 150.99MB / 2.32GB 443.9s
#5 sha256:271a891396ce7b0bf9643364eac9a31a1635b978780c5bffb060dc79a610cfed 116.39MB / 1.51GB 443.9s
#5 sha256:c567a87f21d2f8e46feb4f6c427eb5559d45a1a222f73d601352403d13af1ada 1.05MB / 4.55MB 14.0s
#5 sha256:7bd95eaa7d4eec95bba504c09dca0ec7aa4efdfa71426d440a8c901245da2a4f 173.02MB / 351.57MB 449.0s
#5 sha256:e987ca3078c362c923f1069eb0292c844e3d73320bf103b0ea0c62d93897d2ac 150.99MB / 2.32GB 449.0s
#5 sha256:271a891396ce7b0bf9643364eac9a31a1635b978780c5bffb060dc79a610cfed 117.44MB / 1.51GB 449.0s
#5 sha256:c567a87f21d2f8e46feb4f6c427eb5559d45a1a222f73d601352403d13af1ada 2.10MB / 4.55MB 17.6s
#5 sha256:7bd95eaa7d4eec95bba504c09dca0ec7aa4efdfa71426d440a8c901245da2a4f 173.02MB / 351.57MB 454.1s
#5 sha256:e987ca3078c362c923f1069eb0292c844e3d73320bf103b0ea0c62d93897d2ac 152.04MB / 2.32GB 454.1s
#5 sha256:271a891396ce7b0bf9643364eac9a31a1635b978780c5bffb060dc79a610cfed 117.44MB / 1.51GB 454.1s
#5 sha256:c567a87f21d2f8e46feb4f6c427eb5559d45a1a222f73d601352403d13af1ada 2.10MB / 4.55MB 22.7s
#5 sha256:c567a87f21d2f8e46feb4f6c427eb5559d45a1a222f73d601352403d13af1ada 3.15MB / 4.55MB 25.1s
#5 sha256:7bd95eaa7d4eec95bba504c09dca0ec7aa4efdfa71426d440a8c901245da2a4f 174.06MB / 351.57MB 459.2s
#5 sha256:e987ca3078c362c923f1069eb0292c844e3d73320bf103b0ea0c62d93897d2ac 153.09MB / 2.32GB 459.2s
#5 sha256:271a891396ce7b0bf9643364eac9a31a1635b978780c5bffb060dc79a610cfed 118.49MB / 1.51GB 459.2s
#5 sha256:c567a87f21d2f8e46feb4f6c427eb5559d45a1a222f73d601352403d13af1ada 3.15MB / 4.55MB 30.2s
#5 sha256:7bd95eaa7d4eec95bba504c09dca0ec7aa4efdfa71426d440a8c901245da2a4f 174.06MB / 351.57MB 464.3s
#5 sha256:e987ca3078c362c923f1069eb0292c844e3d73320bf103b0ea0c62d93897d2ac 154.14MB / 2.32GB 464.3s
#5 sha256:271a891396ce7b0bf9643364eac9a31a1635b978780c5bffb060dc79a610cfed 119.54MB / 1.51GB 464.3s
#5 sha256:c567a87f21d2f8e46feb4f6c427eb5559d45a1a222f73d601352403d13af1ada 4.19MB / 4.55MB 33.2s
#5 sha256:c567a87f21d2f8e46feb4f6c427eb5559d45a1a222f73d601352403d13af1ada 4.55MB / 4.55MB 34.7s done
#5 sha256:4b3ffd8ccb5201a0fc03585952effb4ed2d1ea5e704d2e7330212fb8b16c86a3 0B / 29.72MB 0.2s
#5 sha256:7bd95eaa7d4eec95bba504c09dca0ec7aa4efdfa71426d440a8c901245da2a4f 175.11MB / 351.57MB 469.4s
#5 sha256:e987ca3078c362c923f1069eb0292c844e3d73320bf103b0ea0c62d93897d2ac 155.19MB / 2.32GB 469.4s
#5 sha256:271a891396ce7b0bf9643364eac9a31a1635b978780c5bffb060dc79a610cfed 120.59MB / 1.51GB 469.4s
#5 sha256:4b3ffd8ccb5201a0fc03585952effb4ed2d1ea5e704d2e7330212fb8b16c86a3 0B / 29.72MB 5.3s
#5 sha256:7bd95eaa7d4eec95bba504c09dca0ec7aa4efdfa71426d440a8c901245da2a4f 176.16MB / 351.57MB 474.5s
#5 sha256:e987ca3078c362c923f1069eb0292c844e3d73320bf103b0ea0c62d93897d2ac 156.24MB / 2.32GB 474.5s
#5 sha256:271a891396ce7b0bf9643364eac9a31a1635b978780c5bffb060dc79a610cfed 120.59MB / 1.51GB 474.5s
#5 sha256:4b3ffd8ccb5201a0fc03585952effb4ed2d1ea5e704d2e7330212fb8b16c86a3 1.05MB / 29.72MB 10.4s
#5 sha256:7bd95eaa7d4eec95bba504c09dca0ec7aa4efdfa71426d440a8c901245da2a4f 177.21MB / 351.57MB 479.6s
#5 sha256:e987ca3078c362c923f1069eb0292c844e3d73320bf103b0ea0c62d93897d2ac 157.29MB / 2.32GB 479.6s
#5 sha256:271a891396ce7b0bf9643364eac9a31a1635b978780c5bffb060dc79a610cfed 121.63MB / 1.51GB 479.6s
#5 sha256:4b3ffd8ccb5201a0fc03585952effb4ed2d1ea5e704d2e7330212fb8b16c86a3 2.10MB / 29.72MB 15.5s
#5 sha256:7bd95eaa7d4eec95bba504c09dca0ec7aa4efdfa71426d440a8c901245da2a4f 177.21MB / 351.57MB 484.7s
#5 sha256:e987ca3078c362c923f1069eb0292c844e3d73320bf103b0ea0c62d93897d2ac 158.33MB / 2.32GB 484.7s
#5 sha256:271a891396ce7b0bf9643364eac9a31a1635b978780c5bffb060dc79a610cfed 122.68MB / 1.51GB 484.7s
#5 sha256:4b3ffd8ccb5201a0fc03585952effb4ed2d1ea5e704d2e7330212fb8b16c86a3 3.15MB / 29.72MB 20.6s
#5 sha256:7bd95eaa7d4eec95bba504c09dca0ec7aa4efdfa71426d440a8c901245da2a4f 178.26MB / 351.57MB 489.8s
#5 sha256:e987ca3078c362c923f1069eb0292c844e3d73320bf103b0ea0c62d93897d2ac 159.38MB / 2.32GB 489.8s
#5 sha256:271a891396ce7b0bf9643364eac9a31a1635b978780c5bffb060dc79a610cfed 123.73MB / 1.51GB 489.8s
#5 sha256:4b3ffd8ccb5201a0fc03585952effb4ed2d1ea5e704d2e7330212fb8b16c86a3 3.15MB / 29.72MB 25.7s
#5 sha256:7bd95eaa7d4eec95bba504c09dca0ec7aa4efdfa71426d440a8c901245da2a4f 179.31MB / 351.57MB 494.9s
#5 sha256:e987ca3078c362c923f1069eb0292c844e3d73320bf103b0ea0c62d93897d2ac 159.38MB / 2.32GB 494.9s
#5 sha256:271a891396ce7b0bf9643364eac9a31a1635b978780c5bffb060dc79a610cfed 124.78MB / 1.51GB 494.9s
#5 sha256:4b3ffd8ccb5201a0fc03585952effb4ed2d1ea5e704d2e7330212fb8b16c86a3 4.19MB / 29.72MB 30.8s
#5 sha256:7bd95eaa7d4eec95bba504c09dca0ec7aa4efdfa71426d440a8c901245da2a4f 179.31MB / 351.57MB 500.0s
#5 sha256:e987ca3078c362c923f1069eb0292c844e3d73320bf103b0ea0c62d93897d2ac 160.43MB / 2.32GB 500.0s
#5 sha256:271a891396ce7b0bf9643364eac9a31a1635b978780c5bffb060dc79a610cfed 125.83MB / 1.51GB 500.0s
#5 sha256:4b3ffd8ccb5201a0fc03585952effb4ed2d1ea5e704d2e7330212fb8b16c86a3 5.24MB / 29.72MB 35.9s
#5 sha256:7bd95eaa7d4eec95bba504c09dca0ec7aa4efdfa71426d440a8c901245da2a4f 180.36MB / 351.57MB 505.1s
#5 sha256:e987ca3078c362c923f1069eb0292c844e3d73320bf103b0ea0c62d93897d2ac 161.48MB / 2.32GB 505.1s
#5 sha256:271a891396ce7b0bf9643364eac9a31a1635b978780c5bffb060dc79a610cfed 126.88MB / 1.51GB 505.1s
#5 sha256:4b3ffd8ccb5201a0fc03585952effb4ed2d1ea5e704d2e7330212fb8b16c86a3 6.29MB / 29.72MB 41.0s
#5 sha256:7bd95eaa7d4eec95bba504c09dca0ec7aa4efdfa71426d440a8c901245da2a4f 181.40MB / 351.57MB 510.2s
#5 sha256:e987ca3078c362c923f1069eb0292c844e3d73320bf103b0ea0c62d93897d2ac 162.53MB / 2.32GB 510.2s
#5 sha256:271a891396ce7b0bf9643364eac9a31a1635b978780c5bffb060dc79a610cfed 127.93MB / 1.51GB 510.2s
#5 sha256:4b3ffd8ccb5201a0fc03585952effb4ed2d1ea5e704d2e7330212fb8b16c86a3 7.34MB / 29.72MB 46.1s
#5 sha256:7bd95eaa7d4eec95bba504c09dca0ec7aa4efdfa71426d440a8c901245da2a4f 182.45MB / 351.57MB 515.3s
#5 sha256:e987ca3078c362c923f1069eb0292c844e3d73320bf103b0ea0c62d93897d2ac 163.58MB / 2.32GB 515.3s
#5 sha256:271a891396ce7b0bf9643364eac9a31a1635b978780c5bffb060dc79a610cfed 128.97MB / 1.51GB 515.3s
#5 sha256:4b3ffd8ccb5201a0fc03585952effb4ed2d1ea5e704d2e7330212fb8b16c86a3 8.39MB / 29.72MB 51.2s
#5 sha256:7bd95eaa7d4eec95bba504c09dca0ec7aa4efdfa71426d440a8c901245da2a4f 182.45MB / 351.57MB 520.4s
#5 sha256:e987ca3078c362c923f1069eb0292c844e3d73320bf103b0ea0c62d93897d2ac 164.63MB / 2.32GB 520.4s
#5 sha256:271a891396ce7b0bf9643364eac9a31a1635b978780c5bffb060dc79a610cfed 128.97MB / 1.51GB 520.4s
#5 sha256:4b3ffd8ccb5201a0fc03585952effb4ed2d1ea5e704d2e7330212fb8b16c86a3 9.44MB / 29.72MB 56.3s
#5 sha256:7bd95eaa7d4eec95bba504c09dca0ec7aa4efdfa71426d440a8c901245da2a4f 183.50MB / 351.57MB 525.5s
#5 sha256:e987ca3078c362c923f1069eb0292c844e3d73320bf103b0ea0c62d93897d2ac 164.63MB / 2.32GB 525.5s
#5 sha256:271a891396ce7b0bf9643364eac9a31a1635b978780c5bffb060dc79a610cfed 130.02MB / 1.51GB 525.5s
#5 sha256:4b3ffd8ccb5201a0fc03585952effb4ed2d1ea5e704d2e7330212fb8b16c86a3 9.44MB / 29.72MB 61.4s
#5 sha256:7bd95eaa7d4eec95bba504c09dca0ec7aa4efdfa71426d440a8c901245da2a4f 184.55MB / 351.57MB 530.6s
#5 sha256:e987ca3078c362c923f1069eb0292c844e3d73320bf103b0ea0c62d93897d2ac 165.68MB / 2.32GB 530.6s
#5 sha256:271a891396ce7b0bf9643364eac9a31a1635b978780c5bffb060dc79a610cfed 131.07MB / 1.51GB 530.6s
#5 sha256:4b3ffd8ccb5201a0fc03585952effb4ed2d1ea5e704d2e7330212fb8b16c86a3 10.49MB / 29.72MB 66.5s
#5 sha256:7bd95eaa7d4eec95bba504c09dca0ec7aa4efdfa71426d440a8c901245da2a4f 185.60MB / 351.57MB 535.7s
#5 sha256:e987ca3078c362c923f1069eb0292c844e3d73320bf103b0ea0c62d93897d2ac 166.72MB / 2.32GB 535.7s
#5 sha256:271a891396ce7b0bf9643364eac9a31a1635b978780c5bffb060dc79a610cfed 132.12MB / 1.51GB 535.7s
#5 sha256:4b3ffd8ccb5201a0fc03585952effb4ed2d1ea5e704d2e7330212fb8b16c86a3 11.53MB / 29.72MB 71.6s
#5 sha256:7bd95eaa7d4eec95bba504c09dca0ec7aa4efdfa71426d440a8c901245da2a4f 186.65MB / 351.57MB 540.8s
#5 sha256:e987ca3078c362c923f1069eb0292c844e3d73320bf103b0ea0c62d93897d2ac 166.72MB / 2.32GB 540.8s
#5 sha256:271a891396ce7b0bf9643364eac9a31a1635b978780c5bffb060dc79a610cfed 133.17MB / 1.51GB 540.8s
#5 sha256:4b3ffd8ccb5201a0fc03585952effb4ed2d1ea5e704d2e7330212fb8b16c86a3 12.58MB / 29.72MB 76.7s
#5 sha256:7bd95eaa7d4eec95bba504c09dca0ec7aa4efdfa71426d440a8c901245da2a4f 187.70MB / 351.57MB 545.9s
#5 sha256:e987ca3078c362c923f1069eb0292c844e3d73320bf103b0ea0c62d93897d2ac 167.77MB / 2.32GB 545.9s
#5 sha256:271a891396ce7b0bf9643364eac9a31a1635b978780c5bffb060dc79a610cfed 134.22MB / 1.51GB 545.9s
#5 sha256:4b3ffd8ccb5201a0fc03585952effb4ed2d1ea5e704d2e7330212fb8b16c86a3 13.63MB / 29.72MB 81.8s
#5 sha256:7bd95eaa7d4eec95bba504c09dca0ec7aa4efdfa71426d440a8c901245da2a4f 189.79MB / 351.57MB 551.0s
#5 sha256:e987ca3078c362c923f1069eb0292c844e3d73320bf103b0ea0c62d93897d2ac 168.82MB / 2.32GB 551.0s
#5 sha256:271a891396ce7b0bf9643364eac9a31a1635b978780c5bffb060dc79a610cfed 135.27MB / 1.51GB 551.0s
#5 sha256:4b3ffd8ccb5201a0fc03585952effb4ed2d1ea5e704d2e7330212fb8b16c86a3 15.73MB / 29.72MB 85.8s
#5 sha256:7bd95eaa7d4eec95bba504c09dca0ec7aa4efdfa71426d440a8c901245da2a4f 190.84MB / 351.57MB 556.1s
#5 sha256:e987ca3078c362c923f1069eb0292c844e3d73320bf103b0ea0c62d93897d2ac 169.87MB / 2.32GB 556.1s
#5 sha256:271a891396ce7b0bf9643364eac9a31a1635b978780c5bffb060dc79a610cfed 136.31MB / 1.51GB 556.1s
#5 sha256:4b3ffd8ccb5201a0fc03585952effb4ed2d1ea5e704d2e7330212fb8b16c86a3 15.73MB / 29.72MB 90.9s
#5 sha256:7bd95eaa7d4eec95bba504c09dca0ec7aa4efdfa71426d440a8c901245da2a4f 191.89MB / 351.57MB 561.2s
#5 sha256:e987ca3078c362c923f1069eb0292c844e3d73320bf103b0ea0c62d93897d2ac 170.92MB / 2.32GB 561.2s
#5 sha256:271a891396ce7b0bf9643364eac9a31a1635b978780c5bffb060dc79a610cfed 137.36MB / 1.51GB 561.2s
#5 sha256:4b3ffd8ccb5201a0fc03585952effb4ed2d1ea5e704d2e7330212fb8b16c86a3 17.83MB / 29.72MB 95.3s
#5 sha256:7bd95eaa7d4eec95bba504c09dca0ec7aa4efdfa71426d440a8c901245da2a4f 192.94MB / 351.57MB 566.3s
#5 sha256:e987ca3078c362c923f1069eb0292c844e3d73320bf103b0ea0c62d93897d2ac 171.97MB / 2.32GB 566.3s
#5 sha256:271a891396ce7b0bf9643364eac9a31a1635b978780c5bffb060dc79a610cfed 138.41MB / 1.51GB 566.3s
#5 sha256:4b3ffd8ccb5201a0fc03585952effb4ed2d1ea5e704d2e7330212fb8b16c86a3 18.87MB / 29.72MB 100.4s
#5 sha256:7bd95eaa7d4eec95bba504c09dca0ec7aa4efdfa71426d440a8c901245da2a4f 195.04MB / 351.57MB 571.4s
#5 sha256:e987ca3078c362c923f1069eb0292c844e3d73320bf103b0ea0c62d93897d2ac 173.02MB / 2.32GB 571.4s
#5 sha256:271a891396ce7b0bf9643364eac9a31a1635b978780c5bffb060dc79a610cfed 140.51MB / 1.51GB 571.4s
#5 sha256:4b3ffd8ccb5201a0fc03585952effb4ed2d1ea5e704d2e7330212fb8b16c86a3 19.92MB / 29.72MB 105.5s
#5 sha256:7bd95eaa7d4eec95bba504c09dca0ec7aa4efdfa71426d440a8c901245da2a4f 196.08MB / 351.57MB 576.5s
#5 sha256:e987ca3078c362c923f1069eb0292c844e3d73320bf103b0ea0c62d93897d2ac 174.06MB / 2.32GB 576.5s
#5 sha256:271a891396ce7b0bf9643364eac9a31a1635b978780c5bffb060dc79a610cfed 141.56MB / 1.51GB 576.5s
#5 sha256:4b3ffd8ccb5201a0fc03585952effb4ed2d1ea5e704d2e7330212fb8b16c86a3 20.97MB / 29.72MB 110.6s
#5 sha256:7bd95eaa7d4eec95bba504c09dca0ec7aa4efdfa71426d440a8c901245da2a4f 198.18MB / 351.57MB 581.6s
#5 sha256:e987ca3078c362c923f1069eb0292c844e3d73320bf103b0ea0c62d93897d2ac 175.11MB / 2.32GB 581.6s
#5 sha256:271a891396ce7b0bf9643364eac9a31a1635b978780c5bffb060dc79a610cfed 143.65MB / 1.51GB 581.6s
#5 sha256:4b3ffd8ccb5201a0fc03585952effb4ed2d1ea5e704d2e7330212fb8b16c86a3 22.02MB / 29.72MB 115.7s
#5 sha256:7bd95eaa7d4eec95bba504c09dca0ec7aa4efdfa71426d440a8c901245da2a4f 200.28MB / 351.57MB 586.7s
#5 sha256:e987ca3078c362c923f1069eb0292c844e3d73320bf103b0ea0c62d93897d2ac 177.21MB / 2.32GB 586.7s
#5 sha256:271a891396ce7b0bf9643364eac9a31a1635b978780c5bffb060dc79a610cfed 144.70MB / 1.51GB 586.7s
#5 sha256:4b3ffd8ccb5201a0fc03585952effb4ed2d1ea5e704d2e7330212fb8b16c86a3 24.12MB / 29.72MB 120.2s
#5 sha256:7bd95eaa7d4eec95bba504c09dca0ec7aa4efdfa71426d440a8c901245da2a4f 202.38MB / 351.57MB 591.8s
#5 sha256:e987ca3078c362c923f1069eb0292c844e3d73320bf103b0ea0c62d93897d2ac 178.26MB / 2.32GB 591.8s
#5 sha256:271a891396ce7b0bf9643364eac9a31a1635b978780c5bffb060dc79a610cfed 146.80MB / 1.51GB 591.8s
#5 sha256:4b3ffd8ccb5201a0fc03585952effb4ed2d1ea5e704d2e7330212fb8b16c86a3 25.17MB / 29.72MB 125.3s
#5 sha256:7bd95eaa7d4eec95bba504c09dca0ec7aa4efdfa71426d440a8c901245da2a4f 203.42MB / 351.57MB 596.9s
#5 sha256:e987ca3078c362c923f1069eb0292c844e3d73320bf103b0ea0c62d93897d2ac 180.36MB / 2.32GB 596.9s
#5 sha256:271a891396ce7b0bf9643364eac9a31a1635b978780c5bffb060dc79a610cfed 147.85MB / 1.51GB 596.9s
#5 sha256:4b3ffd8ccb5201a0fc03585952effb4ed2d1ea5e704d2e7330212fb8b16c86a3 27.26MB / 29.72MB 129.3s
#5 sha256:7bd95eaa7d4eec95bba504c09dca0ec7aa4efdfa71426d440a8c901245da2a4f 205.52MB / 351.57MB 602.0s
#5 sha256:e987ca3078c362c923f1069eb0292c844e3d73320bf103b0ea0c62d93897d2ac 182.45MB / 2.32GB 602.0s
#5 sha256:271a891396ce7b0bf9643364eac9a31a1635b978780c5bffb060dc79a610cfed 149.95MB / 1.51GB 602.0s
#5 sha256:4b3ffd8ccb5201a0fc03585952effb4ed2d1ea5e704d2e7330212fb8b16c86a3 29.36MB / 29.72MB 134.4s
#5 sha256:4b3ffd8ccb5201a0fc03585952effb4ed2d1ea5e704d2e7330212fb8b16c86a3 29.72MB / 29.72MB 135.6s done
#5 extracting sha256:4b3ffd8ccb5201a0fc03585952effb4ed2d1ea5e704d2e7330212fb8b16c86a3
#5 extracting sha256:4b3ffd8ccb5201a0fc03585952effb4ed2d1ea5e704d2e7330212fb8b16c86a3 1.1s done
#5 extracting sha256:c567a87f21d2f8e46feb4f6c427eb5559d45a1a222f73d601352403d13af1ada
#5 extracting sha256:c567a87f21d2f8e46feb4f6c427eb5559d45a1a222f73d601352403d13af1ada 0.2s done
#5 extracting sha256:0b3b5bd928240da4156c41fcfb400c1f4f8674acd2faee0413ab5a032dfb5f76
#5 extracting sha256:0b3b5bd928240da4156c41fcfb400c1f4f8674acd2faee0413ab5a032dfb5f76 1.1s done
#5 extracting sha256:70f87b6ed43e1cbbe67ce74c7877fb771bf352b25d602a82ee4f840f2e265155 0.0s done
#5 extracting sha256:526d5438c009ab7178af1646fed10ff6f47a73f5a1ae7b9f49e63e4ade7e3ae6 0.0s done
#5 sha256:7bd95eaa7d4eec95bba504c09dca0ec7aa4efdfa71426d440a8c901245da2a4f 206.57MB / 351.57MB 607.1s
#5 sha256:e987ca3078c362c923f1069eb0292c844e3d73320bf103b0ea0c62d93897d2ac 184.55MB / 2.32GB 607.1s
#5 sha256:271a891396ce7b0bf9643364eac9a31a1635b978780c5bffb060dc79a610cfed 150.99MB / 1.51GB 607.1s
#5 sha256:7bd95eaa7d4eec95bba504c09dca0ec7aa4efdfa71426d440a8c901245da2a4f 208.67MB / 351.57MB 612.2s
#5 sha256:e987ca3078c362c923f1069eb0292c844e3d73320bf103b0ea0c62d93897d2ac 185.60MB / 2.32GB 612.2s
#5 sha256:271a891396ce7b0bf9643364eac9a31a1635b978780c5bffb060dc79a610cfed 153.09MB / 1.51GB 612.2s
#5 sha256:7bd95eaa7d4eec95bba504c09dca0ec7aa4efdfa71426d440a8c901245da2a4f 210.76MB / 351.57MB 617.3s
#5 sha256:e987ca3078c362c923f1069eb0292c844e3d73320bf103b0ea0c62d93897d2ac 187.70MB / 2.32GB 617.3s
#5 sha256:271a891396ce7b0bf9643364eac9a31a1635b978780c5bffb060dc79a610cfed 154.14MB / 1.51GB 617.3s
#5 sha256:7bd95eaa7d4eec95bba504c09dca0ec7aa4efdfa71426d440a8c901245da2a4f 212.86MB / 351.57MB 622.4s
#5 sha256:e987ca3078c362c923f1069eb0292c844e3d73320bf103b0ea0c62d93897d2ac 188.74MB / 2.32GB 622.4s
#5 sha256:271a891396ce7b0bf9643364eac9a31a1635b978780c5bffb060dc79a610cfed 156.24MB / 1.51GB 622.4s
#5 sha256:7bd95eaa7d4eec95bba504c09dca0ec7aa4efdfa71426d440a8c901245da2a4f 213.91MB / 351.57MB 627.5s
#5 sha256:e987ca3078c362c923f1069eb0292c844e3d73320bf103b0ea0c62d93897d2ac 189.79MB / 2.32GB 627.5s
#5 sha256:271a891396ce7b0bf9643364eac9a31a1635b978780c5bffb060dc79a610cfed 157.29MB / 1.51GB 627.5s
#5 sha256:7bd95eaa7d4eec95bba504c09dca0ec7aa4efdfa71426d440a8c901245da2a4f 216.01MB / 351.57MB 632.6s
#5 sha256:e987ca3078c362c923f1069eb0292c844e3d73320bf103b0ea0c62d93897d2ac 190.84MB / 2.32GB 632.6s
#5 sha256:271a891396ce7b0bf9643364eac9a31a1635b978780c5bffb060dc79a610cfed 158.33MB / 1.51GB 632.6s
#5 sha256:7bd95eaa7d4eec95bba504c09dca0ec7aa4efdfa71426d440a8c901245da2a4f 217.06MB / 351.57MB 637.7s
#5 sha256:e987ca3078c362c923f1069eb0292c844e3d73320bf103b0ea0c62d93897d2ac 191.89MB / 2.32GB 637.7s
#5 sha256:271a891396ce7b0bf9643364eac9a31a1635b978780c5bffb060dc79a610cfed 160.43MB / 1.51GB 637.7s
#5 sha256:7bd95eaa7d4eec95bba504c09dca0ec7aa4efdfa71426d440a8c901245da2a4f 219.15MB / 351.57MB 642.8s
#5 sha256:e987ca3078c362c923f1069eb0292c844e3d73320bf103b0ea0c62d93897d2ac 192.94MB / 2.32GB 642.8s
#5 sha256:271a891396ce7b0bf9643364eac9a31a1635b978780c5bffb060dc79a610cfed 161.48MB / 1.51GB 642.8s
#5 sha256:7bd95eaa7d4eec95bba504c09dca0ec7aa4efdfa71426d440a8c901245da2a4f 220.20MB / 351.57MB 647.9s
#5 sha256:e987ca3078c362c923f1069eb0292c844e3d73320bf103b0ea0c62d93897d2ac 193.99MB / 2.32GB 647.9s
#5 sha256:271a891396ce7b0bf9643364eac9a31a1635b978780c5bffb060dc79a610cfed 163.58MB / 1.51GB 647.9s
#5 sha256:7bd95eaa7d4eec95bba504c09dca0ec7aa4efdfa71426d440a8c901245da2a4f 222.30MB / 351.57MB 653.0s
#5 sha256:e987ca3078c362c923f1069eb0292c844e3d73320bf103b0ea0c62d93897d2ac 195.04MB / 2.32GB 653.0s
#5 sha256:271a891396ce7b0bf9643364eac9a31a1635b978780c5bffb060dc79a610cfed 164.63MB / 1.51GB 653.0s
#5 sha256:7bd95eaa7d4eec95bba504c09dca0ec7aa4efdfa71426d440a8c901245da2a4f 223.35MB / 351.57MB 658.1s
#5 sha256:e987ca3078c362c923f1069eb0292c844e3d73320bf103b0ea0c62d93897d2ac 196.08MB / 2.32GB 658.1s
#5 sha256:271a891396ce7b0bf9643364eac9a31a1635b978780c5bffb060dc79a610cfed 165.68MB / 1.51GB 658.1s
#5 sha256:7bd95eaa7d4eec95bba504c09dca0ec7aa4efdfa71426d440a8c901245da2a4f 225.44MB / 351.57MB 663.2s
#5 sha256:e987ca3078c362c923f1069eb0292c844e3d73320bf103b0ea0c62d93897d2ac 197.13MB / 2.32GB 663.2s
#5 sha256:271a891396ce7b0bf9643364eac9a31a1635b978780c5bffb060dc79a610cfed 167.77MB / 1.51GB 663.2s
#5 sha256:7bd95eaa7d4eec95bba504c09dca0ec7aa4efdfa71426d440a8c901245da2a4f 226.49MB / 351.57MB 668.3s
#5 sha256:e987ca3078c362c923f1069eb0292c844e3d73320bf103b0ea0c62d93897d2ac 198.18MB / 2.32GB 668.3s
#5 sha256:271a891396ce7b0bf9643364eac9a31a1635b978780c5bffb060dc79a610cfed 169.87MB / 1.51GB 668.3s
#5 sha256:7bd95eaa7d4eec95bba504c09dca0ec7aa4efdfa71426d440a8c901245da2a4f 227.54MB / 351.57MB 673.4s
#5 sha256:e987ca3078c362c923f1069eb0292c844e3d73320bf103b0ea0c62d93897d2ac 199.23MB / 2.32GB 673.4s
#5 sha256:271a891396ce7b0bf9643364eac9a31a1635b978780c5bffb060dc79a610cfed 170.92MB / 1.51GB 673.4s
#5 sha256:7bd95eaa7d4eec95bba504c09dca0ec7aa4efdfa71426d440a8c901245da2a4f 228.59MB / 351.57MB 678.5s
#5 sha256:e987ca3078c362c923f1069eb0292c844e3d73320bf103b0ea0c62d93897d2ac 200.28MB / 2.32GB 678.5s
#5 sha256:271a891396ce7b0bf9643364eac9a31a1635b978780c5bffb060dc79a610cfed 173.02MB / 1.51GB 678.5s
#5 sha256:7bd95eaa7d4eec95bba504c09dca0ec7aa4efdfa71426d440a8c901245da2a4f 229.64MB / 351.57MB 683.6s
#5 sha256:e987ca3078c362c923f1069eb0292c844e3d73320bf103b0ea0c62d93897d2ac 201.33MB / 2.32GB 683.6s
#5 sha256:271a891396ce7b0bf9643364eac9a31a1635b978780c5bffb060dc79a610cfed 175.11MB / 1.51GB 683.6s
#5 sha256:7bd95eaa7d4eec95bba504c09dca0ec7aa4efdfa71426d440a8c901245da2a4f 230.69MB / 351.57MB 688.7s
#5 sha256:e987ca3078c362c923f1069eb0292c844e3d73320bf103b0ea0c62d93897d2ac 202.38MB / 2.32GB 688.7s
#5 sha256:271a891396ce7b0bf9643364eac9a31a1635b978780c5bffb060dc79a610cfed 177.21MB / 1.51GB 688.7s
#5 sha256:7bd95eaa7d4eec95bba504c09dca0ec7aa4efdfa71426d440a8c901245da2a4f 231.74MB / 351.57MB 693.8s
#5 sha256:e987ca3078c362c923f1069eb0292c844e3d73320bf103b0ea0c62d93897d2ac 203.42MB / 2.32GB 693.8s
#5 sha256:271a891396ce7b0bf9643364eac9a31a1635b978780c5bffb060dc79a610cfed 178.26MB / 1.51GB 693.8s
#5 sha256:7bd95eaa7d4eec95bba504c09dca0ec7aa4efdfa71426d440a8c901245da2a4f 232.78MB / 351.57MB 698.9s
#5 sha256:e987ca3078c362c923f1069eb0292c844e3d73320bf103b0ea0c62d93897d2ac 204.47MB / 2.32GB 698.9s
#5 sha256:271a891396ce7b0bf9643364eac9a31a1635b978780c5bffb060dc79a610cfed 179.31MB / 1.51GB 698.9s
#5 sha256:7bd95eaa7d4eec95bba504c09dca0ec7aa4efdfa71426d440a8c901245da2a4f 234.88MB / 351.57MB 704.0s
#5 sha256:e987ca3078c362c923f1069eb0292c844e3d73320bf103b0ea0c62d93897d2ac 205.52MB / 2.32GB 704.0s
#5 sha256:271a891396ce7b0bf9643364eac9a31a1635b978780c5bffb060dc79a610cfed 180.36MB / 1.51GB 704.0s
#5 sha256:7bd95eaa7d4eec95bba504c09dca0ec7aa4efdfa71426d440a8c901245da2a4f 235.93MB / 351.57MB 709.1s
#5 sha256:e987ca3078c362c923f1069eb0292c844e3d73320bf103b0ea0c62d93897d2ac 206.57MB / 2.32GB 709.1s
#5 sha256:271a891396ce7b0bf9643364eac9a31a1635b978780c5bffb060dc79a610cfed 182.45MB / 1.51GB 709.1s
#5 sha256:7bd95eaa7d4eec95bba504c09dca0ec7aa4efdfa71426d440a8c901245da2a4f 236.98MB / 351.57MB 714.2s
#5 sha256:e987ca3078c362c923f1069eb0292c844e3d73320bf103b0ea0c62d93897d2ac 208.67MB / 2.32GB 714.2s
#5 sha256:271a891396ce7b0bf9643364eac9a31a1635b978780c5bffb060dc79a610cfed 183.50MB / 1.51GB 714.2s
#5 sha256:7bd95eaa7d4eec95bba504c09dca0ec7aa4efdfa71426d440a8c901245da2a4f 238.03MB / 351.57MB 719.3s
#5 sha256:e987ca3078c362c923f1069eb0292c844e3d73320bf103b0ea0c62d93897d2ac 209.72MB / 2.32GB 719.3s
#5 sha256:271a891396ce7b0bf9643364eac9a31a1635b978780c5bffb060dc79a610cfed 185.60MB / 1.51GB 719.3s
#5 sha256:7bd95eaa7d4eec95bba504c09dca0ec7aa4efdfa71426d440a8c901245da2a4f 240.12MB / 351.57MB 724.4s
#5 sha256:e987ca3078c362c923f1069eb0292c844e3d73320bf103b0ea0c62d93897d2ac 210.76MB / 2.32GB 724.4s
#5 sha256:271a891396ce7b0bf9643364eac9a31a1635b978780c5bffb060dc79a610cfed 186.65MB / 1.51GB 724.4s
#5 sha256:7bd95eaa7d4eec95bba504c09dca0ec7aa4efdfa71426d440a8c901245da2a4f 240.12MB / 351.57MB 729.5s
#5 sha256:e987ca3078c362c923f1069eb0292c844e3d73320bf103b0ea0c62d93897d2ac 210.76MB / 2.32GB 729.5s
#5 sha256:271a891396ce7b0bf9643364eac9a31a1635b978780c5bffb060dc79a610cfed 186.65MB / 1.51GB 729.5s
#5 sha256:7bd95eaa7d4eec95bba504c09dca0ec7aa4efdfa71426d440a8c901245da2a4f 241.17MB / 351.57MB 734.6s
#5 sha256:e987ca3078c362c923f1069eb0292c844e3d73320bf103b0ea0c62d93897d2ac 211.81MB / 2.32GB 734.6s
#5 sha256:271a891396ce7b0bf9643364eac9a31a1635b978780c5bffb060dc79a610cfed 187.70MB / 1.51GB 734.6s
#5 sha256:7bd95eaa7d4eec95bba504c09dca0ec7aa4efdfa71426d440a8c901245da2a4f 242.22MB / 351.57MB 739.7s
#5 sha256:e987ca3078c362c923f1069eb0292c844e3d73320bf103b0ea0c62d93897d2ac 212.86MB / 2.32GB 739.7s
#5 sha256:271a891396ce7b0bf9643364eac9a31a1635b978780c5bffb060dc79a610cfed 188.74MB / 1.51GB 739.7s
#5 sha256:7bd95eaa7d4eec95bba504c09dca0ec7aa4efdfa71426d440a8c901245da2a4f 243.27MB / 351.57MB 744.8s
#5 sha256:e987ca3078c362c923f1069eb0292c844e3d73320bf103b0ea0c62d93897d2ac 213.91MB / 2.32GB 744.8s
#5 sha256:271a891396ce7b0bf9643364eac9a31a1635b978780c5bffb060dc79a610cfed 189.79MB / 1.51GB 744.8s
#5 sha256:7bd95eaa7d4eec95bba504c09dca0ec7aa4efdfa71426d440a8c901245da2a4f 244.32MB / 351.57MB 749.9s
#5 sha256:e987ca3078c362c923f1069eb0292c844e3d73320bf103b0ea0c62d93897d2ac 213.91MB / 2.32GB 749.9s
#5 sha256:271a891396ce7b0bf9643364eac9a31a1635b978780c5bffb060dc79a610cfed 190.84MB / 1.51GB 749.9s
#5 sha256:7bd95eaa7d4eec95bba504c09dca0ec7aa4efdfa71426d440a8c901245da2a4f 245.37MB / 351.57MB 755.0s
#5 sha256:e987ca3078c362c923f1069eb0292c844e3d73320bf103b0ea0c62d93897d2ac 214.96MB / 2.32GB 755.0s
#5 sha256:271a891396ce7b0bf9643364eac9a31a1635b978780c5bffb060dc79a610cfed 191.89MB / 1.51GB 755.0s
#5 sha256:7bd95eaa7d4eec95bba504c09dca0ec7aa4efdfa71426d440a8c901245da2a4f 246.42MB / 351.57MB 760.1s
#5 sha256:e987ca3078c362c923f1069eb0292c844e3d73320bf103b0ea0c62d93897d2ac 216.01MB / 2.32GB 760.1s
#5 sha256:271a891396ce7b0bf9643364eac9a31a1635b978780c5bffb060dc79a610cfed 192.94MB / 1.51GB 760.1s
#5 sha256:7bd95eaa7d4eec95bba504c09dca0ec7aa4efdfa71426d440a8c901245da2a4f 247.46MB / 351.57MB 765.2s
#5 sha256:e987ca3078c362c923f1069eb0292c844e3d73320bf103b0ea0c62d93897d2ac 216.01MB / 2.32GB 765.2s
#5 sha256:271a891396ce7b0bf9643364eac9a31a1635b978780c5bffb060dc79a610cfed 193.99MB / 1.51GB 765.2s
#5 sha256:7bd95eaa7d4eec95bba504c09dca0ec7aa4efdfa71426d440a8c901245da2a4f 248.51MB / 351.57MB 770.3s
#5 sha256:e987ca3078c362c923f1069eb0292c844e3d73320bf103b0ea0c62d93897d2ac 217.06MB / 2.32GB 770.3s
#5 sha256:271a891396ce7b0bf9643364eac9a31a1635b978780c5bffb060dc79a610cfed 195.04MB / 1.51GB 770.3s
#5 sha256:7bd95eaa7d4eec95bba504c09dca0ec7aa4efdfa71426d440a8c901245da2a4f 248.51MB / 351.57MB 775.4s
#5 sha256:e987ca3078c362c923f1069eb0292c844e3d73320bf103b0ea0c62d93897d2ac 218.10MB / 2.32GB 775.4s
#5 sha256:271a891396ce7b0bf9643364eac9a31a1635b978780c5bffb060dc79a610cfed 196.08MB / 1.51GB 775.4s
#5 sha256:7bd95eaa7d4eec95bba504c09dca0ec7aa4efdfa71426d440a8c901245da2a4f 250.61MB / 351.57MB 780.5s
#5 sha256:e987ca3078c362c923f1069eb0292c844e3d73320bf103b0ea0c62d93897d2ac 220.20MB / 2.32GB 780.5s
#5 sha256:271a891396ce7b0bf9643364eac9a31a1635b978780c5bffb060dc79a610cfed 198.18MB / 1.51GB 780.5s
#5 sha256:7bd95eaa7d4eec95bba504c09dca0ec7aa4efdfa71426d440a8c901245da2a4f 251.66MB / 351.57MB 785.6s
#5 sha256:e987ca3078c362c923f1069eb0292c844e3d73320bf103b0ea0c62d93897d2ac 221.25MB / 2.32GB 785.6s
#5 sha256:271a891396ce7b0bf9643364eac9a31a1635b978780c5bffb060dc79a610cfed 199.23MB / 1.51GB 785.6s
#5 sha256:7bd95eaa7d4eec95bba504c09dca0ec7aa4efdfa71426d440a8c901245da2a4f 252.71MB / 351.57MB 790.7s
#5 sha256:e987ca3078c362c923f1069eb0292c844e3d73320bf103b0ea0c62d93897d2ac 222.30MB / 2.32GB 790.7s
#5 sha256:271a891396ce7b0bf9643364eac9a31a1635b978780c5bffb060dc79a610cfed 200.28MB / 1.51GB 790.7s
#5 sha256:7bd95eaa7d4eec95bba504c09dca0ec7aa4efdfa71426d440a8c901245da2a4f 253.76MB / 351.57MB 795.8s
#5 sha256:e987ca3078c362c923f1069eb0292c844e3d73320bf103b0ea0c62d93897d2ac 223.35MB / 2.32GB 795.8s
#5 sha256:271a891396ce7b0bf9643364eac9a31a1635b978780c5bffb060dc79a610cfed 201.33MB / 1.51GB 795.8s
#5 sha256:7bd95eaa7d4eec95bba504c09dca0ec7aa4efdfa71426d440a8c901245da2a4f 254.80MB / 351.57MB 800.9s
#5 sha256:e987ca3078c362c923f1069eb0292c844e3d73320bf103b0ea0c62d93897d2ac 224.40MB / 2.32GB 800.9s
#5 sha256:271a891396ce7b0bf9643364eac9a31a1635b978780c5bffb060dc79a610cfed 201.33MB / 1.51GB 800.9s
#5 sha256:7bd95eaa7d4eec95bba504c09dca0ec7aa4efdfa71426d440a8c901245da2a4f 255.85MB / 351.57MB 806.0s
#5 sha256:e987ca3078c362c923f1069eb0292c844e3d73320bf103b0ea0c62d93897d2ac 224.40MB / 2.32GB 806.0s
#5 sha256:271a891396ce7b0bf9643364eac9a31a1635b978780c5bffb060dc79a610cfed 202.38MB / 1.51GB 806.0s
#5 sha256:7bd95eaa7d4eec95bba504c09dca0ec7aa4efdfa71426d440a8c901245da2a4f 256.90MB / 351.57MB 811.1s
#5 sha256:e987ca3078c362c923f1069eb0292c844e3d73320bf103b0ea0c62d93897d2ac 225.44MB / 2.32GB 811.1s
#5 sha256:271a891396ce7b0bf9643364eac9a31a1635b978780c5bffb060dc79a610cfed 203.42MB / 1.51GB 811.1s
#5 sha256:7bd95eaa7d4eec95bba504c09dca0ec7aa4efdfa71426d440a8c901245da2a4f 256.90MB / 351.57MB 816.2s
#5 sha256:e987ca3078c362c923f1069eb0292c844e3d73320bf103b0ea0c62d93897d2ac 226.49MB / 2.32GB 816.2s
#5 sha256:271a891396ce7b0bf9643364eac9a31a1635b978780c5bffb060dc79a610cfed 204.47MB / 1.51GB 816.2s
#5 sha256:7bd95eaa7d4eec95bba504c09dca0ec7aa4efdfa71426d440a8c901245da2a4f 257.95MB / 351.57MB 821.3s
#5 sha256:e987ca3078c362c923f1069eb0292c844e3d73320bf103b0ea0c62d93897d2ac 227.54MB / 2.32GB 821.3s
#5 sha256:271a891396ce7b0bf9643364eac9a31a1635b978780c5bffb060dc79a610cfed 205.52MB / 1.51GB 821.3s
#5 sha256:7bd95eaa7d4eec95bba504c09dca0ec7aa4efdfa71426d440a8c901245da2a4f 259.00MB / 351.57MB 826.4s
#5 sha256:e987ca3078c362c923f1069eb0292c844e3d73320bf103b0ea0c62d93897d2ac 227.54MB / 2.32GB 826.4s
#5 sha256:271a891396ce7b0bf9643364eac9a31a1635b978780c5bffb060dc79a610cfed 206.57MB / 1.51GB 826.4s
#5 sha256:7bd95eaa7d4eec95bba504c09dca0ec7aa4efdfa71426d440a8c901245da2a4f 260.05MB / 351.57MB 831.5s
#5 sha256:e987ca3078c362c923f1069eb0292c844e3d73320bf103b0ea0c62d93897d2ac 228.59MB / 2.32GB 831.5s
#5 sha256:271a891396ce7b0bf9643364eac9a31a1635b978780c5bffb060dc79a610cfed 206.57MB / 1.51GB 831.5s
#5 sha256:7bd95eaa7d4eec95bba504c09dca0ec7aa4efdfa71426d440a8c901245da2a4f 260.05MB / 351.57MB 836.6s
#5 sha256:e987ca3078c362c923f1069eb0292c844e3d73320bf103b0ea0c62d93897d2ac 229.64MB / 2.32GB 836.6s
#5 sha256:271a891396ce7b0bf9643364eac9a31a1635b978780c5bffb060dc79a610cfed 207.62MB / 1.51GB 836.6s
#5 sha256:7bd95eaa7d4eec95bba504c09dca0ec7aa4efdfa71426d440a8c901245da2a4f 262.14MB / 351.57MB 841.7s
#5 sha256:e987ca3078c362c923f1069eb0292c844e3d73320bf103b0ea0c62d93897d2ac 230.69MB / 2.32GB 841.7s
#5 sha256:271a891396ce7b0bf9643364eac9a31a1635b978780c5bffb060dc79a610cfed 208.67MB / 1.51GB 841.7s
#5 sha256:7bd95eaa7d4eec95bba504c09dca0ec7aa4efdfa71426d440a8c901245da2a4f 262.14MB / 351.57MB 846.8s
#5 sha256:e987ca3078c362c923f1069eb0292c844e3d73320bf103b0ea0c62d93897d2ac 230.69MB / 2.32GB 846.8s
#5 sha256:271a891396ce7b0bf9643364eac9a31a1635b978780c5bffb060dc79a610cfed 209.72MB / 1.51GB 846.8s
#5 sha256:7bd95eaa7d4eec95bba504c09dca0ec7aa4efdfa71426d440a8c901245da2a4f 263.19MB / 351.57MB 851.9s
#5 sha256:e987ca3078c362c923f1069eb0292c844e3d73320bf103b0ea0c62d93897d2ac 231.74MB / 2.32GB 851.9s
#5 sha256:271a891396ce7b0bf9643364eac9a31a1635b978780c5bffb060dc79a610cfed 210.76MB / 1.51GB 851.9s
#5 sha256:7bd95eaa7d4eec95bba504c09dca0ec7aa4efdfa71426d440a8c901245da2a4f 264.24MB / 351.57MB 857.0s
#5 sha256:e987ca3078c362c923f1069eb0292c844e3d73320bf103b0ea0c62d93897d2ac 232.78MB / 2.32GB 857.0s
#5 sha256:271a891396ce7b0bf9643364eac9a31a1635b978780c5bffb060dc79a610cfed 211.81MB / 1.51GB 857.0s
#5 sha256:7bd95eaa7d4eec95bba504c09dca0ec7aa4efdfa71426d440a8c901245da2a4f 265.29MB / 351.57MB 862.1s
#5 sha256:e987ca3078c362c923f1069eb0292c844e3d73320bf103b0ea0c62d93897d2ac 233.83MB / 2.32GB 862.1s
#5 sha256:271a891396ce7b0bf9643364eac9a31a1635b978780c5bffb060dc79a610cfed 212.86MB / 1.51GB 862.1s
#5 sha256:7bd95eaa7d4eec95bba504c09dca0ec7aa4efdfa71426d440a8c901245da2a4f 266.34MB / 351.57MB 867.2s
#5 sha256:e987ca3078c362c923f1069eb0292c844e3d73320bf103b0ea0c62d93897d2ac 233.83MB / 2.32GB 867.2s
#5 sha256:271a891396ce7b0bf9643364eac9a31a1635b978780c5bffb060dc79a610cfed 213.91MB / 1.51GB 867.2s
#5 sha256:7bd95eaa7d4eec95bba504c09dca0ec7aa4efdfa71426d440a8c901245da2a4f 267.39MB / 351.57MB 872.3s
#5 sha256:e987ca3078c362c923f1069eb0292c844e3d73320bf103b0ea0c62d93897d2ac 234.88MB / 2.32GB 872.3s
#5 sha256:271a891396ce7b0bf9643364eac9a31a1635b978780c5bffb060dc79a610cfed 214.96MB / 1.51GB 872.3s
#5 sha256:7bd95eaa7d4eec95bba504c09dca0ec7aa4efdfa71426d440a8c901245da2a4f 268.44MB / 351.57MB 877.4s
#5 sha256:e987ca3078c362c923f1069eb0292c844e3d73320bf103b0ea0c62d93897d2ac 235.93MB / 2.32GB 877.4s
#5 sha256:271a891396ce7b0bf9643364eac9a31a1635b978780c5bffb060dc79a610cfed 216.01MB / 1.51GB 877.4s
#5 sha256:7bd95eaa7d4eec95bba504c09dca0ec7aa4efdfa71426d440a8c901245da2a4f 269.48MB / 351.57MB 882.5s
#5 sha256:e987ca3078c362c923f1069eb0292c844e3d73320bf103b0ea0c62d93897d2ac 235.93MB / 2.32GB 882.5s
#5 sha256:271a891396ce7b0bf9643364eac9a31a1635b978780c5bffb060dc79a610cfed 216.01MB / 1.51GB 882.5s
#5 sha256:7bd95eaa7d4eec95bba504c09dca0ec7aa4efdfa71426d440a8c901245da2a4f 270.53MB / 351.57MB 887.6s
#5 sha256:e987ca3078c362c923f1069eb0292c844e3d73320bf103b0ea0c62d93897d2ac 236.98MB / 2.32GB 887.6s
#5 sha256:271a891396ce7b0bf9643364eac9a31a1635b978780c5bffb060dc79a610cfed 217.06MB / 1.51GB 887.6s
#5 sha256:7bd95eaa7d4eec95bba504c09dca0ec7aa4efdfa71426d440a8c901245da2a4f 272.63MB / 351.57MB 892.7s
#5 sha256:e987ca3078c362c923f1069eb0292c844e3d73320bf103b0ea0c62d93897d2ac 238.03MB / 2.32GB 892.7s
#5 sha256:271a891396ce7b0bf9643364eac9a31a1635b978780c5bffb060dc79a610cfed 218.10MB / 1.51GB 892.7s
#5 sha256:7bd95eaa7d4eec95bba504c09dca0ec7aa4efdfa71426d440a8c901245da2a4f 273.68MB / 351.57MB 897.8s
#5 sha256:e987ca3078c362c923f1069eb0292c844e3d73320bf103b0ea0c62d93897d2ac 239.08MB / 2.32GB 897.8s
#5 sha256:271a891396ce7b0bf9643364eac9a31a1635b978780c5bffb060dc79a610cfed 219.15MB / 1.51GB 897.8s
#5 sha256:7bd95eaa7d4eec95bba504c09dca0ec7aa4efdfa71426d440a8c901245da2a4f 274.73MB / 351.57MB 902.9s
#5 sha256:e987ca3078c362c923f1069eb0292c844e3d73320bf103b0ea0c62d93897d2ac 240.12MB / 2.32GB 902.9s
#5 sha256:271a891396ce7b0bf9643364eac9a31a1635b978780c5bffb060dc79a610cfed 221.25MB / 1.51GB 902.9s
#5 sha256:7bd95eaa7d4eec95bba504c09dca0ec7aa4efdfa71426d440a8c901245da2a4f 275.78MB / 351.57MB 908.0s
#5 sha256:e987ca3078c362c923f1069eb0292c844e3d73320bf103b0ea0c62d93897d2ac 242.22MB / 2.32GB 908.0s
#5 sha256:271a891396ce7b0bf9643364eac9a31a1635b978780c5bffb060dc79a610cfed 222.30MB / 1.51GB 908.0s
#5 sha256:7bd95eaa7d4eec95bba504c09dca0ec7aa4efdfa71426d440a8c901245da2a4f 277.87MB / 351.57MB 913.1s
#5 sha256:e987ca3078c362c923f1069eb0292c844e3d73320bf103b0ea0c62d93897d2ac 243.27MB / 2.32GB 913.1s
#5 sha256:271a891396ce7b0bf9643364eac9a31a1635b978780c5bffb060dc79a610cfed 223.35MB / 1.51GB 913.1s
#5 sha256:7bd95eaa7d4eec95bba504c09dca0ec7aa4efdfa71426d440a8c901245da2a4f 278.92MB / 351.57MB 918.2s
#5 sha256:e987ca3078c362c923f1069eb0292c844e3d73320bf103b0ea0c62d93897d2ac 244.32MB / 2.32GB 918.2s
#5 sha256:271a891396ce7b0bf9643364eac9a31a1635b978780c5bffb060dc79a610cfed 225.44MB / 1.51GB 918.2s
#5 sha256:7bd95eaa7d4eec95bba504c09dca0ec7aa4efdfa71426d440a8c901245da2a4f 279.97MB / 351.57MB 923.3s
#5 sha256:e987ca3078c362c923f1069eb0292c844e3d73320bf103b0ea0c62d93897d2ac 245.37MB / 2.32GB 923.3s
#5 sha256:271a891396ce7b0bf9643364eac9a31a1635b978780c5bffb060dc79a610cfed 226.49MB / 1.51GB 923.3s
#5 sha256:7bd95eaa7d4eec95bba504c09dca0ec7aa4efdfa71426d440a8c901245da2a4f 282.07MB / 351.57MB 928.4s
#5 sha256:e987ca3078c362c923f1069eb0292c844e3d73320bf103b0ea0c62d93897d2ac 246.42MB / 2.32GB 928.4s
#5 sha256:271a891396ce7b0bf9643364eac9a31a1635b978780c5bffb060dc79a610cfed 228.59MB / 1.51GB 928.4s
#5 sha256:7bd95eaa7d4eec95bba504c09dca0ec7aa4efdfa71426d440a8c901245da2a4f 283.12MB / 351.57MB 933.5s
#5 sha256:e987ca3078c362c923f1069eb0292c844e3d73320bf103b0ea0c62d93897d2ac 247.46MB / 2.32GB 933.5s
#5 sha256:271a891396ce7b0bf9643364eac9a31a1635b978780c5bffb060dc79a610cfed 229.64MB / 1.51GB 933.5s
#5 sha256:7bd95eaa7d4eec95bba504c09dca0ec7aa4efdfa71426d440a8c901245da2a4f 285.21MB / 351.57MB 938.6s
#5 sha256:e987ca3078c362c923f1069eb0292c844e3d73320bf103b0ea0c62d93897d2ac 249.56MB / 2.32GB 938.6s
#5 sha256:271a891396ce7b0bf9643364eac9a31a1635b978780c5bffb060dc79a610cfed 231.74MB / 1.51GB 938.6s
#5 sha256:7bd95eaa7d4eec95bba504c09dca0ec7aa4efdfa71426d440a8c901245da2a4f 286.26MB / 351.57MB 943.7s
#5 sha256:e987ca3078c362c923f1069eb0292c844e3d73320bf103b0ea0c62d93897d2ac 250.61MB / 2.32GB 943.7s
#5 sha256:271a891396ce7b0bf9643364eac9a31a1635b978780c5bffb060dc79a610cfed 233.83MB / 1.51GB 943.7s
#5 sha256:7bd95eaa7d4eec95bba504c09dca0ec7aa4efdfa71426d440a8c901245da2a4f 288.36MB / 351.57MB 948.8s
#5 sha256:e987ca3078c362c923f1069eb0292c844e3d73320bf103b0ea0c62d93897d2ac 251.66MB / 2.32GB 948.8s
#5 sha256:271a891396ce7b0bf9643364eac9a31a1635b978780c5bffb060dc79a610cfed 234.88MB / 1.51GB 948.8s
#5 sha256:7bd95eaa7d4eec95bba504c09dca0ec7aa4efdfa71426d440a8c901245da2a4f 289.41MB / 351.57MB 953.9s
#5 sha256:e987ca3078c362c923f1069eb0292c844e3d73320bf103b0ea0c62d93897d2ac 253.76MB / 2.32GB 953.9s
#5 sha256:271a891396ce7b0bf9643364eac9a31a1635b978780c5bffb060dc79a610cfed 236.98MB / 1.51GB 953.9s
#5 sha256:7bd95eaa7d4eec95bba504c09dca0ec7aa4efdfa71426d440a8c901245da2a4f 291.50MB / 351.57MB 959.0s
#5 sha256:e987ca3078c362c923f1069eb0292c844e3d73320bf103b0ea0c62d93897d2ac 254.80MB / 2.32GB 959.0s
#5 sha256:271a891396ce7b0bf9643364eac9a31a1635b978780c5bffb060dc79a610cfed 239.08MB / 1.51GB 959.0s
#5 sha256:7bd95eaa7d4eec95bba504c09dca0ec7aa4efdfa71426d440a8c901245da2a4f 292.55MB / 351.57MB 964.1s
#5 sha256:e987ca3078c362c923f1069eb0292c844e3d73320bf103b0ea0c62d93897d2ac 255.85MB / 2.32GB 964.1s
#5 sha256:271a891396ce7b0bf9643364eac9a31a1635b978780c5bffb060dc79a610cfed 240.12MB / 1.51GB 964.1s
#5 sha256:7bd95eaa7d4eec95bba504c09dca0ec7aa4efdfa71426d440a8c901245da2a4f 293.60MB / 351.57MB 969.2s
#5 sha256:e987ca3078c362c923f1069eb0292c844e3d73320bf103b0ea0c62d93897d2ac 256.90MB / 2.32GB 969.2s
#5 sha256:271a891396ce7b0bf9643364eac9a31a1635b978780c5bffb060dc79a610cfed 241.17MB / 1.51GB 969.2s
#5 sha256:7bd95eaa7d4eec95bba504c09dca0ec7aa4efdfa71426d440a8c901245da2a4f 294.65MB / 351.57MB 974.3s
#5 sha256:e987ca3078c362c923f1069eb0292c844e3d73320bf103b0ea0c62d93897d2ac 257.95MB / 2.32GB 974.3s
#5 sha256:271a891396ce7b0bf9643364eac9a31a1635b978780c5bffb060dc79a610cfed 242.22MB / 1.51GB 974.3s
#5 sha256:7bd95eaa7d4eec95bba504c09dca0ec7aa4efdfa71426d440a8c901245da2a4f 295.70MB / 351.57MB 979.4s
#5 sha256:e987ca3078c362c923f1069eb0292c844e3d73320bf103b0ea0c62d93897d2ac 260.05MB / 2.32GB 979.4s
#5 sha256:271a891396ce7b0bf9643364eac9a31a1635b978780c5bffb060dc79a610cfed 243.27MB / 1.51GB 979.4s
#5 sha256:7bd95eaa7d4eec95bba504c09dca0ec7aa4efdfa71426d440a8c901245da2a4f 297.80MB / 351.57MB 984.5s
#5 sha256:e987ca3078c362c923f1069eb0292c844e3d73320bf103b0ea0c62d93897d2ac 261.10MB / 2.32GB 984.5s
#5 sha256:271a891396ce7b0bf9643364eac9a31a1635b978780c5bffb060dc79a610cfed 245.37MB / 1.51GB 984.5s
#5 sha256:7bd95eaa7d4eec95bba504c09dca0ec7aa4efdfa71426d440a8c901245da2a4f 298.84MB / 351.57MB 989.6s
#5 sha256:e987ca3078c362c923f1069eb0292c844e3d73320bf103b0ea0c62d93897d2ac 263.19MB / 2.32GB 989.6s
#5 sha256:271a891396ce7b0bf9643364eac9a31a1635b978780c5bffb060dc79a610cfed 246.42MB / 1.51GB 989.6s
#5 sha256:7bd95eaa7d4eec95bba504c09dca0ec7aa4efdfa71426d440a8c901245da2a4f 299.89MB / 351.57MB 994.7s
#5 sha256:e987ca3078c362c923f1069eb0292c844e3d73320bf103b0ea0c62d93897d2ac 264.24MB / 2.32GB 994.7s
#5 sha256:271a891396ce7b0bf9643364eac9a31a1635b978780c5bffb060dc79a610cfed 248.51MB / 1.51GB 994.7s
#5 sha256:7bd95eaa7d4eec95bba504c09dca0ec7aa4efdfa71426d440a8c901245da2a4f 301.99MB / 351.57MB 999.8s
#5 sha256:e987ca3078c362c923f1069eb0292c844e3d73320bf103b0ea0c62d93897d2ac 266.34MB / 2.32GB 999.8s
#5 sha256:271a891396ce7b0bf9643364eac9a31a1635b978780c5bffb060dc79a610cfed 249.56MB / 1.51GB 999.8s
#5 sha256:7bd95eaa7d4eec95bba504c09dca0ec7aa4efdfa71426d440a8c901245da2a4f 309.33MB / 351.57MB 1004.9s
#5 sha256:e987ca3078c362c923f1069eb0292c844e3d73320bf103b0ea0c62d93897d2ac 273.68MB / 2.32GB 1004.9s
#5 sha256:271a891396ce7b0bf9643364eac9a31a1635b978780c5bffb060dc79a610cfed 256.90MB / 1.51GB 1004.9s
#5 sha256:7bd95eaa7d4eec95bba504c09dca0ec7aa4efdfa71426d440a8c901245da2a4f 319.82MB / 351.57MB 1010.0s
#5 sha256:e987ca3078c362c923f1069eb0292c844e3d73320bf103b0ea0c62d93897d2ac 285.21MB / 2.32GB 1010.0s
#5 sha256:271a891396ce7b0bf9643364eac9a31a1635b978780c5bffb060dc79a610cfed 265.29MB / 1.51GB 1010.0s
#5 sha256:7bd95eaa7d4eec95bba504c09dca0ec7aa4efdfa71426d440a8c901245da2a4f 327.16MB / 351.57MB 1015.1s
#5 sha256:e987ca3078c362c923f1069eb0292c844e3d73320bf103b0ea0c62d93897d2ac 297.80MB / 2.32GB 1015.1s
#5 sha256:271a891396ce7b0bf9643364eac9a31a1635b978780c5bffb060dc79a610cfed 271.58MB / 1.51GB 1015.1s
#5 sha256:7bd95eaa7d4eec95bba504c09dca0ec7aa4efdfa71426d440a8c901245da2a4f 334.50MB / 351.57MB 1020.2s
#5 sha256:e987ca3078c362c923f1069eb0292c844e3d73320bf103b0ea0c62d93897d2ac 308.28MB / 2.32GB 1020.2s
#5 sha256:271a891396ce7b0bf9643364eac9a31a1635b978780c5bffb060dc79a610cfed 274.73MB / 1.51GB 1020.2s
#5 sha256:7bd95eaa7d4eec95bba504c09dca0ec7aa4efdfa71426d440a8c901245da2a4f 341.84MB / 351.57MB 1025.3s
#5 sha256:e987ca3078c362c923f1069eb0292c844e3d73320bf103b0ea0c62d93897d2ac 315.62MB / 2.32GB 1025.3s
#5 sha256:271a891396ce7b0bf9643364eac9a31a1635b978780c5bffb060dc79a610cfed 278.92MB / 1.51GB 1025.3s
#5 sha256:7bd95eaa7d4eec95bba504c09dca0ec7aa4efdfa71426d440a8c901245da2a4f 350.22MB / 351.57MB 1030.4s
#5 sha256:e987ca3078c362c923f1069eb0292c844e3d73320bf103b0ea0c62d93897d2ac 324.01MB / 2.32GB 1030.4s
#5 sha256:7bd95eaa7d4eec95bba504c09dca0ec7aa4efdfa71426d440a8c901245da2a4f 351.57MB / 351.57MB 1030.7s done
#5 sha256:271a891396ce7b0bf9643364eac9a31a1635b978780c5bffb060dc79a610cfed 282.07MB / 1.51GB 1030.4s
#5 sha256:e987ca3078c362c923f1069eb0292c844e3d73320bf103b0ea0c62d93897d2ac 339.74MB / 2.32GB 1035.5s
#5 sha256:271a891396ce7b0bf9643364eac9a31a1635b978780c5bffb060dc79a610cfed 287.31MB / 1.51GB 1035.5s
#5 sha256:e987ca3078c362c923f1069eb0292c844e3d73320bf103b0ea0c62d93897d2ac 351.27MB / 2.32GB 1040.6s
#5 sha256:271a891396ce7b0bf9643364eac9a31a1635b978780c5bffb060dc79a610cfed 292.55MB / 1.51GB 1040.6s
#5 sha256:e987ca3078c362c923f1069eb0292c844e3d73320bf103b0ea0c62d93897d2ac 361.76MB / 2.32GB 1045.7s
#5 sha256:271a891396ce7b0bf9643364eac9a31a1635b978780c5bffb060dc79a610cfed 297.80MB / 1.51GB 1045.7s
#5 sha256:e987ca3078c362c923f1069eb0292c844e3d73320bf103b0ea0c62d93897d2ac 374.34MB / 2.32GB 1050.8s
#5 sha256:271a891396ce7b0bf9643364eac9a31a1635b978780c5bffb060dc79a610cfed 303.04MB / 1.51GB 1050.8s
#5 sha256:e987ca3078c362c923f1069eb0292c844e3d73320bf103b0ea0c62d93897d2ac 381.68MB / 2.32GB 1055.9s
#5 sha256:271a891396ce7b0bf9643364eac9a31a1635b978780c5bffb060dc79a610cfed 306.18MB / 1.51GB 1055.9s
#5 sha256:e987ca3078c362c923f1069eb0292c844e3d73320bf103b0ea0c62d93897d2ac 386.92MB / 2.32GB 1061.0s
#5 sha256:271a891396ce7b0bf9643364eac9a31a1635b978780c5bffb060dc79a610cfed 308.28MB / 1.51GB 1061.0s
#5 sha256:e987ca3078c362c923f1069eb0292c844e3d73320bf103b0ea0c62d93897d2ac 394.26MB / 2.32GB 1066.1s
#5 sha256:271a891396ce7b0bf9643364eac9a31a1635b978780c5bffb060dc79a610cfed 311.43MB / 1.51GB 1066.1s
#5 sha256:e987ca3078c362c923f1069eb0292c844e3d73320bf103b0ea0c62d93897d2ac 400.56MB / 2.32GB 1071.2s
#5 sha256:271a891396ce7b0bf9643364eac9a31a1635b978780c5bffb060dc79a610cfed 314.57MB / 1.51GB 1071.2s
#5 sha256:e987ca3078c362c923f1069eb0292c844e3d73320bf103b0ea0c62d93897d2ac 408.94MB / 2.32GB 1076.3s
#5 sha256:271a891396ce7b0bf9643364eac9a31a1635b978780c5bffb060dc79a610cfed 318.77MB / 1.51GB 1076.3s
#5 sha256:e987ca3078c362c923f1069eb0292c844e3d73320bf103b0ea0c62d93897d2ac 415.24MB / 2.32GB 1081.4s
#5 sha256:271a891396ce7b0bf9643364eac9a31a1635b978780c5bffb060dc79a610cfed 322.96MB / 1.51GB 1081.4s
#5 sha256:e987ca3078c362c923f1069eb0292c844e3d73320bf103b0ea0c62d93897d2ac 421.53MB / 2.32GB 1086.5s
#5 sha256:271a891396ce7b0bf9643364eac9a31a1635b978780c5bffb060dc79a610cfed 328.20MB / 1.51GB 1086.5s
#5 sha256:e987ca3078c362c923f1069eb0292c844e3d73320bf103b0ea0c62d93897d2ac 426.77MB / 2.32GB 1091.6s
#5 sha256:271a891396ce7b0bf9643364eac9a31a1635b978780c5bffb060dc79a610cfed 332.40MB / 1.51GB 1091.6s
#5 sha256:e987ca3078c362c923f1069eb0292c844e3d73320bf103b0ea0c62d93897d2ac 430.96MB / 2.32GB 1096.7s
#5 sha256:271a891396ce7b0bf9643364eac9a31a1635b978780c5bffb060dc79a610cfed 336.59MB / 1.51GB 1096.7s
#5 sha256:e987ca3078c362c923f1069eb0292c844e3d73320bf103b0ea0c62d93897d2ac 436.21MB / 2.32GB 1101.8s
#5 sha256:271a891396ce7b0bf9643364eac9a31a1635b978780c5bffb060dc79a610cfed 340.79MB / 1.51GB 1101.8s
#5 sha256:e987ca3078c362c923f1069eb0292c844e3d73320bf103b0ea0c62d93897d2ac 440.40MB / 2.32GB 1106.9s
#5 sha256:271a891396ce7b0bf9643364eac9a31a1635b978780c5bffb060dc79a610cfed 344.98MB / 1.51GB 1106.9s
#5 sha256:e987ca3078c362c923f1069eb0292c844e3d73320bf103b0ea0c62d93897d2ac 443.55MB / 2.32GB 1112.0s
#5 sha256:271a891396ce7b0bf9643364eac9a31a1635b978780c5bffb060dc79a610cfed 348.13MB / 1.51GB 1112.0s
#5 sha256:e987ca3078c362c923f1069eb0292c844e3d73320bf103b0ea0c62d93897d2ac 445.64MB / 2.32GB 1117.1s
#5 sha256:271a891396ce7b0bf9643364eac9a31a1635b978780c5bffb060dc79a610cfed 350.22MB / 1.51GB 1117.1s
#5 sha256:e987ca3078c362c923f1069eb0292c844e3d73320bf103b0ea0c62d93897d2ac 447.74MB / 2.32GB 1122.2s
#5 sha256:271a891396ce7b0bf9643364eac9a31a1635b978780c5bffb060dc79a610cfed 353.37MB / 1.51GB 1122.2s
#5 sha256:e987ca3078c362c923f1069eb0292c844e3d73320bf103b0ea0c62d93897d2ac 449.84MB / 2.32GB 1127.3s
#5 sha256:271a891396ce7b0bf9643364eac9a31a1635b978780c5bffb060dc79a610cfed 357.56MB / 1.51GB 1127.3s
#5 sha256:e987ca3078c362c923f1069eb0292c844e3d73320bf103b0ea0c62d93897d2ac 451.94MB / 2.32GB 1132.4s
#5 sha256:271a891396ce7b0bf9643364eac9a31a1635b978780c5bffb060dc79a610cfed 360.71MB / 1.51GB 1132.4s
#5 sha256:e987ca3078c362c923f1069eb0292c844e3d73320bf103b0ea0c62d93897d2ac 455.08MB / 2.32GB 1137.5s
#5 sha256:271a891396ce7b0bf9643364eac9a31a1635b978780c5bffb060dc79a610cfed 363.86MB / 1.51GB 1137.5s
#5 sha256:e987ca3078c362c923f1069eb0292c844e3d73320bf103b0ea0c62d93897d2ac 457.18MB / 2.32GB 1142.6s
#5 sha256:271a891396ce7b0bf9643364eac9a31a1635b978780c5bffb060dc79a610cfed 367.00MB / 1.51GB 1142.6s
#5 sha256:e987ca3078c362c923f1069eb0292c844e3d73320bf103b0ea0c62d93897d2ac 459.28MB / 2.32GB 1147.7s
#5 sha256:271a891396ce7b0bf9643364eac9a31a1635b978780c5bffb060dc79a610cfed 371.20MB / 1.51GB 1147.7s
#5 sha256:e987ca3078c362c923f1069eb0292c844e3d73320bf103b0ea0c62d93897d2ac 461.37MB / 2.32GB 1152.8s
#5 sha256:271a891396ce7b0bf9643364eac9a31a1635b978780c5bffb060dc79a610cfed 375.39MB / 1.51GB 1152.8s
#5 sha256:e987ca3078c362c923f1069eb0292c844e3d73320bf103b0ea0c62d93897d2ac 462.42MB / 2.32GB 1157.9s
#5 sha256:271a891396ce7b0bf9643364eac9a31a1635b978780c5bffb060dc79a610cfed 377.49MB / 1.51GB 1157.9s
#5 sha256:e987ca3078c362c923f1069eb0292c844e3d73320bf103b0ea0c62d93897d2ac 465.57MB / 2.32GB 1163.0s
#5 sha256:271a891396ce7b0bf9643364eac9a31a1635b978780c5bffb060dc79a610cfed 379.58MB / 1.51GB 1163.0s
#5 sha256:e987ca3078c362c923f1069eb0292c844e3d73320bf103b0ea0c62d93897d2ac 467.66MB / 2.32GB 1168.1s
#5 sha256:271a891396ce7b0bf9643364eac9a31a1635b978780c5bffb060dc79a610cfed 381.68MB / 1.51GB 1168.1s
#5 sha256:e987ca3078c362c923f1069eb0292c844e3d73320bf103b0ea0c62d93897d2ac 471.86MB / 2.32GB 1173.2s
#5 sha256:271a891396ce7b0bf9643364eac9a31a1635b978780c5bffb060dc79a610cfed 384.83MB / 1.51GB 1173.2s
#5 sha256:e987ca3078c362c923f1069eb0292c844e3d73320bf103b0ea0c62d93897d2ac 473.96MB / 2.32GB 1178.3s
#5 sha256:271a891396ce7b0bf9643364eac9a31a1635b978780c5bffb060dc79a610cfed 387.97MB / 1.51GB 1178.3s
#5 sha256:e987ca3078c362c923f1069eb0292c844e3d73320bf103b0ea0c62d93897d2ac 477.10MB / 2.32GB 1183.4s
#5 sha256:271a891396ce7b0bf9643364eac9a31a1635b978780c5bffb060dc79a610cfed 392.17MB / 1.51GB 1183.4s
#5 sha256:e987ca3078c362c923f1069eb0292c844e3d73320bf103b0ea0c62d93897d2ac 479.20MB / 2.32GB 1188.5s
#5 sha256:271a891396ce7b0bf9643364eac9a31a1635b978780c5bffb060dc79a610cfed 395.31MB / 1.51GB 1188.5s
#5 sha256:e987ca3078c362c923f1069eb0292c844e3d73320bf103b0ea0c62d93897d2ac 481.30MB / 2.32GB 1193.6s
#5 sha256:271a891396ce7b0bf9643364eac9a31a1635b978780c5bffb060dc79a610cfed 398.46MB / 1.51GB 1193.6s
#5 sha256:e987ca3078c362c923f1069eb0292c844e3d73320bf103b0ea0c62d93897d2ac 484.44MB / 2.32GB 1198.7s
#5 sha256:271a891396ce7b0bf9643364eac9a31a1635b978780c5bffb060dc79a610cfed 401.60MB / 1.51GB 1198.7s
#5 sha256:e987ca3078c362c923f1069eb0292c844e3d73320bf103b0ea0c62d93897d2ac 487.59MB / 2.32GB 1203.8s
#5 sha256:271a891396ce7b0bf9643364eac9a31a1635b978780c5bffb060dc79a610cfed 404.75MB / 1.51GB 1203.8s
#5 sha256:e987ca3078c362c923f1069eb0292c844e3d73320bf103b0ea0c62d93897d2ac 490.73MB / 2.32GB 1208.9s
#5 sha256:271a891396ce7b0bf9643364eac9a31a1635b978780c5bffb060dc79a610cfed 408.94MB / 1.51GB 1208.9s
#5 sha256:e987ca3078c362c923f1069eb0292c844e3d73320bf103b0ea0c62d93897d2ac 494.93MB / 2.32GB 1214.0s
#5 sha256:271a891396ce7b0bf9643364eac9a31a1635b978780c5bffb060dc79a610cfed 412.09MB / 1.51GB 1214.0s
#5 sha256:e987ca3078c362c923f1069eb0292c844e3d73320bf103b0ea0c62d93897d2ac 497.03MB / 2.32GB 1219.1s
#5 sha256:271a891396ce7b0bf9643364eac9a31a1635b978780c5bffb060dc79a610cfed 415.24MB / 1.51GB 1219.1s
#5 sha256:e987ca3078c362c923f1069eb0292c844e3d73320bf103b0ea0c62d93897d2ac 500.17MB / 2.32GB 1224.2s
#5 sha256:271a891396ce7b0bf9643364eac9a31a1635b978780c5bffb060dc79a610cfed 419.43MB / 1.51GB 1224.2s
#5 sha256:e987ca3078c362c923f1069eb0292c844e3d73320bf103b0ea0c62d93897d2ac 502.27MB / 2.32GB 1229.3s
#5 sha256:271a891396ce7b0bf9643364eac9a31a1635b978780c5bffb060dc79a610cfed 422.58MB / 1.51GB 1229.3s
#5 sha256:e987ca3078c362c923f1069eb0292c844e3d73320bf103b0ea0c62d93897d2ac 505.41MB / 2.32GB 1234.4s
#5 sha256:271a891396ce7b0bf9643364eac9a31a1635b978780c5bffb060dc79a610cfed 426.77MB / 1.51GB 1234.4s
#5 sha256:e987ca3078c362c923f1069eb0292c844e3d73320bf103b0ea0c62d93897d2ac 509.61MB / 2.32GB 1239.5s
#5 sha256:271a891396ce7b0bf9643364eac9a31a1635b978780c5bffb060dc79a610cfed 430.96MB / 1.51GB 1239.5s
#5 sha256:e987ca3078c362c923f1069eb0292c844e3d73320bf103b0ea0c62d93897d2ac 514.85MB / 2.32GB 1244.6s
#5 sha256:271a891396ce7b0bf9643364eac9a31a1635b978780c5bffb060dc79a610cfed 436.21MB / 1.51GB 1244.6s
#5 sha256:e987ca3078c362c923f1069eb0292c844e3d73320bf103b0ea0c62d93897d2ac 521.14MB / 2.32GB 1249.7s
#5 sha256:271a891396ce7b0bf9643364eac9a31a1635b978780c5bffb060dc79a610cfed 444.60MB / 1.51GB 1249.7s
#5 sha256:e987ca3078c362c923f1069eb0292c844e3d73320bf103b0ea0c62d93897d2ac 527.43MB / 2.32GB 1254.8s
#5 sha256:271a891396ce7b0bf9643364eac9a31a1635b978780c5bffb060dc79a610cfed 451.94MB / 1.51GB 1254.8s
#5 sha256:e987ca3078c362c923f1069eb0292c844e3d73320bf103b0ea0c62d93897d2ac 534.77MB / 2.32GB 1259.9s
#5 sha256:271a891396ce7b0bf9643364eac9a31a1635b978780c5bffb060dc79a610cfed 459.28MB / 1.51GB 1259.9s
#5 sha256:e987ca3078c362c923f1069eb0292c844e3d73320bf103b0ea0c62d93897d2ac 541.07MB / 2.32GB 1265.0s
#5 sha256:271a891396ce7b0bf9643364eac9a31a1635b978780c5bffb060dc79a610cfed 464.52MB / 1.51GB 1265.0s
#5 sha256:e987ca3078c362c923f1069eb0292c844e3d73320bf103b0ea0c62d93897d2ac 548.41MB / 2.32GB 1270.1s
#5 sha256:271a891396ce7b0bf9643364eac9a31a1635b978780c5bffb060dc79a610cfed 469.76MB / 1.51GB 1270.1s
#5 sha256:e987ca3078c362c923f1069eb0292c844e3d73320bf103b0ea0c62d93897d2ac 554.70MB / 2.32GB 1275.2s
#5 sha256:271a891396ce7b0bf9643364eac9a31a1635b978780c5bffb060dc79a610cfed 473.96MB / 1.51GB 1275.2s
#5 sha256:e987ca3078c362c923f1069eb0292c844e3d73320bf103b0ea0c62d93897d2ac 562.04MB / 2.32GB 1280.3s
#5 sha256:271a891396ce7b0bf9643364eac9a31a1635b978780c5bffb060dc79a610cfed 478.15MB / 1.51GB 1280.3s
#5 sha256:e987ca3078c362c923f1069eb0292c844e3d73320bf103b0ea0c62d93897d2ac 567.28MB / 2.32GB 1285.4s
#5 sha256:271a891396ce7b0bf9643364eac9a31a1635b978780c5bffb060dc79a610cfed 482.34MB / 1.51GB 1285.4s
#5 sha256:e987ca3078c362c923f1069eb0292c844e3d73320bf103b0ea0c62d93897d2ac 573.57MB / 2.32GB 1290.5s
#5 sha256:271a891396ce7b0bf9643364eac9a31a1635b978780c5bffb060dc79a610cfed 487.59MB / 1.51GB 1290.5s
#5 sha256:e987ca3078c362c923f1069eb0292c844e3d73320bf103b0ea0c62d93897d2ac 579.86MB / 2.32GB 1295.6s
#5 sha256:271a891396ce7b0bf9643364eac9a31a1635b978780c5bffb060dc79a610cfed 492.83MB / 1.51GB 1295.6s
#5 sha256:e987ca3078c362c923f1069eb0292c844e3d73320bf103b0ea0c62d93897d2ac 585.11MB / 2.32GB 1300.7s
#5 sha256:271a891396ce7b0bf9643364eac9a31a1635b978780c5bffb060dc79a610cfed 497.03MB / 1.51GB 1300.7s
#5 sha256:e987ca3078c362c923f1069eb0292c844e3d73320bf103b0ea0c62d93897d2ac 591.40MB / 2.32GB 1305.8s
#5 sha256:271a891396ce7b0bf9643364eac9a31a1635b978780c5bffb060dc79a610cfed 502.27MB / 1.51GB 1305.8s
#5 sha256:e987ca3078c362c923f1069eb0292c844e3d73320bf103b0ea0c62d93897d2ac 595.59MB / 2.32GB 1310.9s
#5 sha256:271a891396ce7b0bf9643364eac9a31a1635b978780c5bffb060dc79a610cfed 506.46MB / 1.51GB 1310.9s
#5 sha256:e987ca3078c362c923f1069eb0292c844e3d73320bf103b0ea0c62d93897d2ac 600.83MB / 2.32GB 1316.0s
#5 sha256:271a891396ce7b0bf9643364eac9a31a1635b978780c5bffb060dc79a610cfed 509.61MB / 1.51GB 1316.0s
#5 sha256:e987ca3078c362c923f1069eb0292c844e3d73320bf103b0ea0c62d93897d2ac 605.03MB / 2.32GB 1321.1s
#5 sha256:271a891396ce7b0bf9643364eac9a31a1635b978780c5bffb060dc79a610cfed 512.75MB / 1.51GB 1321.1s
#5 sha256:e987ca3078c362c923f1069eb0292c844e3d73320bf103b0ea0c62d93897d2ac 609.22MB / 2.32GB 1326.2s
#5 sha256:271a891396ce7b0bf9643364eac9a31a1635b978780c5bffb060dc79a610cfed 515.90MB / 1.51GB 1326.2s
#5 sha256:e987ca3078c362c923f1069eb0292c844e3d73320bf103b0ea0c62d93897d2ac 614.47MB / 2.32GB 1331.3s
#5 sha256:271a891396ce7b0bf9643364eac9a31a1635b978780c5bffb060dc79a610cfed 521.14MB / 1.51GB 1331.3s
#5 sha256:e987ca3078c362c923f1069eb0292c844e3d73320bf103b0ea0c62d93897d2ac 618.66MB / 2.32GB 1336.4s
#5 sha256:271a891396ce7b0bf9643364eac9a31a1635b978780c5bffb060dc79a610cfed 524.29MB / 1.51GB 1336.4s
#5 sha256:e987ca3078c362c923f1069eb0292c844e3d73320bf103b0ea0c62d93897d2ac 623.90MB / 2.32GB 1341.5s
#5 sha256:271a891396ce7b0bf9643364eac9a31a1635b978780c5bffb060dc79a610cfed 527.43MB / 1.51GB 1341.5s
#5 sha256:e987ca3078c362c923f1069eb0292c844e3d73320bf103b0ea0c62d93897d2ac 628.10MB / 2.32GB 1346.6s
#5 sha256:271a891396ce7b0bf9643364eac9a31a1635b978780c5bffb060dc79a610cfed 530.58MB / 1.51GB 1346.6s
#5 sha256:e987ca3078c362c923f1069eb0292c844e3d73320bf103b0ea0c62d93897d2ac 634.39MB / 2.32GB 1351.7s
#5 sha256:271a891396ce7b0bf9643364eac9a31a1635b978780c5bffb060dc79a610cfed 533.73MB / 1.51GB 1351.7s
#5 sha256:e987ca3078c362c923f1069eb0292c844e3d73320bf103b0ea0c62d93897d2ac 638.58MB / 2.32GB 1356.8s
#5 sha256:271a891396ce7b0bf9643364eac9a31a1635b978780c5bffb060dc79a610cfed 535.82MB / 1.51GB 1356.8s
#5 sha256:e987ca3078c362c923f1069eb0292c844e3d73320bf103b0ea0c62d93897d2ac 642.78MB / 2.32GB 1361.9s
#5 sha256:271a891396ce7b0bf9643364eac9a31a1635b978780c5bffb060dc79a610cfed 538.97MB / 1.51GB 1361.9s
#5 sha256:e987ca3078c362c923f1069eb0292c844e3d73320bf103b0ea0c62d93897d2ac 645.92MB / 2.32GB 1367.0s
#5 sha256:271a891396ce7b0bf9643364eac9a31a1635b978780c5bffb060dc79a610cfed 541.07MB / 1.51GB 1367.0s
#5 sha256:e987ca3078c362c923f1069eb0292c844e3d73320bf103b0ea0c62d93897d2ac 649.07MB / 2.32GB 1372.1s
#5 sha256:271a891396ce7b0bf9643364eac9a31a1635b978780c5bffb060dc79a610cfed 543.16MB / 1.51GB 1372.1s
#5 sha256:e987ca3078c362c923f1069eb0292c844e3d73320bf103b0ea0c62d93897d2ac 651.17MB / 2.32GB 1377.2s
#5 sha256:271a891396ce7b0bf9643364eac9a31a1635b978780c5bffb060dc79a610cfed 545.26MB / 1.51GB 1377.2s
#5 sha256:e987ca3078c362c923f1069eb0292c844e3d73320bf103b0ea0c62d93897d2ac 653.26MB / 2.32GB 1382.3s
#5 sha256:271a891396ce7b0bf9643364eac9a31a1635b978780c5bffb060dc79a610cfed 547.36MB / 1.51GB 1382.3s
#5 sha256:e987ca3078c362c923f1069eb0292c844e3d73320bf103b0ea0c62d93897d2ac 657.46MB / 2.32GB 1387.4s
#5 sha256:271a891396ce7b0bf9643364eac9a31a1635b978780c5bffb060dc79a610cfed 550.50MB / 1.51GB 1387.4s
#5 sha256:e987ca3078c362c923f1069eb0292c844e3d73320bf103b0ea0c62d93897d2ac 660.60MB / 2.32GB 1392.5s
#5 sha256:271a891396ce7b0bf9643364eac9a31a1635b978780c5bffb060dc79a610cfed 551.55MB / 1.51GB 1392.5s
#5 sha256:e987ca3078c362c923f1069eb0292c844e3d73320bf103b0ea0c62d93897d2ac 663.75MB / 2.32GB 1397.6s
#5 sha256:271a891396ce7b0bf9643364eac9a31a1635b978780c5bffb060dc79a610cfed 553.65MB / 1.51GB 1397.6s
#5 sha256:e987ca3078c362c923f1069eb0292c844e3d73320bf103b0ea0c62d93897d2ac 666.89MB / 2.32GB 1402.7s
#5 sha256:271a891396ce7b0bf9643364eac9a31a1635b978780c5bffb060dc79a610cfed 554.70MB / 1.51GB 1402.7s
#5 sha256:e987ca3078c362c923f1069eb0292c844e3d73320bf103b0ea0c62d93897d2ac 668.99MB / 2.32GB 1407.8s
#5 sha256:271a891396ce7b0bf9643364eac9a31a1635b978780c5bffb060dc79a610cfed 555.75MB / 1.51GB 1407.8s
#5 sha256:e987ca3078c362c923f1069eb0292c844e3d73320bf103b0ea0c62d93897d2ac 672.14MB / 2.32GB 1412.9s
#5 sha256:271a891396ce7b0bf9643364eac9a31a1635b978780c5bffb060dc79a610cfed 557.84MB / 1.51GB 1412.9s
#5 sha256:e987ca3078c362c923f1069eb0292c844e3d73320bf103b0ea0c62d93897d2ac 674.23MB / 2.32GB 1418.0s
#5 sha256:271a891396ce7b0bf9643364eac9a31a1635b978780c5bffb060dc79a610cfed 558.89MB / 1.51GB 1418.0s
#5 sha256:e987ca3078c362c923f1069eb0292c844e3d73320bf103b0ea0c62d93897d2ac 676.33MB / 2.32GB 1423.1s
#5 sha256:271a891396ce7b0bf9643364eac9a31a1635b978780c5bffb060dc79a610cfed 560.99MB / 1.51GB 1423.1s
#5 sha256:e987ca3078c362c923f1069eb0292c844e3d73320bf103b0ea0c62d93897d2ac 677.38MB / 2.32GB 1428.2s
#5 sha256:271a891396ce7b0bf9643364eac9a31a1635b978780c5bffb060dc79a610cfed 562.04MB / 1.51GB 1428.2s
#5 sha256:e987ca3078c362c923f1069eb0292c844e3d73320bf103b0ea0c62d93897d2ac 679.48MB / 2.32GB 1433.3s
#5 sha256:271a891396ce7b0bf9643364eac9a31a1635b978780c5bffb060dc79a610cfed 563.09MB / 1.51GB 1433.3s
#5 sha256:e987ca3078c362c923f1069eb0292c844e3d73320bf103b0ea0c62d93897d2ac 682.62MB / 2.32GB 1438.4s
#5 sha256:271a891396ce7b0bf9643364eac9a31a1635b978780c5bffb060dc79a610cfed 565.18MB / 1.51GB 1438.4s
#5 sha256:e987ca3078c362c923f1069eb0292c844e3d73320bf103b0ea0c62d93897d2ac 685.77MB / 2.32GB 1443.5s
#5 sha256:271a891396ce7b0bf9643364eac9a31a1635b978780c5bffb060dc79a610cfed 566.23MB / 1.51GB 1443.5s
#5 sha256:e987ca3078c362c923f1069eb0292c844e3d73320bf103b0ea0c62d93897d2ac 687.87MB / 2.32GB 1448.6s
#5 sha256:271a891396ce7b0bf9643364eac9a31a1635b978780c5bffb060dc79a610cfed 569.38MB / 1.51GB 1448.6s
#5 sha256:e987ca3078c362c923f1069eb0292c844e3d73320bf103b0ea0c62d93897d2ac 691.01MB / 2.32GB 1453.7s
#5 sha256:271a891396ce7b0bf9643364eac9a31a1635b978780c5bffb060dc79a610cfed 571.47MB / 1.51GB 1453.7s
#5 sha256:e987ca3078c362c923f1069eb0292c844e3d73320bf103b0ea0c62d93897d2ac 692.06MB / 2.32GB 1458.8s
#5 sha256:271a891396ce7b0bf9643364eac9a31a1635b978780c5bffb060dc79a610cfed 573.57MB / 1.51GB 1458.8s
#5 sha256:e987ca3078c362c923f1069eb0292c844e3d73320bf103b0ea0c62d93897d2ac 694.16MB / 2.32GB 1463.9s
#5 sha256:271a891396ce7b0bf9643364eac9a31a1635b978780c5bffb060dc79a610cfed 575.67MB / 1.51GB 1463.9s
#5 sha256:e987ca3078c362c923f1069eb0292c844e3d73320bf103b0ea0c62d93897d2ac 695.21MB / 2.32GB 1469.0s
#5 sha256:271a891396ce7b0bf9643364eac9a31a1635b978780c5bffb060dc79a610cfed 577.77MB / 1.51GB 1469.0s
#5 sha256:e987ca3078c362c923f1069eb0292c844e3d73320bf103b0ea0c62d93897d2ac 697.30MB / 2.32GB 1474.1s
#5 sha256:271a891396ce7b0bf9643364eac9a31a1635b978780c5bffb060dc79a610cfed 578.81MB / 1.51GB 1474.1s
#5 sha256:e987ca3078c362c923f1069eb0292c844e3d73320bf103b0ea0c62d93897d2ac 701.50MB / 2.32GB 1479.2s
#5 sha256:271a891396ce7b0bf9643364eac9a31a1635b978780c5bffb060dc79a610cfed 584.06MB / 1.51GB 1479.2s
#5 sha256:e987ca3078c362c923f1069eb0292c844e3d73320bf103b0ea0c62d93897d2ac 710.93MB / 2.32GB 1484.3s
#5 sha256:271a891396ce7b0bf9643364eac9a31a1635b978780c5bffb060dc79a610cfed 591.40MB / 1.51GB 1484.3s
#5 sha256:e987ca3078c362c923f1069eb0292c844e3d73320bf103b0ea0c62d93897d2ac 720.37MB / 2.32GB 1489.4s
#5 sha256:271a891396ce7b0bf9643364eac9a31a1635b978780c5bffb060dc79a610cfed 598.74MB / 1.51GB 1489.4s
#5 sha256:e987ca3078c362c923f1069eb0292c844e3d73320bf103b0ea0c62d93897d2ac 732.95MB / 2.32GB 1494.5s
#5 sha256:271a891396ce7b0bf9643364eac9a31a1635b978780c5bffb060dc79a610cfed 607.13MB / 1.51GB 1494.5s
#5 sha256:e987ca3078c362c923f1069eb0292c844e3d73320bf103b0ea0c62d93897d2ac 742.39MB / 2.32GB 1499.6s
#5 sha256:271a891396ce7b0bf9643364eac9a31a1635b978780c5bffb060dc79a610cfed 617.61MB / 1.51GB 1499.6s
#5 sha256:e987ca3078c362c923f1069eb0292c844e3d73320bf103b0ea0c62d93897d2ac 748.68MB / 2.32GB 1504.7s
#5 sha256:271a891396ce7b0bf9643364eac9a31a1635b978780c5bffb060dc79a610cfed 624.95MB / 1.51GB 1504.7s
#5 sha256:e987ca3078c362c923f1069eb0292c844e3d73320bf103b0ea0c62d93897d2ac 752.88MB / 2.32GB 1509.8s
#5 sha256:271a891396ce7b0bf9643364eac9a31a1635b978780c5bffb060dc79a610cfed 631.24MB / 1.51GB 1509.8s
#5 sha256:e987ca3078c362c923f1069eb0292c844e3d73320bf103b0ea0c62d93897d2ac 758.12MB / 2.32GB 1514.9s
#5 sha256:271a891396ce7b0bf9643364eac9a31a1635b978780c5bffb060dc79a610cfed 638.58MB / 1.51GB 1514.9s
#5 sha256:e987ca3078c362c923f1069eb0292c844e3d73320bf103b0ea0c62d93897d2ac 763.36MB / 2.32GB 1520.0s
#5 sha256:271a891396ce7b0bf9643364eac9a31a1635b978780c5bffb060dc79a610cfed 646.97MB / 1.51GB 1520.0s
#5 sha256:e987ca3078c362c923f1069eb0292c844e3d73320bf103b0ea0c62d93897d2ac 768.61MB / 2.32GB 1525.1s
#5 sha256:271a891396ce7b0bf9643364eac9a31a1635b978780c5bffb060dc79a610cfed 655.36MB / 1.51GB 1525.1s
#5 sha256:e987ca3078c362c923f1069eb0292c844e3d73320bf103b0ea0c62d93897d2ac 772.80MB / 2.32GB 1530.2s
#5 sha256:271a891396ce7b0bf9643364eac9a31a1635b978780c5bffb060dc79a610cfed 662.70MB / 1.51GB 1530.2s
#5 sha256:e987ca3078c362c923f1069eb0292c844e3d73320bf103b0ea0c62d93897d2ac 776.99MB / 2.32GB 1535.3s
#5 sha256:271a891396ce7b0bf9643364eac9a31a1635b978780c5bffb060dc79a610cfed 672.14MB / 1.51GB 1535.3s
#5 sha256:e987ca3078c362c923f1069eb0292c844e3d73320bf103b0ea0c62d93897d2ac 781.19MB / 2.32GB 1540.4s
#5 sha256:271a891396ce7b0bf9643364eac9a31a1635b978780c5bffb060dc79a610cfed 681.57MB / 1.51GB 1540.4s
#5 sha256:e987ca3078c362c923f1069eb0292c844e3d73320bf103b0ea0c62d93897d2ac 783.29MB / 2.32GB 1545.5s
#5 sha256:271a891396ce7b0bf9643364eac9a31a1635b978780c5bffb060dc79a610cfed 688.91MB / 1.51GB 1545.5s
#5 sha256:e987ca3078c362c923f1069eb0292c844e3d73320bf103b0ea0c62d93897d2ac 787.48MB / 2.32GB 1550.6s
#5 sha256:271a891396ce7b0bf9643364eac9a31a1635b978780c5bffb060dc79a610cfed 698.35MB / 1.51GB 1550.6s
#5 sha256:e987ca3078c362c923f1069eb0292c844e3d73320bf103b0ea0c62d93897d2ac 789.58MB / 2.32GB 1555.7s
#5 sha256:271a891396ce7b0bf9643364eac9a31a1635b978780c5bffb060dc79a610cfed 704.64MB / 1.51GB 1555.7s
#5 sha256:e987ca3078c362c923f1069eb0292c844e3d73320bf103b0ea0c62d93897d2ac 791.67MB / 2.32GB 1560.8s
#5 sha256:271a891396ce7b0bf9643364eac9a31a1635b978780c5bffb060dc79a610cfed 713.03MB / 1.51GB 1560.8s
#5 sha256:e987ca3078c362c923f1069eb0292c844e3d73320bf103b0ea0c62d93897d2ac 793.77MB / 2.32GB 1565.9s
#5 sha256:271a891396ce7b0bf9643364eac9a31a1635b978780c5bffb060dc79a610cfed 719.32MB / 1.51GB 1565.9s
#5 sha256:e987ca3078c362c923f1069eb0292c844e3d73320bf103b0ea0c62d93897d2ac 795.87MB / 2.32GB 1571.0s
#5 sha256:271a891396ce7b0bf9643364eac9a31a1635b978780c5bffb060dc79a610cfed 725.61MB / 1.51GB 1571.0s
#5 sha256:e987ca3078c362c923f1069eb0292c844e3d73320bf103b0ea0c62d93897d2ac 796.92MB / 2.32GB 1576.1s
#5 sha256:271a891396ce7b0bf9643364eac9a31a1635b978780c5bffb060dc79a610cfed 732.95MB / 1.51GB 1576.1s
#5 sha256:e987ca3078c362c923f1069eb0292c844e3d73320bf103b0ea0c62d93897d2ac 799.01MB / 2.32GB 1581.2s
#5 sha256:271a891396ce7b0bf9643364eac9a31a1635b978780c5bffb060dc79a610cfed 738.20MB / 1.51GB 1581.2s
#5 sha256:e987ca3078c362c923f1069eb0292c844e3d73320bf103b0ea0c62d93897d2ac 800.06MB / 2.32GB 1586.3s
#5 sha256:271a891396ce7b0bf9643364eac9a31a1635b978780c5bffb060dc79a610cfed 742.39MB / 1.51GB 1586.3s
#5 sha256:e987ca3078c362c923f1069eb0292c844e3d73320bf103b0ea0c62d93897d2ac 803.21MB / 2.32GB 1591.4s
#5 sha256:271a891396ce7b0bf9643364eac9a31a1635b978780c5bffb060dc79a610cfed 750.78MB / 1.51GB 1591.4s
#5 sha256:e987ca3078c362c923f1069eb0292c844e3d73320bf103b0ea0c62d93897d2ac 805.31MB / 2.32GB 1596.5s
#5 sha256:271a891396ce7b0bf9643364eac9a31a1635b978780c5bffb060dc79a610cfed 758.12MB / 1.51GB 1596.5s
#5 sha256:e987ca3078c362c923f1069eb0292c844e3d73320bf103b0ea0c62d93897d2ac 809.50MB / 2.32GB 1601.6s
#5 sha256:271a891396ce7b0bf9643364eac9a31a1635b978780c5bffb060dc79a610cfed 768.61MB / 1.51GB 1601.6s
#5 sha256:e987ca3078c362c923f1069eb0292c844e3d73320bf103b0ea0c62d93897d2ac 813.69MB / 2.32GB 1606.7s
#5 sha256:271a891396ce7b0bf9643364eac9a31a1635b978780c5bffb060dc79a610cfed 776.99MB / 1.51GB 1606.7s
#5 sha256:e987ca3078c362c923f1069eb0292c844e3d73320bf103b0ea0c62d93897d2ac 819.99MB / 2.32GB 1611.8s
#5 sha256:271a891396ce7b0bf9643364eac9a31a1635b978780c5bffb060dc79a610cfed 788.53MB / 1.51GB 1611.8s
#5 sha256:e987ca3078c362c923f1069eb0292c844e3d73320bf103b0ea0c62d93897d2ac 826.28MB / 2.32GB 1616.9s
#5 sha256:271a891396ce7b0bf9643364eac9a31a1635b978780c5bffb060dc79a610cfed 801.11MB / 1.51GB 1616.9s
#5 sha256:e987ca3078c362c923f1069eb0292c844e3d73320bf103b0ea0c62d93897d2ac 833.62MB / 2.32GB 1622.0s
#5 sha256:271a891396ce7b0bf9643364eac9a31a1635b978780c5bffb060dc79a610cfed 813.69MB / 1.51GB 1622.0s
#5 sha256:e987ca3078c362c923f1069eb0292c844e3d73320bf103b0ea0c62d93897d2ac 839.91MB / 2.32GB 1627.1s
#5 sha256:271a891396ce7b0bf9643364eac9a31a1635b978780c5bffb060dc79a610cfed 826.28MB / 1.51GB 1627.1s
#5 sha256:e987ca3078c362c923f1069eb0292c844e3d73320bf103b0ea0c62d93897d2ac 847.25MB / 2.32GB 1632.2s
#5 sha256:271a891396ce7b0bf9643364eac9a31a1635b978780c5bffb060dc79a610cfed 838.86MB / 1.51GB 1632.2s
#5 sha256:e987ca3078c362c923f1069eb0292c844e3d73320bf103b0ea0c62d93897d2ac 854.59MB / 2.32GB 1637.3s
#5 sha256:271a891396ce7b0bf9643364eac9a31a1635b978780c5bffb060dc79a610cfed 849.35MB / 1.51GB 1637.3s
#5 sha256:e987ca3078c362c923f1069eb0292c844e3d73320bf103b0ea0c62d93897d2ac 860.88MB / 2.32GB 1642.4s
#5 sha256:271a891396ce7b0bf9643364eac9a31a1635b978780c5bffb060dc79a610cfed 859.83MB / 1.51GB 1642.4s
#5 sha256:e987ca3078c362c923f1069eb0292c844e3d73320bf103b0ea0c62d93897d2ac 865.08MB / 2.32GB 1647.5s
#5 sha256:271a891396ce7b0bf9643364eac9a31a1635b978780c5bffb060dc79a610cfed 867.17MB / 1.51GB 1647.5s
#5 sha256:e987ca3078c362c923f1069eb0292c844e3d73320bf103b0ea0c62d93897d2ac 870.32MB / 2.32GB 1652.6s
#5 sha256:271a891396ce7b0bf9643364eac9a31a1635b978780c5bffb060dc79a610cfed 874.51MB / 1.51GB 1652.6s
#5 sha256:e987ca3078c362c923f1069eb0292c844e3d73320bf103b0ea0c62d93897d2ac 874.51MB / 2.32GB 1657.7s
#5 sha256:271a891396ce7b0bf9643364eac9a31a1635b978780c5bffb060dc79a610cfed 881.85MB / 1.51GB 1657.7s
#5 sha256:e987ca3078c362c923f1069eb0292c844e3d73320bf103b0ea0c62d93897d2ac 878.71MB / 2.32GB 1662.8s
#5 sha256:271a891396ce7b0bf9643364eac9a31a1635b978780c5bffb060dc79a610cfed 888.14MB / 1.51GB 1662.8s
#5 sha256:e987ca3078c362c923f1069eb0292c844e3d73320bf103b0ea0c62d93897d2ac 883.95MB / 2.32GB 1667.9s
#5 sha256:271a891396ce7b0bf9643364eac9a31a1635b978780c5bffb060dc79a610cfed 893.39MB / 1.51GB 1667.9s
#5 sha256:e987ca3078c362c923f1069eb0292c844e3d73320bf103b0ea0c62d93897d2ac 890.24MB / 2.32GB 1673.0s
#5 sha256:271a891396ce7b0bf9643364eac9a31a1635b978780c5bffb060dc79a610cfed 898.63MB / 1.51GB 1673.0s
#5 sha256:e987ca3078c362c923f1069eb0292c844e3d73320bf103b0ea0c62d93897d2ac 895.48MB / 2.32GB 1678.1s
#5 sha256:271a891396ce7b0bf9643364eac9a31a1635b978780c5bffb060dc79a610cfed 903.87MB / 1.51GB 1678.1s
#5 sha256:e987ca3078c362c923f1069eb0292c844e3d73320bf103b0ea0c62d93897d2ac 899.68MB / 2.32GB 1683.2s
#5 sha256:271a891396ce7b0bf9643364eac9a31a1635b978780c5bffb060dc79a610cfed 907.02MB / 1.51GB 1683.2s
#5 sha256:e987ca3078c362c923f1069eb0292c844e3d73320bf103b0ea0c62d93897d2ac 902.82MB / 2.32GB 1688.3s
#5 sha256:271a891396ce7b0bf9643364eac9a31a1635b978780c5bffb060dc79a610cfed 911.21MB / 1.51GB 1688.3s
#5 sha256:e987ca3078c362c923f1069eb0292c844e3d73320bf103b0ea0c62d93897d2ac 905.97MB / 2.32GB 1693.4s
#5 sha256:271a891396ce7b0bf9643364eac9a31a1635b978780c5bffb060dc79a610cfed 915.41MB / 1.51GB 1693.4s
#5 sha256:e987ca3078c362c923f1069eb0292c844e3d73320bf103b0ea0c62d93897d2ac 908.07MB / 2.32GB 1698.5s
#5 sha256:271a891396ce7b0bf9643364eac9a31a1635b978780c5bffb060dc79a610cfed 917.50MB / 1.51GB 1698.5s
#5 sha256:e987ca3078c362c923f1069eb0292c844e3d73320bf103b0ea0c62d93897d2ac 911.21MB / 2.32GB 1703.6s
#5 sha256:271a891396ce7b0bf9643364eac9a31a1635b978780c5bffb060dc79a610cfed 919.60MB / 1.51GB 1703.6s
#5 sha256:e987ca3078c362c923f1069eb0292c844e3d73320bf103b0ea0c62d93897d2ac 913.31MB / 2.32GB 1708.7s
#5 sha256:271a891396ce7b0bf9643364eac9a31a1635b978780c5bffb060dc79a610cfed 920.65MB / 1.51GB 1708.7s
#5 sha256:e987ca3078c362c923f1069eb0292c844e3d73320bf103b0ea0c62d93897d2ac 916.46MB / 2.32GB 1713.8s
#5 sha256:271a891396ce7b0bf9643364eac9a31a1635b978780c5bffb060dc79a610cfed 922.75MB / 1.51GB 1713.8s
#5 sha256:e987ca3078c362c923f1069eb0292c844e3d73320bf103b0ea0c62d93897d2ac 918.55MB / 2.32GB 1718.9s
#5 sha256:271a891396ce7b0bf9643364eac9a31a1635b978780c5bffb060dc79a610cfed 924.84MB / 1.51GB 1718.9s
#5 sha256:e987ca3078c362c923f1069eb0292c844e3d73320bf103b0ea0c62d93897d2ac 919.60MB / 2.32GB 1724.0s
#5 sha256:271a891396ce7b0bf9643364eac9a31a1635b978780c5bffb060dc79a610cfed 925.89MB / 1.51GB 1724.0s
#5 sha256:e987ca3078c362c923f1069eb0292c844e3d73320bf103b0ea0c62d93897d2ac 922.75MB / 2.32GB 1729.1s
#5 sha256:271a891396ce7b0bf9643364eac9a31a1635b978780c5bffb060dc79a610cfed 927.99MB / 1.51GB 1729.1s
#5 sha256:e987ca3078c362c923f1069eb0292c844e3d73320bf103b0ea0c62d93897d2ac 924.84MB / 2.32GB 1734.2s
#5 sha256:271a891396ce7b0bf9643364eac9a31a1635b978780c5bffb060dc79a610cfed 930.09MB / 1.51GB 1734.2s
#5 sha256:e987ca3078c362c923f1069eb0292c844e3d73320bf103b0ea0c62d93897d2ac 927.99MB / 2.32GB 1739.3s
#5 sha256:271a891396ce7b0bf9643364eac9a31a1635b978780c5bffb060dc79a610cfed 931.14MB / 1.51GB 1739.3s
#5 sha256:e987ca3078c362c923f1069eb0292c844e3d73320bf103b0ea0c62d93897d2ac 930.09MB / 2.32GB 1744.4s
#5 sha256:271a891396ce7b0bf9643364eac9a31a1635b978780c5bffb060dc79a610cfed 933.23MB / 1.51GB 1744.4s
#5 sha256:e987ca3078c362c923f1069eb0292c844e3d73320bf103b0ea0c62d93897d2ac 933.23MB / 2.32GB 1749.5s
#5 sha256:271a891396ce7b0bf9643364eac9a31a1635b978780c5bffb060dc79a610cfed 935.33MB / 1.51GB 1749.5s
#5 sha256:e987ca3078c362c923f1069eb0292c844e3d73320bf103b0ea0c62d93897d2ac 937.43MB / 2.32GB 1754.6s
#5 sha256:271a891396ce7b0bf9643364eac9a31a1635b978780c5bffb060dc79a610cfed 938.48MB / 1.51GB 1754.6s
#5 sha256:e987ca3078c362c923f1069eb0292c844e3d73320bf103b0ea0c62d93897d2ac 946.86MB / 2.32GB 1759.7s
#5 sha256:271a891396ce7b0bf9643364eac9a31a1635b978780c5bffb060dc79a610cfed 942.67MB / 1.51GB 1759.7s
#5 sha256:e987ca3078c362c923f1069eb0292c844e3d73320bf103b0ea0c62d93897d2ac 959.45MB / 2.32GB 1764.8s
#5 sha256:271a891396ce7b0bf9643364eac9a31a1635b978780c5bffb060dc79a610cfed 946.86MB / 1.51GB 1764.8s
#5 sha256:e987ca3078c362c923f1069eb0292c844e3d73320bf103b0ea0c62d93897d2ac 969.93MB / 2.32GB 1769.9s
#5 sha256:271a891396ce7b0bf9643364eac9a31a1635b978780c5bffb060dc79a610cfed 952.11MB / 1.51GB 1769.9s
#5 sha256:e987ca3078c362c923f1069eb0292c844e3d73320bf103b0ea0c62d93897d2ac 979.37MB / 2.32GB 1775.0s
#5 sha256:271a891396ce7b0bf9643364eac9a31a1635b978780c5bffb060dc79a610cfed 958.40MB / 1.51GB 1775.0s
#5 sha256:e987ca3078c362c923f1069eb0292c844e3d73320bf103b0ea0c62d93897d2ac 994.05MB / 2.32GB 1780.1s
#5 sha256:271a891396ce7b0bf9643364eac9a31a1635b978780c5bffb060dc79a610cfed 963.64MB / 1.51GB 1780.1s
#5 sha256:e987ca3078c362c923f1069eb0292c844e3d73320bf103b0ea0c62d93897d2ac 1.00GB / 2.32GB 1785.2s
#5 sha256:271a891396ce7b0bf9643364eac9a31a1635b978780c5bffb060dc79a610cfed 969.93MB / 1.51GB 1785.2s
#5 sha256:e987ca3078c362c923f1069eb0292c844e3d73320bf103b0ea0c62d93897d2ac 1.01GB / 2.32GB 1790.3s
#5 sha256:271a891396ce7b0bf9643364eac9a31a1635b978780c5bffb060dc79a610cfed 976.22MB / 1.51GB 1790.3s
#5 sha256:e987ca3078c362c923f1069eb0292c844e3d73320bf103b0ea0c62d93897d2ac 1.02GB / 2.32GB 1795.4s
#5 sha256:271a891396ce7b0bf9643364eac9a31a1635b978780c5bffb060dc79a610cfed 981.47MB / 1.51GB 1795.4s
#5 sha256:e987ca3078c362c923f1069eb0292c844e3d73320bf103b0ea0c62d93897d2ac 1.02GB / 2.32GB 1800.5s
#5 sha256:271a891396ce7b0bf9643364eac9a31a1635b978780c5bffb060dc79a610cfed 986.71MB / 1.51GB 1800.5s
#5 sha256:e987ca3078c362c923f1069eb0292c844e3d73320bf103b0ea0c62d93897d2ac 1.03GB / 2.32GB 1805.6s
#5 sha256:271a891396ce7b0bf9643364eac9a31a1635b978780c5bffb060dc79a610cfed 991.95MB / 1.51GB 1805.6s
#5 sha256:e987ca3078c362c923f1069eb0292c844e3d73320bf103b0ea0c62d93897d2ac 1.04GB / 2.32GB 1810.7s
#5 sha256:271a891396ce7b0bf9643364eac9a31a1635b978780c5bffb060dc79a610cfed 998.24MB / 1.51GB 1810.7s
#5 sha256:e987ca3078c362c923f1069eb0292c844e3d73320bf103b0ea0c62d93897d2ac 1.05GB / 2.32GB 1815.8s
#5 sha256:271a891396ce7b0bf9643364eac9a31a1635b978780c5bffb060dc79a610cfed 1.00GB / 1.51GB 1815.8s
#5 sha256:e987ca3078c362c923f1069eb0292c844e3d73320bf103b0ea0c62d93897d2ac 1.05GB / 2.32GB 1820.9s
#5 sha256:271a891396ce7b0bf9643364eac9a31a1635b978780c5bffb060dc79a610cfed 1.01GB / 1.51GB 1820.9s
#5 sha256:e987ca3078c362c923f1069eb0292c844e3d73320bf103b0ea0c62d93897d2ac 1.07GB / 2.32GB 1826.0s
#5 sha256:271a891396ce7b0bf9643364eac9a31a1635b978780c5bffb060dc79a610cfed 1.01GB / 1.51GB 1826.0s
#5 sha256:e987ca3078c362c923f1069eb0292c844e3d73320bf103b0ea0c62d93897d2ac 1.07GB / 2.32GB 1831.1s
#5 sha256:271a891396ce7b0bf9643364eac9a31a1635b978780c5bffb060dc79a610cfed 1.02GB / 1.51GB 1831.1s
#5 sha256:e987ca3078c362c923f1069eb0292c844e3d73320bf103b0ea0c62d93897d2ac 1.08GB / 2.32GB 1836.2s
#5 sha256:271a891396ce7b0bf9643364eac9a31a1635b978780c5bffb060dc79a610cfed 1.02GB / 1.51GB 1836.2s
#5 sha256:e987ca3078c362c923f1069eb0292c844e3d73320bf103b0ea0c62d93897d2ac 1.09GB / 2.32GB 1841.3s
#5 sha256:271a891396ce7b0bf9643364eac9a31a1635b978780c5bffb060dc79a610cfed 1.03GB / 1.51GB 1841.3s
#5 sha256:e987ca3078c362c923f1069eb0292c844e3d73320bf103b0ea0c62d93897d2ac 1.09GB / 2.32GB 1846.4s
#5 sha256:271a891396ce7b0bf9643364eac9a31a1635b978780c5bffb060dc79a610cfed 1.03GB / 1.51GB 1846.4s
#5 sha256:e987ca3078c362c923f1069eb0292c844e3d73320bf103b0ea0c62d93897d2ac 1.10GB / 2.32GB 1851.5s
#5 sha256:271a891396ce7b0bf9643364eac9a31a1635b978780c5bffb060dc79a610cfed 1.04GB / 1.51GB 1851.5s
#5 sha256:e987ca3078c362c923f1069eb0292c844e3d73320bf103b0ea0c62d93897d2ac 1.11GB / 2.32GB 1856.6s
#5 sha256:271a891396ce7b0bf9643364eac9a31a1635b978780c5bffb060dc79a610cfed 1.04GB / 1.51GB 1856.6s
#5 sha256:e987ca3078c362c923f1069eb0292c844e3d73320bf103b0ea0c62d93897d2ac 1.11GB / 2.32GB 1861.7s
#5 sha256:271a891396ce7b0bf9643364eac9a31a1635b978780c5bffb060dc79a610cfed 1.05GB / 1.51GB 1861.7s
#5 sha256:e987ca3078c362c923f1069eb0292c844e3d73320bf103b0ea0c62d93897d2ac 1.12GB / 2.32GB 1866.8s
#5 sha256:271a891396ce7b0bf9643364eac9a31a1635b978780c5bffb060dc79a610cfed 1.05GB / 1.51GB 1866.8s
#5 sha256:e987ca3078c362c923f1069eb0292c844e3d73320bf103b0ea0c62d93897d2ac 1.12GB / 2.32GB 1871.9s
#5 sha256:271a891396ce7b0bf9643364eac9a31a1635b978780c5bffb060dc79a610cfed 1.05GB / 1.51GB 1871.9s
#5 sha256:e987ca3078c362c923f1069eb0292c844e3d73320bf103b0ea0c62d93897d2ac 1.13GB / 2.32GB 1877.0s
#5 sha256:271a891396ce7b0bf9643364eac9a31a1635b978780c5bffb060dc79a610cfed 1.05GB / 1.51GB 1877.0s
#5 sha256:e987ca3078c362c923f1069eb0292c844e3d73320bf103b0ea0c62d93897d2ac 1.13GB / 2.32GB 1882.1s
#5 sha256:271a891396ce7b0bf9643364eac9a31a1635b978780c5bffb060dc79a610cfed 1.06GB / 1.51GB 1882.1s
#5 sha256:e987ca3078c362c923f1069eb0292c844e3d73320bf103b0ea0c62d93897d2ac 1.14GB / 2.32GB 1887.2s
#5 sha256:271a891396ce7b0bf9643364eac9a31a1635b978780c5bffb060dc79a610cfed 1.06GB / 1.51GB 1887.2s
#5 sha256:e987ca3078c362c923f1069eb0292c844e3d73320bf103b0ea0c62d93897d2ac 1.14GB / 2.32GB 1892.3s
#5 sha256:271a891396ce7b0bf9643364eac9a31a1635b978780c5bffb060dc79a610cfed 1.06GB / 1.51GB 1892.3s
#5 sha256:e987ca3078c362c923f1069eb0292c844e3d73320bf103b0ea0c62d93897d2ac 1.15GB / 2.32GB 1897.4s
#5 sha256:271a891396ce7b0bf9643364eac9a31a1635b978780c5bffb060dc79a610cfed 1.07GB / 1.51GB 1897.4s
#5 sha256:e987ca3078c362c923f1069eb0292c844e3d73320bf103b0ea0c62d93897d2ac 1.15GB / 2.32GB 1902.5s
#5 sha256:271a891396ce7b0bf9643364eac9a31a1635b978780c5bffb060dc79a610cfed 1.07GB / 1.51GB 1902.5s
#5 sha256:e987ca3078c362c923f1069eb0292c844e3d73320bf103b0ea0c62d93897d2ac 1.16GB / 2.32GB 1907.6s
#5 sha256:271a891396ce7b0bf9643364eac9a31a1635b978780c5bffb060dc79a610cfed 1.07GB / 1.51GB 1907.6s
#5 sha256:e987ca3078c362c923f1069eb0292c844e3d73320bf103b0ea0c62d93897d2ac 1.16GB / 2.32GB 1912.7s
#5 sha256:271a891396ce7b0bf9643364eac9a31a1635b978780c5bffb060dc79a610cfed 1.08GB / 1.51GB 1912.7s
#5 sha256:e987ca3078c362c923f1069eb0292c844e3d73320bf103b0ea0c62d93897d2ac 1.16GB / 2.32GB 1917.8s
#5 sha256:271a891396ce7b0bf9643364eac9a31a1635b978780c5bffb060dc79a610cfed 1.08GB / 1.51GB 1917.8s
#5 sha256:e987ca3078c362c923f1069eb0292c844e3d73320bf103b0ea0c62d93897d2ac 1.17GB / 2.32GB 1922.9s
#5 sha256:271a891396ce7b0bf9643364eac9a31a1635b978780c5bffb060dc79a610cfed 1.08GB / 1.51GB 1922.9s
#5 sha256:e987ca3078c362c923f1069eb0292c844e3d73320bf103b0ea0c62d93897d2ac 1.17GB / 2.32GB 1928.0s
#5 sha256:271a891396ce7b0bf9643364eac9a31a1635b978780c5bffb060dc79a610cfed 1.08GB / 1.51GB 1928.0s
#5 sha256:e987ca3078c362c923f1069eb0292c844e3d73320bf103b0ea0c62d93897d2ac 1.17GB / 2.32GB 1933.1s
#5 sha256:271a891396ce7b0bf9643364eac9a31a1635b978780c5bffb060dc79a610cfed 1.09GB / 1.51GB 1933.1s
#5 sha256:e987ca3078c362c923f1069eb0292c844e3d73320bf103b0ea0c62d93897d2ac 1.17GB / 2.32GB 1938.2s
#5 sha256:271a891396ce7b0bf9643364eac9a31a1635b978780c5bffb060dc79a610cfed 1.09GB / 1.51GB 1938.2s
#5 sha256:e987ca3078c362c923f1069eb0292c844e3d73320bf103b0ea0c62d93897d2ac 1.17GB / 2.32GB 1943.3s
#5 sha256:271a891396ce7b0bf9643364eac9a31a1635b978780c5bffb060dc79a610cfed 1.09GB / 1.51GB 1943.3s
#5 sha256:e987ca3078c362c923f1069eb0292c844e3d73320bf103b0ea0c62d93897d2ac 1.17GB / 2.32GB 1948.4s
#5 sha256:271a891396ce7b0bf9643364eac9a31a1635b978780c5bffb060dc79a610cfed 1.09GB / 1.51GB 1948.4s
#5 sha256:e987ca3078c362c923f1069eb0292c844e3d73320bf103b0ea0c62d93897d2ac 1.17GB / 2.32GB 1953.5s
#5 sha256:271a891396ce7b0bf9643364eac9a31a1635b978780c5bffb060dc79a610cfed 1.09GB / 1.51GB 1953.5s
#5 sha256:e987ca3078c362c923f1069eb0292c844e3d73320bf103b0ea0c62d93897d2ac 1.18GB / 2.32GB 1958.6s
#5 sha256:271a891396ce7b0bf9643364eac9a31a1635b978780c5bffb060dc79a610cfed 1.09GB / 1.51GB 1958.6s
#5 sha256:e987ca3078c362c923f1069eb0292c844e3d73320bf103b0ea0c62d93897d2ac 1.18GB / 2.32GB 1963.7s
#5 sha256:271a891396ce7b0bf9643364eac9a31a1635b978780c5bffb060dc79a610cfed 1.10GB / 1.51GB 1963.7s
#5 sha256:e987ca3078c362c923f1069eb0292c844e3d73320bf103b0ea0c62d93897d2ac 1.18GB / 2.32GB 1968.8s
#5 sha256:271a891396ce7b0bf9643364eac9a31a1635b978780c5bffb060dc79a610cfed 1.10GB / 1.51GB 1968.8s
#5 sha256:e987ca3078c362c923f1069eb0292c844e3d73320bf103b0ea0c62d93897d2ac 1.19GB / 2.32GB 1973.9s
#5 sha256:271a891396ce7b0bf9643364eac9a31a1635b978780c5bffb060dc79a610cfed 1.10GB / 1.51GB 1973.9s
#5 sha256:e987ca3078c362c923f1069eb0292c844e3d73320bf103b0ea0c62d93897d2ac 1.19GB / 2.32GB 1979.0s
#5 sha256:271a891396ce7b0bf9643364eac9a31a1635b978780c5bffb060dc79a610cfed 1.11GB / 1.51GB 1979.0s
#5 sha256:e987ca3078c362c923f1069eb0292c844e3d73320bf103b0ea0c62d93897d2ac 1.19GB / 2.32GB 1984.1s
#5 sha256:271a891396ce7b0bf9643364eac9a31a1635b978780c5bffb060dc79a610cfed 1.11GB / 1.51GB 1984.1s
#5 sha256:e987ca3078c362c923f1069eb0292c844e3d73320bf103b0ea0c62d93897d2ac 1.20GB / 2.32GB 1989.2s
#5 sha256:271a891396ce7b0bf9643364eac9a31a1635b978780c5bffb060dc79a610cfed 1.11GB / 1.51GB 1989.2s
#5 sha256:e987ca3078c362c923f1069eb0292c844e3d73320bf103b0ea0c62d93897d2ac 1.20GB / 2.32GB 1994.3s
#5 sha256:271a891396ce7b0bf9643364eac9a31a1635b978780c5bffb060dc79a610cfed 1.11GB / 1.51GB 1994.3s
#5 sha256:e987ca3078c362c923f1069eb0292c844e3d73320bf103b0ea0c62d93897d2ac 1.20GB / 2.32GB 1999.4s
#5 sha256:271a891396ce7b0bf9643364eac9a31a1635b978780c5bffb060dc79a610cfed 1.11GB / 1.51GB 1999.4s
#5 sha256:e987ca3078c362c923f1069eb0292c844e3d73320bf103b0ea0c62d93897d2ac 1.20GB / 2.32GB 2004.5s
#5 sha256:271a891396ce7b0bf9643364eac9a31a1635b978780c5bffb060dc79a610cfed 1.12GB / 1.51GB 2004.5s
#5 sha256:e987ca3078c362c923f1069eb0292c844e3d73320bf103b0ea0c62d93897d2ac 1.20GB / 2.32GB 2009.6s
#5 sha256:271a891396ce7b0bf9643364eac9a31a1635b978780c5bffb060dc79a610cfed 1.12GB / 1.51GB 2009.6s
#5 sha256:e987ca3078c362c923f1069eb0292c844e3d73320bf103b0ea0c62d93897d2ac 1.21GB / 2.32GB 2014.7s
#5 sha256:271a891396ce7b0bf9643364eac9a31a1635b978780c5bffb060dc79a610cfed 1.12GB / 1.51GB 2014.7s
#5 sha256:e987ca3078c362c923f1069eb0292c844e3d73320bf103b0ea0c62d93897d2ac 1.21GB / 2.32GB 2019.8s
#5 sha256:271a891396ce7b0bf9643364eac9a31a1635b978780c5bffb060dc79a610cfed 1.12GB / 1.51GB 2019.8s
#5 sha256:e987ca3078c362c923f1069eb0292c844e3d73320bf103b0ea0c62d93897d2ac 1.21GB / 2.32GB 2024.9s
#5 sha256:271a891396ce7b0bf9643364eac9a31a1635b978780c5bffb060dc79a610cfed 1.13GB / 1.51GB 2024.9s
#5 sha256:e987ca3078c362c923f1069eb0292c844e3d73320bf103b0ea0c62d93897d2ac 1.22GB / 2.32GB 2030.0s
#5 sha256:271a891396ce7b0bf9643364eac9a31a1635b978780c5bffb060dc79a610cfed 1.13GB / 1.51GB 2030.0s
#5 sha256:e987ca3078c362c923f1069eb0292c844e3d73320bf103b0ea0c62d93897d2ac 1.22GB / 2.32GB 2035.1s
#5 sha256:271a891396ce7b0bf9643364eac9a31a1635b978780c5bffb060dc79a610cfed 1.13GB / 1.51GB 2035.1s
#5 sha256:e987ca3078c362c923f1069eb0292c844e3d73320bf103b0ea0c62d93897d2ac 1.22GB / 2.32GB 2040.2s
#5 sha256:271a891396ce7b0bf9643364eac9a31a1635b978780c5bffb060dc79a610cfed 1.13GB / 1.51GB 2040.2s
#5 sha256:e987ca3078c362c923f1069eb0292c844e3d73320bf103b0ea0c62d93897d2ac 1.22GB / 2.32GB 2045.3s
#5 sha256:271a891396ce7b0bf9643364eac9a31a1635b978780c5bffb060dc79a610cfed 1.14GB / 1.51GB 2045.3s
#5 sha256:e987ca3078c362c923f1069eb0292c844e3d73320bf103b0ea0c62d93897d2ac 1.22GB / 2.32GB 2050.4s
#5 sha256:271a891396ce7b0bf9643364eac9a31a1635b978780c5bffb060dc79a610cfed 1.14GB / 1.51GB 2050.4s
#5 sha256:e987ca3078c362c923f1069eb0292c844e3d73320bf103b0ea0c62d93897d2ac 1.23GB / 2.32GB 2055.5s
#5 sha256:271a891396ce7b0bf9643364eac9a31a1635b978780c5bffb060dc79a610cfed 1.14GB / 1.51GB 2055.5s
#5 sha256:e987ca3078c362c923f1069eb0292c844e3d73320bf103b0ea0c62d93897d2ac 1.23GB / 2.32GB 2060.6s
#5 sha256:271a891396ce7b0bf9643364eac9a31a1635b978780c5bffb060dc79a610cfed 1.14GB / 1.51GB 2060.6s
#5 sha256:e987ca3078c362c923f1069eb0292c844e3d73320bf103b0ea0c62d93897d2ac 1.23GB / 2.32GB 2065.7s
#5 sha256:271a891396ce7b0bf9643364eac9a31a1635b978780c5bffb060dc79a610cfed 1.14GB / 1.51GB 2065.7s
#5 sha256:e987ca3078c362c923f1069eb0292c844e3d73320bf103b0ea0c62d93897d2ac 1.23GB / 2.32GB 2070.8s
#5 sha256:271a891396ce7b0bf9643364eac9a31a1635b978780c5bffb060dc79a610cfed 1.14GB / 1.51GB 2070.8s
#5 sha256:e987ca3078c362c923f1069eb0292c844e3d73320bf103b0ea0c62d93897d2ac 1.23GB / 2.32GB 2075.9s
#5 sha256:271a891396ce7b0bf9643364eac9a31a1635b978780c5bffb060dc79a610cfed 1.15GB / 1.51GB 2075.9s
#5 sha256:e987ca3078c362c923f1069eb0292c844e3d73320bf103b0ea0c62d93897d2ac 1.24GB / 2.32GB 2081.0s
#5 sha256:271a891396ce7b0bf9643364eac9a31a1635b978780c5bffb060dc79a610cfed 1.16GB / 1.51GB 2081.0s
#5 sha256:e987ca3078c362c923f1069eb0292c844e3d73320bf103b0ea0c62d93897d2ac 1.25GB / 2.32GB 2086.1s
#5 sha256:271a891396ce7b0bf9643364eac9a31a1635b978780c5bffb060dc79a610cfed 1.17GB / 1.51GB 2086.1s
#5 sha256:e987ca3078c362c923f1069eb0292c844e3d73320bf103b0ea0c62d93897d2ac 1.25GB / 2.32GB 2091.2s
#5 sha256:271a891396ce7b0bf9643364eac9a31a1635b978780c5bffb060dc79a610cfed 1.17GB / 1.51GB 2091.2s
#5 sha256:e987ca3078c362c923f1069eb0292c844e3d73320bf103b0ea0c62d93897d2ac 1.26GB / 2.32GB 2096.3s
#5 sha256:271a891396ce7b0bf9643364eac9a31a1635b978780c5bffb060dc79a610cfed 1.18GB / 1.51GB 2096.3s
#5 sha256:e987ca3078c362c923f1069eb0292c844e3d73320bf103b0ea0c62d93897d2ac 1.27GB / 2.32GB 2101.4s
#5 sha256:271a891396ce7b0bf9643364eac9a31a1635b978780c5bffb060dc79a610cfed 1.18GB / 1.51GB 2101.4s
#5 sha256:e987ca3078c362c923f1069eb0292c844e3d73320bf103b0ea0c62d93897d2ac 1.27GB / 2.32GB 2106.5s
#5 sha256:271a891396ce7b0bf9643364eac9a31a1635b978780c5bffb060dc79a610cfed 1.18GB / 1.51GB 2106.5s
#5 sha256:e987ca3078c362c923f1069eb0292c844e3d73320bf103b0ea0c62d93897d2ac 1.28GB / 2.32GB 2111.6s
#5 sha256:271a891396ce7b0bf9643364eac9a31a1635b978780c5bffb060dc79a610cfed 1.19GB / 1.51GB 2111.6s
#5 sha256:e987ca3078c362c923f1069eb0292c844e3d73320bf103b0ea0c62d93897d2ac 1.28GB / 2.32GB 2116.7s
#5 sha256:271a891396ce7b0bf9643364eac9a31a1635b978780c5bffb060dc79a610cfed 1.19GB / 1.51GB 2116.7s
#5 sha256:e987ca3078c362c923f1069eb0292c844e3d73320bf103b0ea0c62d93897d2ac 1.29GB / 2.32GB 2121.8s
#5 sha256:271a891396ce7b0bf9643364eac9a31a1635b978780c5bffb060dc79a610cfed 1.19GB / 1.51GB 2121.8s
#5 sha256:e987ca3078c362c923f1069eb0292c844e3d73320bf103b0ea0c62d93897d2ac 1.29GB / 2.32GB 2126.9s
#5 sha256:271a891396ce7b0bf9643364eac9a31a1635b978780c5bffb060dc79a610cfed 1.19GB / 1.51GB 2126.9s
#5 sha256:e987ca3078c362c923f1069eb0292c844e3d73320bf103b0ea0c62d93897d2ac 1.29GB / 2.32GB 2132.0s
#5 sha256:271a891396ce7b0bf9643364eac9a31a1635b978780c5bffb060dc79a610cfed 1.20GB / 1.51GB 2132.0s
#5 sha256:e987ca3078c362c923f1069eb0292c844e3d73320bf103b0ea0c62d93897d2ac 1.30GB / 2.32GB 2137.1s
#5 sha256:271a891396ce7b0bf9643364eac9a31a1635b978780c5bffb060dc79a610cfed 1.20GB / 1.51GB 2137.1s
#5 sha256:e987ca3078c362c923f1069eb0292c844e3d73320bf103b0ea0c62d93897d2ac 1.30GB / 2.32GB 2142.2s
#5 sha256:271a891396ce7b0bf9643364eac9a31a1635b978780c5bffb060dc79a610cfed 1.20GB / 1.51GB 2142.2s
#5 sha256:e987ca3078c362c923f1069eb0292c844e3d73320bf103b0ea0c62d93897d2ac 1.31GB / 2.32GB 2147.3s
#5 sha256:271a891396ce7b0bf9643364eac9a31a1635b978780c5bffb060dc79a610cfed 1.20GB / 1.51GB 2147.3s
#5 sha256:e987ca3078c362c923f1069eb0292c844e3d73320bf103b0ea0c62d93897d2ac 1.31GB / 2.32GB 2152.4s
#5 sha256:271a891396ce7b0bf9643364eac9a31a1635b978780c5bffb060dc79a610cfed 1.21GB / 1.51GB 2152.4s
#5 sha256:e987ca3078c362c923f1069eb0292c844e3d73320bf103b0ea0c62d93897d2ac 1.31GB / 2.32GB 2157.5s
#5 sha256:271a891396ce7b0bf9643364eac9a31a1635b978780c5bffb060dc79a610cfed 1.21GB / 1.51GB 2157.5s
#5 sha256:e987ca3078c362c923f1069eb0292c844e3d73320bf103b0ea0c62d93897d2ac 1.32GB / 2.32GB 2162.6s
#5 sha256:271a891396ce7b0bf9643364eac9a31a1635b978780c5bffb060dc79a610cfed 1.22GB / 1.51GB 2162.6s
#5 sha256:e987ca3078c362c923f1069eb0292c844e3d73320bf103b0ea0c62d93897d2ac 1.32GB / 2.32GB 2167.7s
#5 sha256:271a891396ce7b0bf9643364eac9a31a1635b978780c5bffb060dc79a610cfed 1.22GB / 1.51GB 2167.7s
#5 sha256:e987ca3078c362c923f1069eb0292c844e3d73320bf103b0ea0c62d93897d2ac 1.32GB / 2.32GB 2172.8s
#5 sha256:271a891396ce7b0bf9643364eac9a31a1635b978780c5bffb060dc79a610cfed 1.22GB / 1.51GB 2172.8s
#5 sha256:e987ca3078c362c923f1069eb0292c844e3d73320bf103b0ea0c62d93897d2ac 1.33GB / 2.32GB 2177.9s
#5 sha256:271a891396ce7b0bf9643364eac9a31a1635b978780c5bffb060dc79a610cfed 1.23GB / 1.51GB 2177.9s
#5 sha256:e987ca3078c362c923f1069eb0292c844e3d73320bf103b0ea0c62d93897d2ac 1.33GB / 2.32GB 2183.0s
#5 sha256:271a891396ce7b0bf9643364eac9a31a1635b978780c5bffb060dc79a610cfed 1.23GB / 1.51GB 2183.0s
#5 sha256:e987ca3078c362c923f1069eb0292c844e3d73320bf103b0ea0c62d93897d2ac 1.33GB / 2.32GB 2188.1s
#5 sha256:271a891396ce7b0bf9643364eac9a31a1635b978780c5bffb060dc79a610cfed 1.23GB / 1.51GB 2188.1s
#5 sha256:e987ca3078c362c923f1069eb0292c844e3d73320bf103b0ea0c62d93897d2ac 1.33GB / 2.32GB 2193.2s
#5 sha256:271a891396ce7b0bf9643364eac9a31a1635b978780c5bffb060dc79a610cfed 1.24GB / 1.51GB 2193.2s
#5 sha256:e987ca3078c362c923f1069eb0292c844e3d73320bf103b0ea0c62d93897d2ac 1.33GB / 2.32GB 2198.3s
#5 sha256:271a891396ce7b0bf9643364eac9a31a1635b978780c5bffb060dc79a610cfed 1.24GB / 1.51GB 2198.3s
#5 sha256:e987ca3078c362c923f1069eb0292c844e3d73320bf103b0ea0c62d93897d2ac 1.33GB / 2.32GB 2203.4s
#5 sha256:271a891396ce7b0bf9643364eac9a31a1635b978780c5bffb060dc79a610cfed 1.24GB / 1.51GB 2203.4s
#5 sha256:e987ca3078c362c923f1069eb0292c844e3d73320bf103b0ea0c62d93897d2ac 1.33GB / 2.32GB 2208.5s
#5 sha256:271a891396ce7b0bf9643364eac9a31a1635b978780c5bffb060dc79a610cfed 1.24GB / 1.51GB 2208.5s
#5 sha256:e987ca3078c362c923f1069eb0292c844e3d73320bf103b0ea0c62d93897d2ac 1.34GB / 2.32GB 2213.6s
#5 sha256:271a891396ce7b0bf9643364eac9a31a1635b978780c5bffb060dc79a610cfed 1.24GB / 1.51GB 2213.6s
#5 sha256:e987ca3078c362c923f1069eb0292c844e3d73320bf103b0ea0c62d93897d2ac 1.34GB / 2.32GB 2218.7s
#5 sha256:271a891396ce7b0bf9643364eac9a31a1635b978780c5bffb060dc79a610cfed 1.25GB / 1.51GB 2218.7s
#5 sha256:e987ca3078c362c923f1069eb0292c844e3d73320bf103b0ea0c62d93897d2ac 1.34GB / 2.32GB 2223.8s
#5 sha256:271a891396ce7b0bf9643364eac9a31a1635b978780c5bffb060dc79a610cfed 1.25GB / 1.51GB 2223.8s
#5 sha256:e987ca3078c362c923f1069eb0292c844e3d73320bf103b0ea0c62d93897d2ac 1.34GB / 2.32GB 2228.9s
#5 sha256:271a891396ce7b0bf9643364eac9a31a1635b978780c5bffb060dc79a610cfed 1.25GB / 1.51GB 2228.9s
#5 sha256:e987ca3078c362c923f1069eb0292c844e3d73320bf103b0ea0c62d93897d2ac 1.34GB / 2.32GB 2234.0s
#5 sha256:271a891396ce7b0bf9643364eac9a31a1635b978780c5bffb060dc79a610cfed 1.25GB / 1.51GB 2234.0s
#5 sha256:e987ca3078c362c923f1069eb0292c844e3d73320bf103b0ea0c62d93897d2ac 1.35GB / 2.32GB 2239.1s
#5 sha256:271a891396ce7b0bf9643364eac9a31a1635b978780c5bffb060dc79a610cfed 1.26GB / 1.51GB 2239.1s
#5 sha256:e987ca3078c362c923f1069eb0292c844e3d73320bf103b0ea0c62d93897d2ac 1.35GB / 2.32GB 2244.2s
#5 sha256:271a891396ce7b0bf9643364eac9a31a1635b978780c5bffb060dc79a610cfed 1.26GB / 1.51GB 2244.2s
#5 sha256:e987ca3078c362c923f1069eb0292c844e3d73320bf103b0ea0c62d93897d2ac 1.35GB / 2.32GB 2249.3s
#5 sha256:271a891396ce7b0bf9643364eac9a31a1635b978780c5bffb060dc79a610cfed 1.26GB / 1.51GB 2249.3s
#5 sha256:e987ca3078c362c923f1069eb0292c844e3d73320bf103b0ea0c62d93897d2ac 1.35GB / 2.32GB 2254.4s
#5 sha256:271a891396ce7b0bf9643364eac9a31a1635b978780c5bffb060dc79a610cfed 1.27GB / 1.51GB 2254.4s
#5 sha256:e987ca3078c362c923f1069eb0292c844e3d73320bf103b0ea0c62d93897d2ac 1.35GB / 2.32GB 2259.5s
#5 sha256:271a891396ce7b0bf9643364eac9a31a1635b978780c5bffb060dc79a610cfed 1.27GB / 1.51GB 2259.5s
#5 sha256:e987ca3078c362c923f1069eb0292c844e3d73320bf103b0ea0c62d93897d2ac 1.36GB / 2.32GB 2264.6s
#5 sha256:271a891396ce7b0bf9643364eac9a31a1635b978780c5bffb060dc79a610cfed 1.28GB / 1.51GB 2264.6s
#5 sha256:e987ca3078c362c923f1069eb0292c844e3d73320bf103b0ea0c62d93897d2ac 1.36GB / 2.32GB 2269.7s
#5 sha256:271a891396ce7b0bf9643364eac9a31a1635b978780c5bffb060dc79a610cfed 1.28GB / 1.51GB 2269.7s
#5 sha256:e987ca3078c362c923f1069eb0292c844e3d73320bf103b0ea0c62d93897d2ac 1.36GB / 2.32GB 2274.8s
#5 sha256:271a891396ce7b0bf9643364eac9a31a1635b978780c5bffb060dc79a610cfed 1.28GB / 1.51GB 2274.8s
#5 sha256:e987ca3078c362c923f1069eb0292c844e3d73320bf103b0ea0c62d93897d2ac 1.36GB / 2.32GB 2279.9s
#5 sha256:271a891396ce7b0bf9643364eac9a31a1635b978780c5bffb060dc79a610cfed 1.29GB / 1.51GB 2279.9s
#5 sha256:e987ca3078c362c923f1069eb0292c844e3d73320bf103b0ea0c62d93897d2ac 1.36GB / 2.32GB 2285.0s
#5 sha256:271a891396ce7b0bf9643364eac9a31a1635b978780c5bffb060dc79a610cfed 1.29GB / 1.51GB 2285.0s
#5 sha256:e987ca3078c362c923f1069eb0292c844e3d73320bf103b0ea0c62d93897d2ac 1.36GB / 2.32GB 2290.1s
#5 sha256:271a891396ce7b0bf9643364eac9a31a1635b978780c5bffb060dc79a610cfed 1.29GB / 1.51GB 2290.1s
#5 sha256:e987ca3078c362c923f1069eb0292c844e3d73320bf103b0ea0c62d93897d2ac 1.37GB / 2.32GB 2295.2s
#5 sha256:271a891396ce7b0bf9643364eac9a31a1635b978780c5bffb060dc79a610cfed 1.29GB / 1.51GB 2295.2s
#5 sha256:e987ca3078c362c923f1069eb0292c844e3d73320bf103b0ea0c62d93897d2ac 1.37GB / 2.32GB 2300.3s
#5 sha256:271a891396ce7b0bf9643364eac9a31a1635b978780c5bffb060dc79a610cfed 1.29GB / 1.51GB 2300.3s
#5 sha256:e987ca3078c362c923f1069eb0292c844e3d73320bf103b0ea0c62d93897d2ac 1.37GB / 2.32GB 2305.4s
#5 sha256:271a891396ce7b0bf9643364eac9a31a1635b978780c5bffb060dc79a610cfed 1.29GB / 1.51GB 2305.4s
#5 sha256:e987ca3078c362c923f1069eb0292c844e3d73320bf103b0ea0c62d93897d2ac 1.37GB / 2.32GB 2310.5s
#5 sha256:271a891396ce7b0bf9643364eac9a31a1635b978780c5bffb060dc79a610cfed 1.30GB / 1.51GB 2310.5s
#5 sha256:e987ca3078c362c923f1069eb0292c844e3d73320bf103b0ea0c62d93897d2ac 1.37GB / 2.32GB 2315.6s
#5 sha256:271a891396ce7b0bf9643364eac9a31a1635b978780c5bffb060dc79a610cfed 1.30GB / 1.51GB 2315.6s
#5 sha256:e987ca3078c362c923f1069eb0292c844e3d73320bf103b0ea0c62d93897d2ac 1.38GB / 2.32GB 2320.7s
#5 sha256:271a891396ce7b0bf9643364eac9a31a1635b978780c5bffb060dc79a610cfed 1.30GB / 1.51GB 2320.7s
#5 sha256:e987ca3078c362c923f1069eb0292c844e3d73320bf103b0ea0c62d93897d2ac 1.38GB / 2.32GB 2325.8s
#5 sha256:271a891396ce7b0bf9643364eac9a31a1635b978780c5bffb060dc79a610cfed 1.31GB / 1.51GB 2325.8s
#5 sha256:e987ca3078c362c923f1069eb0292c844e3d73320bf103b0ea0c62d93897d2ac 1.39GB / 2.32GB 2330.9s
#5 sha256:271a891396ce7b0bf9643364eac9a31a1635b978780c5bffb060dc79a610cfed 1.31GB / 1.51GB 2330.9s
#5 sha256:e987ca3078c362c923f1069eb0292c844e3d73320bf103b0ea0c62d93897d2ac 1.39GB / 2.32GB 2336.0s
#5 sha256:271a891396ce7b0bf9643364eac9a31a1635b978780c5bffb060dc79a610cfed 1.32GB / 1.51GB 2336.0s
#5 sha256:e987ca3078c362c923f1069eb0292c844e3d73320bf103b0ea0c62d93897d2ac 1.40GB / 2.32GB 2341.1s
#5 sha256:271a891396ce7b0bf9643364eac9a31a1635b978780c5bffb060dc79a610cfed 1.32GB / 1.51GB 2341.1s
#5 sha256:e987ca3078c362c923f1069eb0292c844e3d73320bf103b0ea0c62d93897d2ac 1.40GB / 2.32GB 2346.2s
#5 sha256:271a891396ce7b0bf9643364eac9a31a1635b978780c5bffb060dc79a610cfed 1.32GB / 1.51GB 2346.2s
#5 sha256:e987ca3078c362c923f1069eb0292c844e3d73320bf103b0ea0c62d93897d2ac 1.41GB / 2.32GB 2351.3s
#5 sha256:271a891396ce7b0bf9643364eac9a31a1635b978780c5bffb060dc79a610cfed 1.33GB / 1.51GB 2351.3s
#5 sha256:e987ca3078c362c923f1069eb0292c844e3d73320bf103b0ea0c62d93897d2ac 1.41GB / 2.32GB 2356.4s
#5 sha256:271a891396ce7b0bf9643364eac9a31a1635b978780c5bffb060dc79a610cfed 1.33GB / 1.51GB 2356.4s
#5 sha256:e987ca3078c362c923f1069eb0292c844e3d73320bf103b0ea0c62d93897d2ac 1.42GB / 2.32GB 2361.5s
#5 sha256:271a891396ce7b0bf9643364eac9a31a1635b978780c5bffb060dc79a610cfed 1.33GB / 1.51GB 2361.5s
#5 sha256:e987ca3078c362c923f1069eb0292c844e3d73320bf103b0ea0c62d93897d2ac 1.42GB / 2.32GB 2366.6s
#5 sha256:271a891396ce7b0bf9643364eac9a31a1635b978780c5bffb060dc79a610cfed 1.34GB / 1.51GB 2366.6s
#5 sha256:e987ca3078c362c923f1069eb0292c844e3d73320bf103b0ea0c62d93897d2ac 1.42GB / 2.32GB 2371.7s
#5 sha256:271a891396ce7b0bf9643364eac9a31a1635b978780c5bffb060dc79a610cfed 1.34GB / 1.51GB 2371.7s
#5 sha256:e987ca3078c362c923f1069eb0292c844e3d73320bf103b0ea0c62d93897d2ac 1.43GB / 2.32GB 2376.8s
#5 sha256:271a891396ce7b0bf9643364eac9a31a1635b978780c5bffb060dc79a610cfed 1.34GB / 1.51GB 2376.8s
#5 sha256:e987ca3078c362c923f1069eb0292c844e3d73320bf103b0ea0c62d93897d2ac 1.43GB / 2.32GB 2381.9s
#5 sha256:271a891396ce7b0bf9643364eac9a31a1635b978780c5bffb060dc79a610cfed 1.34GB / 1.51GB 2381.9s
#5 sha256:e987ca3078c362c923f1069eb0292c844e3d73320bf103b0ea0c62d93897d2ac 1.44GB / 2.32GB 2387.0s
#5 sha256:271a891396ce7b0bf9643364eac9a31a1635b978780c5bffb060dc79a610cfed 1.35GB / 1.51GB 2387.0s
#5 sha256:e987ca3078c362c923f1069eb0292c844e3d73320bf103b0ea0c62d93897d2ac 1.44GB / 2.32GB 2392.1s
#5 sha256:271a891396ce7b0bf9643364eac9a31a1635b978780c5bffb060dc79a610cfed 1.35GB / 1.51GB 2392.1s
#5 sha256:e987ca3078c362c923f1069eb0292c844e3d73320bf103b0ea0c62d93897d2ac 1.44GB / 2.32GB 2397.2s
#5 sha256:271a891396ce7b0bf9643364eac9a31a1635b978780c5bffb060dc79a610cfed 1.35GB / 1.51GB 2397.2s
#5 sha256:e987ca3078c362c923f1069eb0292c844e3d73320bf103b0ea0c62d93897d2ac 1.45GB / 2.32GB 2402.3s
#5 sha256:271a891396ce7b0bf9643364eac9a31a1635b978780c5bffb060dc79a610cfed 1.36GB / 1.51GB 2402.3s
#5 sha256:e987ca3078c362c923f1069eb0292c844e3d73320bf103b0ea0c62d93897d2ac 1.46GB / 2.32GB 2407.4s
#5 sha256:271a891396ce7b0bf9643364eac9a31a1635b978780c5bffb060dc79a610cfed 1.36GB / 1.51GB 2407.4s
#5 sha256:e987ca3078c362c923f1069eb0292c844e3d73320bf103b0ea0c62d93897d2ac 1.46GB / 2.32GB 2412.5s
#5 sha256:271a891396ce7b0bf9643364eac9a31a1635b978780c5bffb060dc79a610cfed 1.37GB / 1.51GB 2412.5s
#5 sha256:e987ca3078c362c923f1069eb0292c844e3d73320bf103b0ea0c62d93897d2ac 1.47GB / 2.32GB 2417.6s
#5 sha256:271a891396ce7b0bf9643364eac9a31a1635b978780c5bffb060dc79a610cfed 1.37GB / 1.51GB 2417.6s
#5 sha256:e987ca3078c362c923f1069eb0292c844e3d73320bf103b0ea0c62d93897d2ac 1.47GB / 2.32GB 2422.7s
#5 sha256:271a891396ce7b0bf9643364eac9a31a1635b978780c5bffb060dc79a610cfed 1.37GB / 1.51GB 2422.7s
#5 sha256:e987ca3078c362c923f1069eb0292c844e3d73320bf103b0ea0c62d93897d2ac 1.48GB / 2.32GB 2427.8s
#5 sha256:271a891396ce7b0bf9643364eac9a31a1635b978780c5bffb060dc79a610cfed 1.37GB / 1.51GB 2427.8s
#5 sha256:e987ca3078c362c923f1069eb0292c844e3d73320bf103b0ea0c62d93897d2ac 1.48GB / 2.32GB 2432.9s
#5 sha256:271a891396ce7b0bf9643364eac9a31a1635b978780c5bffb060dc79a610cfed 1.38GB / 1.51GB 2432.9s
#5 sha256:e987ca3078c362c923f1069eb0292c844e3d73320bf103b0ea0c62d93897d2ac 1.48GB / 2.32GB 2438.0s
#5 sha256:271a891396ce7b0bf9643364eac9a31a1635b978780c5bffb060dc79a610cfed 1.38GB / 1.51GB 2438.0s
#5 sha256:e987ca3078c362c923f1069eb0292c844e3d73320bf103b0ea0c62d93897d2ac 1.48GB / 2.32GB 2443.1s
#5 sha256:271a891396ce7b0bf9643364eac9a31a1635b978780c5bffb060dc79a610cfed 1.38GB / 1.51GB 2443.1s
#5 sha256:e987ca3078c362c923f1069eb0292c844e3d73320bf103b0ea0c62d93897d2ac 1.48GB / 2.32GB 2448.2s
#5 sha256:271a891396ce7b0bf9643364eac9a31a1635b978780c5bffb060dc79a610cfed 1.38GB / 1.51GB 2448.2s
#5 sha256:e987ca3078c362c923f1069eb0292c844e3d73320bf103b0ea0c62d93897d2ac 1.49GB / 2.32GB 2453.3s
#5 sha256:271a891396ce7b0bf9643364eac9a31a1635b978780c5bffb060dc79a610cfed 1.38GB / 1.51GB 2453.3s
#5 sha256:e987ca3078c362c923f1069eb0292c844e3d73320bf103b0ea0c62d93897d2ac 1.49GB / 2.32GB 2458.4s
#5 sha256:271a891396ce7b0bf9643364eac9a31a1635b978780c5bffb060dc79a610cfed 1.38GB / 1.51GB 2458.4s
#5 sha256:e987ca3078c362c923f1069eb0292c844e3d73320bf103b0ea0c62d93897d2ac 1.49GB / 2.32GB 2463.5s
#5 sha256:271a891396ce7b0bf9643364eac9a31a1635b978780c5bffb060dc79a610cfed 1.38GB / 1.51GB 2463.5s
#5 sha256:e987ca3078c362c923f1069eb0292c844e3d73320bf103b0ea0c62d93897d2ac 1.49GB / 2.32GB 2468.6s
#5 sha256:271a891396ce7b0bf9643364eac9a31a1635b978780c5bffb060dc79a610cfed 1.39GB / 1.51GB 2468.6s
#5 sha256:e987ca3078c362c923f1069eb0292c844e3d73320bf103b0ea0c62d93897d2ac 1.50GB / 2.32GB 2473.7s
#5 sha256:271a891396ce7b0bf9643364eac9a31a1635b978780c5bffb060dc79a610cfed 1.39GB / 1.51GB 2473.7s
#5 sha256:e987ca3078c362c923f1069eb0292c844e3d73320bf103b0ea0c62d93897d2ac 1.50GB / 2.32GB 2478.8s
#5 sha256:271a891396ce7b0bf9643364eac9a31a1635b978780c5bffb060dc79a610cfed 1.39GB / 1.51GB 2478.8s
#5 sha256:e987ca3078c362c923f1069eb0292c844e3d73320bf103b0ea0c62d93897d2ac 1.50GB / 2.32GB 2483.9s
#5 sha256:271a891396ce7b0bf9643364eac9a31a1635b978780c5bffb060dc79a610cfed 1.39GB / 1.51GB 2483.9s
#5 sha256:e987ca3078c362c923f1069eb0292c844e3d73320bf103b0ea0c62d93897d2ac 1.50GB / 2.32GB 2489.0s
#5 sha256:271a891396ce7b0bf9643364eac9a31a1635b978780c5bffb060dc79a610cfed 1.40GB / 1.51GB 2489.0s
#5 sha256:e987ca3078c362c923f1069eb0292c844e3d73320bf103b0ea0c62d93897d2ac 1.50GB / 2.32GB 2494.1s
#5 sha256:271a891396ce7b0bf9643364eac9a31a1635b978780c5bffb060dc79a610cfed 1.40GB / 1.51GB 2494.1s
#5 sha256:e987ca3078c362c923f1069eb0292c844e3d73320bf103b0ea0c62d93897d2ac 1.51GB / 2.32GB 2499.2s
#5 sha256:271a891396ce7b0bf9643364eac9a31a1635b978780c5bffb060dc79a610cfed 1.41GB / 1.51GB 2499.2s
#5 sha256:e987ca3078c362c923f1069eb0292c844e3d73320bf103b0ea0c62d93897d2ac 1.51GB / 2.32GB 2504.3s
#5 sha256:271a891396ce7b0bf9643364eac9a31a1635b978780c5bffb060dc79a610cfed 1.41GB / 1.51GB 2504.3s
#5 sha256:e987ca3078c362c923f1069eb0292c844e3d73320bf103b0ea0c62d93897d2ac 1.51GB / 2.32GB 2509.4s
#5 sha256:271a891396ce7b0bf9643364eac9a31a1635b978780c5bffb060dc79a610cfed 1.41GB / 1.51GB 2509.4s
#5 sha256:e987ca3078c362c923f1069eb0292c844e3d73320bf103b0ea0c62d93897d2ac 1.52GB / 2.32GB 2514.5s
#5 sha256:271a891396ce7b0bf9643364eac9a31a1635b978780c5bffb060dc79a610cfed 1.41GB / 1.51GB 2514.5s
#5 sha256:e987ca3078c362c923f1069eb0292c844e3d73320bf103b0ea0c62d93897d2ac 1.52GB / 2.32GB 2519.6s
#5 sha256:271a891396ce7b0bf9643364eac9a31a1635b978780c5bffb060dc79a610cfed 1.42GB / 1.51GB 2519.6s
#5 sha256:e987ca3078c362c923f1069eb0292c844e3d73320bf103b0ea0c62d93897d2ac 1.53GB / 2.32GB 2524.7s
#5 sha256:271a891396ce7b0bf9643364eac9a31a1635b978780c5bffb060dc79a610cfed 1.43GB / 1.51GB 2524.7s
#5 sha256:e987ca3078c362c923f1069eb0292c844e3d73320bf103b0ea0c62d93897d2ac 1.54GB / 2.32GB 2529.8s
#5 sha256:271a891396ce7b0bf9643364eac9a31a1635b978780c5bffb060dc79a610cfed 1.43GB / 1.51GB 2529.8s
#5 sha256:e987ca3078c362c923f1069eb0292c844e3d73320bf103b0ea0c62d93897d2ac 1.54GB / 2.32GB 2534.9s
#5 sha256:271a891396ce7b0bf9643364eac9a31a1635b978780c5bffb060dc79a610cfed 1.44GB / 1.51GB 2534.9s
#5 sha256:e987ca3078c362c923f1069eb0292c844e3d73320bf103b0ea0c62d93897d2ac 1.55GB / 2.32GB 2540.0s
#5 sha256:271a891396ce7b0bf9643364eac9a31a1635b978780c5bffb060dc79a610cfed 1.44GB / 1.51GB 2540.0s
#5 sha256:e987ca3078c362c923f1069eb0292c844e3d73320bf103b0ea0c62d93897d2ac 1.56GB / 2.32GB 2545.1s
#5 sha256:271a891396ce7b0bf9643364eac9a31a1635b978780c5bffb060dc79a610cfed 1.45GB / 1.51GB 2545.1s
#5 sha256:e987ca3078c362c923f1069eb0292c844e3d73320bf103b0ea0c62d93897d2ac 1.56GB / 2.32GB 2550.2s
#5 sha256:271a891396ce7b0bf9643364eac9a31a1635b978780c5bffb060dc79a610cfed 1.45GB / 1.51GB 2550.2s
#5 sha256:e987ca3078c362c923f1069eb0292c844e3d73320bf103b0ea0c62d93897d2ac 1.57GB / 2.32GB 2555.3s
#5 sha256:271a891396ce7b0bf9643364eac9a31a1635b978780c5bffb060dc79a610cfed 1.46GB / 1.51GB 2555.3s
#5 sha256:e987ca3078c362c923f1069eb0292c844e3d73320bf103b0ea0c62d93897d2ac 1.57GB / 2.32GB 2560.4s
#5 sha256:271a891396ce7b0bf9643364eac9a31a1635b978780c5bffb060dc79a610cfed 1.46GB / 1.51GB 2560.4s
#5 sha256:e987ca3078c362c923f1069eb0292c844e3d73320bf103b0ea0c62d93897d2ac 1.57GB / 2.32GB 2565.5s
#5 sha256:271a891396ce7b0bf9643364eac9a31a1635b978780c5bffb060dc79a610cfed 1.46GB / 1.51GB 2565.5s
#5 sha256:e987ca3078c362c923f1069eb0292c844e3d73320bf103b0ea0c62d93897d2ac 1.58GB / 2.32GB 2570.6s
#5 sha256:271a891396ce7b0bf9643364eac9a31a1635b978780c5bffb060dc79a610cfed 1.47GB / 1.51GB 2570.6s
#5 sha256:e987ca3078c362c923f1069eb0292c844e3d73320bf103b0ea0c62d93897d2ac 1.58GB / 2.32GB 2575.7s
#5 sha256:271a891396ce7b0bf9643364eac9a31a1635b978780c5bffb060dc79a610cfed 1.47GB / 1.51GB 2575.7s
#5 sha256:e987ca3078c362c923f1069eb0292c844e3d73320bf103b0ea0c62d93897d2ac 1.58GB / 2.32GB 2580.8s
#5 sha256:271a891396ce7b0bf9643364eac9a31a1635b978780c5bffb060dc79a610cfed 1.47GB / 1.51GB 2580.8s
#5 sha256:e987ca3078c362c923f1069eb0292c844e3d73320bf103b0ea0c62d93897d2ac 1.59GB / 2.32GB 2585.9s
#5 sha256:271a891396ce7b0bf9643364eac9a31a1635b978780c5bffb060dc79a610cfed 1.48GB / 1.51GB 2585.9s
#5 sha256:e987ca3078c362c923f1069eb0292c844e3d73320bf103b0ea0c62d93897d2ac 1.59GB / 2.32GB 2591.0s
#5 sha256:271a891396ce7b0bf9643364eac9a31a1635b978780c5bffb060dc79a610cfed 1.48GB / 1.51GB 2591.0s
#5 sha256:e987ca3078c362c923f1069eb0292c844e3d73320bf103b0ea0c62d93897d2ac 1.59GB / 2.32GB 2596.1s
#5 sha256:271a891396ce7b0bf9643364eac9a31a1635b978780c5bffb060dc79a610cfed 1.48GB / 1.51GB 2596.1s
#5 sha256:e987ca3078c362c923f1069eb0292c844e3d73320bf103b0ea0c62d93897d2ac 1.60GB / 2.32GB 2601.2s
#5 sha256:271a891396ce7b0bf9643364eac9a31a1635b978780c5bffb060dc79a610cfed 1.49GB / 1.51GB 2601.2s
#5 sha256:e987ca3078c362c923f1069eb0292c844e3d73320bf103b0ea0c62d93897d2ac 1.60GB / 2.32GB 2606.3s
#5 sha256:271a891396ce7b0bf9643364eac9a31a1635b978780c5bffb060dc79a610cfed 1.49GB / 1.51GB 2606.3s
#5 sha256:e987ca3078c362c923f1069eb0292c844e3d73320bf103b0ea0c62d93897d2ac 1.60GB / 2.32GB 2611.4s
#5 sha256:271a891396ce7b0bf9643364eac9a31a1635b978780c5bffb060dc79a610cfed 1.49GB / 1.51GB 2611.4s
#5 sha256:e987ca3078c362c923f1069eb0292c844e3d73320bf103b0ea0c62d93897d2ac 1.60GB / 2.32GB 2616.5s
#5 sha256:271a891396ce7b0bf9643364eac9a31a1635b978780c5bffb060dc79a610cfed 1.50GB / 1.51GB 2616.5s
#5 sha256:e987ca3078c362c923f1069eb0292c844e3d73320bf103b0ea0c62d93897d2ac 1.61GB / 2.32GB 2621.6s
#5 sha256:271a891396ce7b0bf9643364eac9a31a1635b978780c5bffb060dc79a610cfed 1.50GB / 1.51GB 2621.6s
#5 sha256:e987ca3078c362c923f1069eb0292c844e3d73320bf103b0ea0c62d93897d2ac 1.61GB / 2.32GB 2626.7s
#5 sha256:271a891396ce7b0bf9643364eac9a31a1635b978780c5bffb060dc79a610cfed 1.50GB / 1.51GB 2626.7s
#5 sha256:e987ca3078c362c923f1069eb0292c844e3d73320bf103b0ea0c62d93897d2ac 1.61GB / 2.32GB 2631.8s
#5 sha256:271a891396ce7b0bf9643364eac9a31a1635b978780c5bffb060dc79a610cfed 1.50GB / 1.51GB 2631.8s
#5 sha256:e987ca3078c362c923f1069eb0292c844e3d73320bf103b0ea0c62d93897d2ac 1.62GB / 2.32GB 2636.9s
#5 sha256:271a891396ce7b0bf9643364eac9a31a1635b978780c5bffb060dc79a610cfed 1.51GB / 1.51GB 2636.9s
#5 sha256:271a891396ce7b0bf9643364eac9a31a1635b978780c5bffb060dc79a610cfed 1.51GB / 1.51GB 2639.4s done
#5 extracting sha256:271a891396ce7b0bf9643364eac9a31a1635b978780c5bffb060dc79a610cfed
#5 sha256:e987ca3078c362c923f1069eb0292c844e3d73320bf103b0ea0c62d93897d2ac 1.62GB / 2.32GB 2642.0s
#5 extracting sha256:271a891396ce7b0bf9643364eac9a31a1635b978780c5bffb060dc79a610cfed 5.6s done
#5 extracting sha256:e90f006789bd0a58169918e92fbf2821eef8ca8e13ba7b172adb0a160cbf6617 0.0s done
#5 extracting sha256:aead5daed6c7318ad6cb916cc2ac9338f31bbce34b36868d6175ccaca552e5e5 0.0s done
#5 extracting sha256:b04c4b3cf9a5fb095cb81ca94ef4a3051739069c1edb0f9c4018a2e683705979 0.0s done
#5 sha256:e987ca3078c362c923f1069eb0292c844e3d73320bf103b0ea0c62d93897d2ac 1.62GB / 2.32GB 2647.1s
#5 sha256:e987ca3078c362c923f1069eb0292c844e3d73320bf103b0ea0c62d93897d2ac 1.63GB / 2.32GB 2652.2s
#5 sha256:e987ca3078c362c923f1069eb0292c844e3d73320bf103b0ea0c62d93897d2ac 1.63GB / 2.32GB 2657.3s
#5 sha256:e987ca3078c362c923f1069eb0292c844e3d73320bf103b0ea0c62d93897d2ac 1.63GB / 2.32GB 2662.4s
#5 sha256:e987ca3078c362c923f1069eb0292c844e3d73320bf103b0ea0c62d93897d2ac 1.63GB / 2.32GB 2667.5s
#5 sha256:e987ca3078c362c923f1069eb0292c844e3d73320bf103b0ea0c62d93897d2ac 1.63GB / 2.32GB 2672.6s
#5 sha256:e987ca3078c362c923f1069eb0292c844e3d73320bf103b0ea0c62d93897d2ac 1.64GB / 2.32GB 2677.7s
#5 sha256:e987ca3078c362c923f1069eb0292c844e3d73320bf103b0ea0c62d93897d2ac 1.64GB / 2.32GB 2682.8s
#5 sha256:e987ca3078c362c923f1069eb0292c844e3d73320bf103b0ea0c62d93897d2ac 1.64GB / 2.32GB 2687.9s
#5 sha256:e987ca3078c362c923f1069eb0292c844e3d73320bf103b0ea0c62d93897d2ac 1.64GB / 2.32GB 2693.0s
#5 sha256:e987ca3078c362c923f1069eb0292c844e3d73320bf103b0ea0c62d93897d2ac 1.65GB / 2.32GB 2698.1s
#5 sha256:e987ca3078c362c923f1069eb0292c844e3d73320bf103b0ea0c62d93897d2ac 1.65GB / 2.32GB 2703.2s
#5 sha256:e987ca3078c362c923f1069eb0292c844e3d73320bf103b0ea0c62d93897d2ac 1.65GB / 2.32GB 2708.3s
#5 sha256:e987ca3078c362c923f1069eb0292c844e3d73320bf103b0ea0c62d93897d2ac 1.65GB / 2.32GB 2713.4s
#5 sha256:e987ca3078c362c923f1069eb0292c844e3d73320bf103b0ea0c62d93897d2ac 1.66GB / 2.32GB 2718.5s
#5 sha256:e987ca3078c362c923f1069eb0292c844e3d73320bf103b0ea0c62d93897d2ac 1.66GB / 2.32GB 2723.6s
#5 sha256:e987ca3078c362c923f1069eb0292c844e3d73320bf103b0ea0c62d93897d2ac 1.66GB / 2.32GB 2728.7s
#5 sha256:e987ca3078c362c923f1069eb0292c844e3d73320bf103b0ea0c62d93897d2ac 1.66GB / 2.32GB 2733.8s
#5 sha256:e987ca3078c362c923f1069eb0292c844e3d73320bf103b0ea0c62d93897d2ac 1.67GB / 2.32GB 2738.9s
#5 sha256:e987ca3078c362c923f1069eb0292c844e3d73320bf103b0ea0c62d93897d2ac 1.67GB / 2.32GB 2744.0s
#5 sha256:e987ca3078c362c923f1069eb0292c844e3d73320bf103b0ea0c62d93897d2ac 1.67GB / 2.32GB 2749.1s
#5 sha256:e987ca3078c362c923f1069eb0292c844e3d73320bf103b0ea0c62d93897d2ac 1.67GB / 2.32GB 2754.2s
#5 sha256:e987ca3078c362c923f1069eb0292c844e3d73320bf103b0ea0c62d93897d2ac 1.68GB / 2.32GB 2759.3s
#5 sha256:e987ca3078c362c923f1069eb0292c844e3d73320bf103b0ea0c62d93897d2ac 1.68GB / 2.32GB 2764.4s
#5 sha256:e987ca3078c362c923f1069eb0292c844e3d73320bf103b0ea0c62d93897d2ac 1.68GB / 2.32GB 2769.5s
#5 sha256:e987ca3078c362c923f1069eb0292c844e3d73320bf103b0ea0c62d93897d2ac 1.69GB / 2.32GB 2774.6s
#5 sha256:e987ca3078c362c923f1069eb0292c844e3d73320bf103b0ea0c62d93897d2ac 1.69GB / 2.32GB 2779.7s
#5 sha256:e987ca3078c362c923f1069eb0292c844e3d73320bf103b0ea0c62d93897d2ac 1.69GB / 2.32GB 2784.8s
#5 sha256:e987ca3078c362c923f1069eb0292c844e3d73320bf103b0ea0c62d93897d2ac 1.70GB / 2.32GB 2789.9s
#5 sha256:e987ca3078c362c923f1069eb0292c844e3d73320bf103b0ea0c62d93897d2ac 1.70GB / 2.32GB 2795.0s
#5 sha256:e987ca3078c362c923f1069eb0292c844e3d73320bf103b0ea0c62d93897d2ac 1.71GB / 2.32GB 2800.1s
#5 sha256:e987ca3078c362c923f1069eb0292c844e3d73320bf103b0ea0c62d93897d2ac 1.71GB / 2.32GB 2805.2s
#5 sha256:e987ca3078c362c923f1069eb0292c844e3d73320bf103b0ea0c62d93897d2ac 1.71GB / 2.32GB 2810.3s
#5 sha256:e987ca3078c362c923f1069eb0292c844e3d73320bf103b0ea0c62d93897d2ac 1.72GB / 2.32GB 2815.4s
#5 sha256:e987ca3078c362c923f1069eb0292c844e3d73320bf103b0ea0c62d93897d2ac 1.72GB / 2.32GB 2820.5s
#5 sha256:e987ca3078c362c923f1069eb0292c844e3d73320bf103b0ea0c62d93897d2ac 1.72GB / 2.32GB 2825.6s
#5 sha256:e987ca3078c362c923f1069eb0292c844e3d73320bf103b0ea0c62d93897d2ac 1.73GB / 2.32GB 2830.7s
#5 sha256:e987ca3078c362c923f1069eb0292c844e3d73320bf103b0ea0c62d93897d2ac 1.75GB / 2.32GB 2835.8s
#5 sha256:e987ca3078c362c923f1069eb0292c844e3d73320bf103b0ea0c62d93897d2ac 1.75GB / 2.32GB 2840.9s
#5 sha256:e987ca3078c362c923f1069eb0292c844e3d73320bf103b0ea0c62d93897d2ac 1.76GB / 2.32GB 2846.0s
#5 sha256:e987ca3078c362c923f1069eb0292c844e3d73320bf103b0ea0c62d93897d2ac 1.76GB / 2.32GB 2851.1s
#5 sha256:e987ca3078c362c923f1069eb0292c844e3d73320bf103b0ea0c62d93897d2ac 1.77GB / 2.32GB 2856.2s
#5 sha256:e987ca3078c362c923f1069eb0292c844e3d73320bf103b0ea0c62d93897d2ac 1.78GB / 2.32GB 2861.3s
#5 sha256:e987ca3078c362c923f1069eb0292c844e3d73320bf103b0ea0c62d93897d2ac 1.78GB / 2.32GB 2866.4s
#5 sha256:e987ca3078c362c923f1069eb0292c844e3d73320bf103b0ea0c62d93897d2ac 1.78GB / 2.32GB 2871.5s
#5 sha256:e987ca3078c362c923f1069eb0292c844e3d73320bf103b0ea0c62d93897d2ac 1.79GB / 2.32GB 2876.6s
#5 sha256:e987ca3078c362c923f1069eb0292c844e3d73320bf103b0ea0c62d93897d2ac 1.79GB / 2.32GB 2881.7s
#5 sha256:e987ca3078c362c923f1069eb0292c844e3d73320bf103b0ea0c62d93897d2ac 1.79GB / 2.32GB 2886.8s
#5 sha256:e987ca3078c362c923f1069eb0292c844e3d73320bf103b0ea0c62d93897d2ac 1.79GB / 2.32GB 2891.9s
#5 sha256:e987ca3078c362c923f1069eb0292c844e3d73320bf103b0ea0c62d93897d2ac 1.80GB / 2.32GB 2897.0s
#5 sha256:e987ca3078c362c923f1069eb0292c844e3d73320bf103b0ea0c62d93897d2ac 1.80GB / 2.32GB 2902.1s
#5 sha256:e987ca3078c362c923f1069eb0292c844e3d73320bf103b0ea0c62d93897d2ac 1.80GB / 2.32GB 2907.2s
#5 sha256:e987ca3078c362c923f1069eb0292c844e3d73320bf103b0ea0c62d93897d2ac 1.80GB / 2.32GB 2912.3s
#5 sha256:e987ca3078c362c923f1069eb0292c844e3d73320bf103b0ea0c62d93897d2ac 1.80GB / 2.32GB 2917.4s
#5 sha256:e987ca3078c362c923f1069eb0292c844e3d73320bf103b0ea0c62d93897d2ac 1.80GB / 2.32GB 2922.5s
#5 sha256:e987ca3078c362c923f1069eb0292c844e3d73320bf103b0ea0c62d93897d2ac 1.81GB / 2.32GB 2927.6s
#5 sha256:e987ca3078c362c923f1069eb0292c844e3d73320bf103b0ea0c62d93897d2ac 1.81GB / 2.32GB 2932.7s
#5 sha256:e987ca3078c362c923f1069eb0292c844e3d73320bf103b0ea0c62d93897d2ac 1.81GB / 2.32GB 2937.8s
#5 sha256:e987ca3078c362c923f1069eb0292c844e3d73320bf103b0ea0c62d93897d2ac 1.81GB / 2.32GB 2942.9s
#5 sha256:e987ca3078c362c923f1069eb0292c844e3d73320bf103b0ea0c62d93897d2ac 1.81GB / 2.32GB 2948.0s
#5 sha256:e987ca3078c362c923f1069eb0292c844e3d73320bf103b0ea0c62d93897d2ac 1.81GB / 2.32GB 2953.1s
#5 sha256:e987ca3078c362c923f1069eb0292c844e3d73320bf103b0ea0c62d93897d2ac 1.82GB / 2.32GB 2958.2s
#5 sha256:e987ca3078c362c923f1069eb0292c844e3d73320bf103b0ea0c62d93897d2ac 1.82GB / 2.32GB 2963.3s
#5 sha256:e987ca3078c362c923f1069eb0292c844e3d73320bf103b0ea0c62d93897d2ac 1.82GB / 2.32GB 2968.4s
#5 sha256:e987ca3078c362c923f1069eb0292c844e3d73320bf103b0ea0c62d93897d2ac 1.82GB / 2.32GB 2973.5s
#5 sha256:e987ca3078c362c923f1069eb0292c844e3d73320bf103b0ea0c62d93897d2ac 1.82GB / 2.32GB 2978.6s
#5 sha256:e987ca3078c362c923f1069eb0292c844e3d73320bf103b0ea0c62d93897d2ac 1.83GB / 2.32GB 2983.7s
#5 sha256:e987ca3078c362c923f1069eb0292c844e3d73320bf103b0ea0c62d93897d2ac 1.83GB / 2.32GB 2988.8s
#5 sha256:e987ca3078c362c923f1069eb0292c844e3d73320bf103b0ea0c62d93897d2ac 1.83GB / 2.32GB 2993.9s
#5 sha256:e987ca3078c362c923f1069eb0292c844e3d73320bf103b0ea0c62d93897d2ac 1.83GB / 2.32GB 2999.0s
#5 sha256:e987ca3078c362c923f1069eb0292c844e3d73320bf103b0ea0c62d93897d2ac 1.83GB / 2.32GB 3004.1s
#5 sha256:e987ca3078c362c923f1069eb0292c844e3d73320bf103b0ea0c62d93897d2ac 1.84GB / 2.32GB 3009.2s
#5 sha256:e987ca3078c362c923f1069eb0292c844e3d73320bf103b0ea0c62d93897d2ac 1.84GB / 2.32GB 3014.3s
#5 sha256:e987ca3078c362c923f1069eb0292c844e3d73320bf103b0ea0c62d93897d2ac 1.84GB / 2.32GB 3019.4s
#5 sha256:e987ca3078c362c923f1069eb0292c844e3d73320bf103b0ea0c62d93897d2ac 1.84GB / 2.32GB 3024.5s
#5 sha256:e987ca3078c362c923f1069eb0292c844e3d73320bf103b0ea0c62d93897d2ac 1.85GB / 2.32GB 3029.6s
#5 sha256:e987ca3078c362c923f1069eb0292c844e3d73320bf103b0ea0c62d93897d2ac 1.85GB / 2.32GB 3034.7s
#5 sha256:e987ca3078c362c923f1069eb0292c844e3d73320bf103b0ea0c62d93897d2ac 1.85GB / 2.32GB 3039.8s
#5 sha256:e987ca3078c362c923f1069eb0292c844e3d73320bf103b0ea0c62d93897d2ac 1.86GB / 2.32GB 3044.9s
#5 sha256:e987ca3078c362c923f1069eb0292c844e3d73320bf103b0ea0c62d93897d2ac 1.86GB / 2.32GB 3050.0s
#5 sha256:e987ca3078c362c923f1069eb0292c844e3d73320bf103b0ea0c62d93897d2ac 1.86GB / 2.32GB 3055.1s
#5 sha256:e987ca3078c362c923f1069eb0292c844e3d73320bf103b0ea0c62d93897d2ac 1.86GB / 2.32GB 3060.2s
#5 sha256:e987ca3078c362c923f1069eb0292c844e3d73320bf103b0ea0c62d93897d2ac 1.87GB / 2.32GB 3065.3s
#5 sha256:e987ca3078c362c923f1069eb0292c844e3d73320bf103b0ea0c62d93897d2ac 1.87GB / 2.32GB 3070.4s
#5 sha256:e987ca3078c362c923f1069eb0292c844e3d73320bf103b0ea0c62d93897d2ac 1.87GB / 2.32GB 3075.5s
#5 sha256:e987ca3078c362c923f1069eb0292c844e3d73320bf103b0ea0c62d93897d2ac 1.87GB / 2.32GB 3080.6s
#5 sha256:e987ca3078c362c923f1069eb0292c844e3d73320bf103b0ea0c62d93897d2ac 1.87GB / 2.32GB 3085.7s
#5 sha256:e987ca3078c362c923f1069eb0292c844e3d73320bf103b0ea0c62d93897d2ac 1.87GB / 2.32GB 3090.8s
#5 sha256:e987ca3078c362c923f1069eb0292c844e3d73320bf103b0ea0c62d93897d2ac 1.88GB / 2.32GB 3095.9s
#5 sha256:e987ca3078c362c923f1069eb0292c844e3d73320bf103b0ea0c62d93897d2ac 1.88GB / 2.32GB 3101.0s
#5 sha256:e987ca3078c362c923f1069eb0292c844e3d73320bf103b0ea0c62d93897d2ac 1.88GB / 2.32GB 3106.1s
#5 sha256:e987ca3078c362c923f1069eb0292c844e3d73320bf103b0ea0c62d93897d2ac 1.88GB / 2.32GB 3111.2s
#5 sha256:e987ca3078c362c923f1069eb0292c844e3d73320bf103b0ea0c62d93897d2ac 1.89GB / 2.32GB 3116.3s
#5 sha256:e987ca3078c362c923f1069eb0292c844e3d73320bf103b0ea0c62d93897d2ac 1.89GB / 2.32GB 3121.4s
#5 sha256:e987ca3078c362c923f1069eb0292c844e3d73320bf103b0ea0c62d93897d2ac 1.89GB / 2.32GB 3126.5s
#5 sha256:e987ca3078c362c923f1069eb0292c844e3d73320bf103b0ea0c62d93897d2ac 1.89GB / 2.32GB 3131.6s
#5 sha256:e987ca3078c362c923f1069eb0292c844e3d73320bf103b0ea0c62d93897d2ac 1.90GB / 2.32GB 3136.7s
#5 sha256:e987ca3078c362c923f1069eb0292c844e3d73320bf103b0ea0c62d93897d2ac 1.90GB / 2.32GB 3141.8s
#5 sha256:e987ca3078c362c923f1069eb0292c844e3d73320bf103b0ea0c62d93897d2ac 1.90GB / 2.32GB 3146.9s
#5 sha256:e987ca3078c362c923f1069eb0292c844e3d73320bf103b0ea0c62d93897d2ac 1.90GB / 2.32GB 3152.0s
#5 sha256:e987ca3078c362c923f1069eb0292c844e3d73320bf103b0ea0c62d93897d2ac 1.91GB / 2.32GB 3157.1s
#5 sha256:e987ca3078c362c923f1069eb0292c844e3d73320bf103b0ea0c62d93897d2ac 1.91GB / 2.32GB 3162.2s
#5 sha256:e987ca3078c362c923f1069eb0292c844e3d73320bf103b0ea0c62d93897d2ac 1.91GB / 2.32GB 3167.3s
#5 sha256:e987ca3078c362c923f1069eb0292c844e3d73320bf103b0ea0c62d93897d2ac 1.91GB / 2.32GB 3172.4s
#5 sha256:e987ca3078c362c923f1069eb0292c844e3d73320bf103b0ea0c62d93897d2ac 1.92GB / 2.32GB 3177.5s
#5 sha256:e987ca3078c362c923f1069eb0292c844e3d73320bf103b0ea0c62d93897d2ac 1.92GB / 2.32GB 3182.6s
#5 sha256:e987ca3078c362c923f1069eb0292c844e3d73320bf103b0ea0c62d93897d2ac 1.92GB / 2.32GB 3187.7s
#5 sha256:e987ca3078c362c923f1069eb0292c844e3d73320bf103b0ea0c62d93897d2ac 1.92GB / 2.32GB 3192.8s
#5 sha256:e987ca3078c362c923f1069eb0292c844e3d73320bf103b0ea0c62d93897d2ac 1.93GB / 2.32GB 3197.9s
#5 sha256:e987ca3078c362c923f1069eb0292c844e3d73320bf103b0ea0c62d93897d2ac 1.93GB / 2.32GB 3203.0s
#5 sha256:e987ca3078c362c923f1069eb0292c844e3d73320bf103b0ea0c62d93897d2ac 1.93GB / 2.32GB 3208.1s
#5 sha256:e987ca3078c362c923f1069eb0292c844e3d73320bf103b0ea0c62d93897d2ac 1.93GB / 2.32GB 3213.2s
#5 sha256:e987ca3078c362c923f1069eb0292c844e3d73320bf103b0ea0c62d93897d2ac 1.94GB / 2.32GB 3218.3s
#5 sha256:e987ca3078c362c923f1069eb0292c844e3d73320bf103b0ea0c62d93897d2ac 1.94GB / 2.32GB 3223.4s
#5 sha256:e987ca3078c362c923f1069eb0292c844e3d73320bf103b0ea0c62d93897d2ac 1.95GB / 2.32GB 3228.5s
#5 sha256:e987ca3078c362c923f1069eb0292c844e3d73320bf103b0ea0c62d93897d2ac 1.95GB / 2.32GB 3233.6s
#5 sha256:e987ca3078c362c923f1069eb0292c844e3d73320bf103b0ea0c62d93897d2ac 1.95GB / 2.32GB 3238.7s
#5 sha256:e987ca3078c362c923f1069eb0292c844e3d73320bf103b0ea0c62d93897d2ac 1.96GB / 2.32GB 3243.8s
#5 sha256:e987ca3078c362c923f1069eb0292c844e3d73320bf103b0ea0c62d93897d2ac 1.97GB / 2.32GB 3248.9s
#5 sha256:e987ca3078c362c923f1069eb0292c844e3d73320bf103b0ea0c62d93897d2ac 1.97GB / 2.32GB 3254.0s
#5 sha256:e987ca3078c362c923f1069eb0292c844e3d73320bf103b0ea0c62d93897d2ac 1.98GB / 2.32GB 3259.1s
#5 sha256:e987ca3078c362c923f1069eb0292c844e3d73320bf103b0ea0c62d93897d2ac 1.98GB / 2.32GB 3264.2s
#5 sha256:e987ca3078c362c923f1069eb0292c844e3d73320bf103b0ea0c62d93897d2ac 1.98GB / 2.32GB 3269.3s
#5 sha256:e987ca3078c362c923f1069eb0292c844e3d73320bf103b0ea0c62d93897d2ac 1.99GB / 2.32GB 3274.4s
#5 sha256:e987ca3078c362c923f1069eb0292c844e3d73320bf103b0ea0c62d93897d2ac 1.99GB / 2.32GB 3279.5s
#5 sha256:e987ca3078c362c923f1069eb0292c844e3d73320bf103b0ea0c62d93897d2ac 2.00GB / 2.32GB 3284.6s
#5 sha256:e987ca3078c362c923f1069eb0292c844e3d73320bf103b0ea0c62d93897d2ac 2.00GB / 2.32GB 3289.7s
#5 sha256:e987ca3078c362c923f1069eb0292c844e3d73320bf103b0ea0c62d93897d2ac 2.00GB / 2.32GB 3294.8s
#5 sha256:e987ca3078c362c923f1069eb0292c844e3d73320bf103b0ea0c62d93897d2ac 2.00GB / 2.32GB 3299.9s
#5 sha256:e987ca3078c362c923f1069eb0292c844e3d73320bf103b0ea0c62d93897d2ac 2.00GB / 2.32GB 3305.0s
#5 sha256:e987ca3078c362c923f1069eb0292c844e3d73320bf103b0ea0c62d93897d2ac 2.01GB / 2.32GB 3310.1s
#5 sha256:e987ca3078c362c923f1069eb0292c844e3d73320bf103b0ea0c62d93897d2ac 2.01GB / 2.32GB 3315.2s
#5 sha256:e987ca3078c362c923f1069eb0292c844e3d73320bf103b0ea0c62d93897d2ac 2.02GB / 2.32GB 3320.3s
#5 sha256:e987ca3078c362c923f1069eb0292c844e3d73320bf103b0ea0c62d93897d2ac 2.02GB / 2.32GB 3325.4s
#5 sha256:e987ca3078c362c923f1069eb0292c844e3d73320bf103b0ea0c62d93897d2ac 2.03GB / 2.32GB 3330.5s
#5 sha256:e987ca3078c362c923f1069eb0292c844e3d73320bf103b0ea0c62d93897d2ac 2.03GB / 2.32GB 3335.6s
#5 sha256:e987ca3078c362c923f1069eb0292c844e3d73320bf103b0ea0c62d93897d2ac 2.04GB / 2.32GB 3340.7s
#5 sha256:e987ca3078c362c923f1069eb0292c844e3d73320bf103b0ea0c62d93897d2ac 2.04GB / 2.32GB 3345.8s
#5 sha256:e987ca3078c362c923f1069eb0292c844e3d73320bf103b0ea0c62d93897d2ac 2.04GB / 2.32GB 3350.9s
#5 sha256:e987ca3078c362c923f1069eb0292c844e3d73320bf103b0ea0c62d93897d2ac 2.04GB / 2.32GB 3356.0s
#5 sha256:e987ca3078c362c923f1069eb0292c844e3d73320bf103b0ea0c62d93897d2ac 2.04GB / 2.32GB 3361.1s
#5 sha256:e987ca3078c362c923f1069eb0292c844e3d73320bf103b0ea0c62d93897d2ac 2.05GB / 2.32GB 3366.2s
#5 sha256:e987ca3078c362c923f1069eb0292c844e3d73320bf103b0ea0c62d93897d2ac 2.05GB / 2.32GB 3371.3s
#5 sha256:e987ca3078c362c923f1069eb0292c844e3d73320bf103b0ea0c62d93897d2ac 2.05GB / 2.32GB 3376.4s
#5 sha256:e987ca3078c362c923f1069eb0292c844e3d73320bf103b0ea0c62d93897d2ac 2.05GB / 2.32GB 3381.5s
#5 sha256:e987ca3078c362c923f1069eb0292c844e3d73320bf103b0ea0c62d93897d2ac 2.05GB / 2.32GB 3386.6s
#5 sha256:e987ca3078c362c923f1069eb0292c844e3d73320bf103b0ea0c62d93897d2ac 2.05GB / 2.32GB 3391.7s
#5 sha256:e987ca3078c362c923f1069eb0292c844e3d73320bf103b0ea0c62d93897d2ac 2.06GB / 2.32GB 3396.8s
#5 sha256:e987ca3078c362c923f1069eb0292c844e3d73320bf103b0ea0c62d93897d2ac 2.06GB / 2.32GB 3401.9s
#5 sha256:e987ca3078c362c923f1069eb0292c844e3d73320bf103b0ea0c62d93897d2ac 2.06GB / 2.32GB 3407.0s
#5 sha256:e987ca3078c362c923f1069eb0292c844e3d73320bf103b0ea0c62d93897d2ac 2.06GB / 2.32GB 3412.1s
#5 sha256:e987ca3078c362c923f1069eb0292c844e3d73320bf103b0ea0c62d93897d2ac 2.07GB / 2.32GB 3417.2s
#5 sha256:e987ca3078c362c923f1069eb0292c844e3d73320bf103b0ea0c62d93897d2ac 2.07GB / 2.32GB 3422.3s
#5 sha256:e987ca3078c362c923f1069eb0292c844e3d73320bf103b0ea0c62d93897d2ac 2.07GB / 2.32GB 3427.4s
#5 sha256:e987ca3078c362c923f1069eb0292c844e3d73320bf103b0ea0c62d93897d2ac 2.07GB / 2.32GB 3432.5s
#5 sha256:e987ca3078c362c923f1069eb0292c844e3d73320bf103b0ea0c62d93897d2ac 2.07GB / 2.32GB 3437.6s
#5 sha256:e987ca3078c362c923f1069eb0292c844e3d73320bf103b0ea0c62d93897d2ac 2.07GB / 2.32GB 3442.7s
#5 sha256:e987ca3078c362c923f1069eb0292c844e3d73320bf103b0ea0c62d93897d2ac 2.08GB / 2.32GB 3447.8s
#5 sha256:e987ca3078c362c923f1069eb0292c844e3d73320bf103b0ea0c62d93897d2ac 2.08GB / 2.32GB 3452.9s
#5 sha256:e987ca3078c362c923f1069eb0292c844e3d73320bf103b0ea0c62d93897d2ac 2.08GB / 2.32GB 3458.0s
#5 sha256:e987ca3078c362c923f1069eb0292c844e3d73320bf103b0ea0c62d93897d2ac 2.08GB / 2.32GB 3463.1s
#5 sha256:e987ca3078c362c923f1069eb0292c844e3d73320bf103b0ea0c62d93897d2ac 2.09GB / 2.32GB 3468.2s
#5 sha256:e987ca3078c362c923f1069eb0292c844e3d73320bf103b0ea0c62d93897d2ac 2.09GB / 2.32GB 3473.3s
#5 sha256:e987ca3078c362c923f1069eb0292c844e3d73320bf103b0ea0c62d93897d2ac 2.09GB / 2.32GB 3478.4s
#5 sha256:e987ca3078c362c923f1069eb0292c844e3d73320bf103b0ea0c62d93897d2ac 2.10GB / 2.32GB 3483.5s
#5 sha256:e987ca3078c362c923f1069eb0292c844e3d73320bf103b0ea0c62d93897d2ac 2.10GB / 2.32GB 3488.6s
#5 sha256:e987ca3078c362c923f1069eb0292c844e3d73320bf103b0ea0c62d93897d2ac 2.10GB / 2.32GB 3493.7s
#5 sha256:e987ca3078c362c923f1069eb0292c844e3d73320bf103b0ea0c62d93897d2ac 2.11GB / 2.32GB 3498.8s
#5 sha256:e987ca3078c362c923f1069eb0292c844e3d73320bf103b0ea0c62d93897d2ac 2.11GB / 2.32GB 3503.9s
#5 sha256:e987ca3078c362c923f1069eb0292c844e3d73320bf103b0ea0c62d93897d2ac 2.12GB / 2.32GB 3509.0s
#5 sha256:e987ca3078c362c923f1069eb0292c844e3d73320bf103b0ea0c62d93897d2ac 2.12GB / 2.32GB 3514.1s
#5 sha256:e987ca3078c362c923f1069eb0292c844e3d73320bf103b0ea0c62d93897d2ac 2.13GB / 2.32GB 3519.2s
#5 sha256:e987ca3078c362c923f1069eb0292c844e3d73320bf103b0ea0c62d93897d2ac 2.13GB / 2.32GB 3524.3s
#5 sha256:e987ca3078c362c923f1069eb0292c844e3d73320bf103b0ea0c62d93897d2ac 2.14GB / 2.32GB 3529.4s
#5 sha256:e987ca3078c362c923f1069eb0292c844e3d73320bf103b0ea0c62d93897d2ac 2.15GB / 2.32GB 3534.5s
#5 sha256:e987ca3078c362c923f1069eb0292c844e3d73320bf103b0ea0c62d93897d2ac 2.17GB / 2.32GB 3539.6s
#5 sha256:e987ca3078c362c923f1069eb0292c844e3d73320bf103b0ea0c62d93897d2ac 2.18GB / 2.32GB 3544.7s
#5 sha256:e987ca3078c362c923f1069eb0292c844e3d73320bf103b0ea0c62d93897d2ac 2.19GB / 2.32GB 3549.8s
#5 sha256:e987ca3078c362c923f1069eb0292c844e3d73320bf103b0ea0c62d93897d2ac 2.21GB / 2.32GB 3554.9s
#5 sha256:e987ca3078c362c923f1069eb0292c844e3d73320bf103b0ea0c62d93897d2ac 2.22GB / 2.32GB 3560.0s
#5 sha256:e987ca3078c362c923f1069eb0292c844e3d73320bf103b0ea0c62d93897d2ac 2.22GB / 2.32GB 3565.1s
#5 sha256:e987ca3078c362c923f1069eb0292c844e3d73320bf103b0ea0c62d93897d2ac 2.23GB / 2.32GB 3570.2s
#5 sha256:e987ca3078c362c923f1069eb0292c844e3d73320bf103b0ea0c62d93897d2ac 2.23GB / 2.32GB 3575.3s
#5 sha256:e987ca3078c362c923f1069eb0292c844e3d73320bf103b0ea0c62d93897d2ac 2.24GB / 2.32GB 3580.4s
#5 sha256:e987ca3078c362c923f1069eb0292c844e3d73320bf103b0ea0c62d93897d2ac 2.25GB / 2.32GB 3585.5s
#5 sha256:e987ca3078c362c923f1069eb0292c844e3d73320bf103b0ea0c62d93897d2ac 2.26GB / 2.32GB 3590.6s
#5 sha256:e987ca3078c362c923f1069eb0292c844e3d73320bf103b0ea0c62d93897d2ac 2.27GB / 2.32GB 3595.7s
#5 sha256:e987ca3078c362c923f1069eb0292c844e3d73320bf103b0ea0c62d93897d2ac 2.27GB / 2.32GB 3600.8s
#5 sha256:e987ca3078c362c923f1069eb0292c844e3d73320bf103b0ea0c62d93897d2ac 2.28GB / 2.32GB 3605.9s
#5 sha256:e987ca3078c362c923f1069eb0292c844e3d73320bf103b0ea0c62d93897d2ac 2.28GB / 2.32GB 3611.0s
#5 sha256:e987ca3078c362c923f1069eb0292c844e3d73320bf103b0ea0c62d93897d2ac 2.29GB / 2.32GB 3616.1s
#5 sha256:e987ca3078c362c923f1069eb0292c844e3d73320bf103b0ea0c62d93897d2ac 2.29GB / 2.32GB 3621.2s
#5 sha256:e987ca3078c362c923f1069eb0292c844e3d73320bf103b0ea0c62d93897d2ac 2.29GB / 2.32GB 3626.3s
#5 sha256:e987ca3078c362c923f1069eb0292c844e3d73320bf103b0ea0c62d93897d2ac 2.30GB / 2.32GB 3631.4s
#5 sha256:e987ca3078c362c923f1069eb0292c844e3d73320bf103b0ea0c62d93897d2ac 2.30GB / 2.32GB 3636.5s
#5 sha256:e987ca3078c362c923f1069eb0292c844e3d73320bf103b0ea0c62d93897d2ac 2.30GB / 2.32GB 3641.6s
#5 sha256:e987ca3078c362c923f1069eb0292c844e3d73320bf103b0ea0c62d93897d2ac 2.30GB / 2.32GB 3646.7s
#5 sha256:e987ca3078c362c923f1069eb0292c844e3d73320bf103b0ea0c62d93897d2ac 2.31GB / 2.32GB 3651.8s
#5 sha256:e987ca3078c362c923f1069eb0292c844e3d73320bf103b0ea0c62d93897d2ac 2.31GB / 2.32GB 3656.9s
#5 sha256:e987ca3078c362c923f1069eb0292c844e3d73320bf103b0ea0c62d93897d2ac 2.31GB / 2.32GB 3662.0s
#5 sha256:e987ca3078c362c923f1069eb0292c844e3d73320bf103b0ea0c62d93897d2ac 2.31GB / 2.32GB 3667.1s
#5 sha256:e987ca3078c362c923f1069eb0292c844e3d73320bf103b0ea0c62d93897d2ac 2.32GB / 2.32GB 3672.2s
#5 sha256:e987ca3078c362c923f1069eb0292c844e3d73320bf103b0ea0c62d93897d2ac 2.32GB / 2.32GB 3677.3s
#5 sha256:e987ca3078c362c923f1069eb0292c844e3d73320bf103b0ea0c62d93897d2ac 2.32GB / 2.32GB 3682.4s
#5 sha256:e987ca3078c362c923f1069eb0292c844e3d73320bf103b0ea0c62d93897d2ac 2.32GB / 2.32GB 3687.5s
#5 sha256:e987ca3078c362c923f1069eb0292c844e3d73320bf103b0ea0c62d93897d2ac 2.32GB / 2.32GB 3692.6s
#5 sha256:e987ca3078c362c923f1069eb0292c844e3d73320bf103b0ea0c62d93897d2ac 2.32GB / 2.32GB 3697.7s
#5 sha256:e987ca3078c362c923f1069eb0292c844e3d73320bf103b0ea0c62d93897d2ac 2.32GB / 2.32GB 3701.1s done
#5 extracting sha256:e987ca3078c362c923f1069eb0292c844e3d73320bf103b0ea0c62d93897d2ac
#5 extracting sha256:e987ca3078c362c923f1069eb0292c844e3d73320bf103b0ea0c62d93897d2ac 15.8s done
#5 DONE 3717.5s

#5 [1/8] FROM docker.io/nvidia/cuda:13.0.2-cudnn-devel-ubuntu24.04@sha256:e071e85c52ad91fc9ea24158ff5330876b2d1a5c4ac83ccc6066976835873c01
#5 extracting sha256:745af416e3a99ad467c0ea32d30e7a79fed18e0b1cd6286f6fd4b05788becadf 0.0s done
#5 extracting sha256:7bd95eaa7d4eec95bba504c09dca0ec7aa4efdfa71426d440a8c901245da2a4f
#5 extracting sha256:7bd95eaa7d4eec95bba504c09dca0ec7aa4efdfa71426d440a8c901245da2a4f 1.3s done
#5 DONE 3718.9s

#6 [2/8] RUN apt-get update && apt-get install -y --no-install-recommends         python3.12 python3.12-dev python3.12-venv git build-essential curl ca-certificates     && rm -rf /var/lib/apt/lists/*
#6 0.857 Get:1 http://archive.ubuntu.com/ubuntu noble InRelease [256 kB]
#6 0.887 Get:2 http://security.ubuntu.com/ubuntu noble-security InRelease [126 kB]
#6 1.040 Get:3 https://developer.download.nvidia.com/compute/cuda/repos/ubuntu2404/x86_64  InRelease [1578 B]
#6 1.495 Get:4 https://developer.download.nvidia.com/compute/cuda/repos/ubuntu2404/x86_64  Packages [1748 kB]
#6 2.338 Get:5 http://security.ubuntu.com/ubuntu noble-security/multiverse amd64 Packages [50.0 kB]
#6 2.894 Get:6 http://security.ubuntu.com/ubuntu noble-security/restricted amd64 Packages [1657 kB]
#6 3.201 Get:7 http://archive.ubuntu.com/ubuntu noble-updates InRelease [126 kB]
#6 3.878 Get:8 http://archive.ubuntu.com/ubuntu noble-backports InRelease [126 kB]
#6 4.308 Get:9 http://archive.ubuntu.com/ubuntu noble/main amd64 Packages [1808 kB]
#6 5.073 Get:10 http://security.ubuntu.com/ubuntu noble-security/main amd64 Packages [1153 kB]
#6 5.594 Get:11 http://security.ubuntu.com/ubuntu noble-security/universe amd64 Packages [1524 kB]
#6 6.717 Get:12 http://archive.ubuntu.com/ubuntu noble/multiverse amd64 Packages [331 kB]
#6 6.842 Get:13 http://archive.ubuntu.com/ubuntu noble/restricted amd64 Packages [117 kB]
#6 6.877 Get:14 http://archive.ubuntu.com/ubuntu noble/universe amd64 Packages [19.3 MB]
#6 12.55 Get:15 http://archive.ubuntu.com/ubuntu noble-updates/restricted amd64 Packages [1768 kB]
#6 12.91 Get:16 http://archive.ubuntu.com/ubuntu noble-updates/multiverse amd64 Packages [55.8 kB]
#6 12.92 Get:17 http://archive.ubuntu.com/ubuntu noble-updates/main amd64 Packages [1478 kB]
#6 13.36 Get:18 http://archive.ubuntu.com/ubuntu noble-updates/universe amd64 Packages [2141 kB]
#6 13.79 Get:19 http://archive.ubuntu.com/ubuntu noble-backports/main amd64 Packages [48.9 kB]
#6 13.85 Get:20 http://archive.ubuntu.com/ubuntu noble-backports/multiverse amd64 Packages [671 B]
#6 13.85 Get:21 http://archive.ubuntu.com/ubuntu noble-backports/universe amd64 Packages [35.9 kB]
#6 13.89 Fetched 33.9 MB in 14s (2486 kB/s)
#6 13.89 Reading package lists...
#6 14.59 W: https://developer.download.nvidia.com/compute/cuda/repos/ubuntu2404/x86_64/InRelease: Key is stored in legacy trusted.gpg keyring (/etc/apt/trusted.gpg), see the DEPRECATION section in apt-key(8) for details.
#6 14.63 Reading package lists...
#6 15.32 Building dependency tree...
#6 15.45 Reading state information...
#6 15.58 build-essential is already the newest version (12.10ubuntu1).
#6 15.58 build-essential set to manually installed.
#6 15.58 The following additional packages will be installed:
#6 15.58   git-man libbrotli1 libcurl3t64-gnutls libcurl4t64 liberror-perl libexpat1
#6 15.58   libexpat1-dev libgssapi-krb5-2 libk5crypto3 libkeyutils1 libkrb5-3
#6 15.58   libkrb5support0 libnghttp2-14 libpsl5t64 libpython3.12-dev
#6 15.58   libpython3.12-minimal libpython3.12-stdlib libpython3.12t64 librtmp1
#6 15.58   libssh-4 media-types netbase python3-pip-whl python3-setuptools-whl
#6 15.58   python3.12-minimal tzdata zlib1g-dev
#6 15.58 Suggested packages:
#6 15.58   gettext-base git-daemon-run | git-daemon-sysvinit git-doc git-email git-gui
#6 15.58   gitk gitweb git-cvs git-mediawiki git-svn krb5-doc krb5-user python3.12-doc
#6 15.58   binfmt-support
#6 15.58 Recommended packages:
#6 15.58   less ssh-client krb5-locales publicsuffix
#6 15.69 The following NEW packages will be installed:
#6 15.69   curl git git-man libbrotli1 libcurl3t64-gnutls libcurl4t64 liberror-perl
#6 15.69   libexpat1 libexpat1-dev libgssapi-krb5-2 libk5crypto3 libkeyutils1 libkrb5-3
#6 15.69   libkrb5support0 libnghttp2-14 libpsl5t64 libpython3.12-dev
#6 15.69   libpython3.12-minimal libpython3.12-stdlib libpython3.12t64 librtmp1
#6 15.69   libssh-4 media-types netbase python3-pip-whl python3-setuptools-whl
#6 15.69   python3.12 python3.12-dev python3.12-minimal python3.12-venv tzdata
#6 15.69   zlib1g-dev
#6 15.69 The following packages will be upgraded:
#6 15.69   ca-certificates
#6 15.88 1 upgraded, 32 newly installed, 0 to remove and 100 not upgraded.
#6 15.88 Need to get 25.5 MB of archives.
#6 15.88 After this operation, 100 MB of additional disk space will be used.
#6 15.88 Get:1 http://archive.ubuntu.com/ubuntu noble-updates/main amd64 libpython3.12-minimal amd64 3.12.3-1ubuntu0.15 [839 kB]
#6 16.83 Get:2 http://archive.ubuntu.com/ubuntu noble-updates/main amd64 libexpat1 amd64 2.6.1-2ubuntu0.4 [88.2 kB]
#6 16.84 Get:3 http://archive.ubuntu.com/ubuntu noble-updates/main amd64 python3.12-minimal amd64 3.12.3-1ubuntu0.15 [2334 kB]
#6 17.78 Get:4 http://archive.ubuntu.com/ubuntu noble-updates/main amd64 ca-certificates all 20260601~24.04.1 [139 kB]
#6 17.93 Get:5 http://archive.ubuntu.com/ubuntu noble-updates/main amd64 libkrb5support0 amd64 1.20.1-6ubuntu2.8 [34.7 kB]
#6 17.97 Get:6 http://archive.ubuntu.com/ubuntu noble-updates/main amd64 libk5crypto3 amd64 1.20.1-6ubuntu2.8 [81.9 kB]
#6 17.98 Get:7 http://archive.ubuntu.com/ubuntu noble/main amd64 libkeyutils1 amd64 1.6.3-3build1 [9490 B]
#6 17.98 Get:8 http://archive.ubuntu.com/ubuntu noble-updates/main amd64 libkrb5-3 amd64 1.20.1-6ubuntu2.8 [348 kB]
#6 18.14 Get:9 http://archive.ubuntu.com/ubuntu noble-updates/main amd64 libgssapi-krb5-2 amd64 1.20.1-6ubuntu2.8 [143 kB]
#6 18.14 Get:10 http://archive.ubuntu.com/ubuntu noble/main amd64 media-types all 10.1.0 [27.5 kB]
#6 18.15 Get:11 http://archive.ubuntu.com/ubuntu noble/main amd64 netbase all 6.4 [13.1 kB]
#6 18.15 Get:12 http://archive.ubuntu.com/ubuntu noble-updates/main amd64 tzdata all 2026c-0ubuntu0.24.04.1 [280 kB]
#6 18.27 Get:13 http://archive.ubuntu.com/ubuntu noble-updates/main amd64 libpython3.12-stdlib amd64 3.12.3-1ubuntu0.15 [2071 kB]
#6 19.16 Get:14 http://archive.ubuntu.com/ubuntu noble-updates/main amd64 python3.12 amd64 3.12.3-1ubuntu0.15 [651 kB]
#6 19.40 Get:15 http://archive.ubuntu.com/ubuntu noble-updates/main amd64 libnghttp2-14 amd64 1.59.0-1ubuntu0.4 [74.6 kB]
#6 19.43 Get:16 http://archive.ubuntu.com/ubuntu noble/main amd64 libpsl5t64 amd64 0.21.2-1.1build1 [57.1 kB]
#6 19.46 Get:17 http://archive.ubuntu.com/ubuntu noble/main amd64 libbrotli1 amd64 1.1.0-2build2 [331 kB]
#6 19.70 Get:18 http://archive.ubuntu.com/ubuntu noble/main amd64 librtmp1 amd64 2.4+20151223.gitfa8646d.1-2build7 [56.3 kB]
#6 19.71 Get:19 http://archive.ubuntu.com/ubuntu noble-updates/main amd64 libssh-4 amd64 0.10.6-2ubuntu0.4 [190 kB]
#6 19.75 Get:20 http://archive.ubuntu.com/ubuntu noble-updates/main amd64 libcurl4t64 amd64 8.5.0-2ubuntu10.11 [342 kB]
#6 19.96 Get:21 http://archive.ubuntu.com/ubuntu noble-updates/main amd64 curl amd64 8.5.0-2ubuntu10.11 [226 kB]
#6 20.03 Get:22 http://archive.ubuntu.com/ubuntu noble-updates/main amd64 libcurl3t64-gnutls amd64 8.5.0-2ubuntu10.11 [334 kB]
#6 20.18 Get:23 http://archive.ubuntu.com/ubuntu noble/main amd64 liberror-perl all 0.17029-2 [25.6 kB]
#6 20.18 Get:24 http://archive.ubuntu.com/ubuntu noble-updates/main amd64 git-man all 1:2.43.0-1ubuntu7.3 [1100 kB]
#6 20.58 Get:25 http://archive.ubuntu.com/ubuntu noble-updates/main amd64 git amd64 1:2.43.0-1ubuntu7.3 [3680 kB]
#6 22.00 Get:26 http://archive.ubuntu.com/ubuntu noble-updates/main amd64 libexpat1-dev amd64 2.6.1-2ubuntu0.4 [140 kB]
#6 22.04 Get:27 http://archive.ubuntu.com/ubuntu noble-updates/main amd64 libpython3.12t64 amd64 3.12.3-1ubuntu0.15 [2339 kB]
#6 22.88 Get:28 http://archive.ubuntu.com/ubuntu noble-updates/main amd64 zlib1g-dev amd64 1:1.3.dfsg-3.1ubuntu2.1 [894 kB]
#6 23.23 Get:29 http://archive.ubuntu.com/ubuntu noble-updates/main amd64 libpython3.12-dev amd64 3.12.3-1ubuntu0.15 [5683 kB]
#6 25.40 Get:30 http://archive.ubuntu.com/ubuntu noble-updates/universe amd64 python3-pip-whl all 24.0+dfsg-1ubuntu1.3 [1707 kB]
#6 25.93 Get:31 http://archive.ubuntu.com/ubuntu noble-updates/universe amd64 python3-setuptools-whl all 68.1.2-2ubuntu1.2 [716 kB]
#6 26.19 Get:32 http://archive.ubuntu.com/ubuntu noble-updates/main amd64 python3.12-dev amd64 3.12.3-1ubuntu0.15 [498 kB]
#6 26.99 Get:33 http://archive.ubuntu.com/ubuntu noble-updates/universe amd64 python3.12-venv amd64 3.12.3-1ubuntu0.15 [5674 B]
#6 27.14 debconf: delaying package configuration, since apt-utils is not installed
#6 27.18 Fetched 25.5 MB in 11s (2255 kB/s)
#6 27.27 Selecting previously unselected package libpython3.12-minimal:amd64.
#6 27.27 (Reading database ... (Reading database ... 5%(Reading database ... 10%(Reading database ... 15%(Reading database ... 20%(Reading database ... 25%(Reading database ... 30%(Reading database ... 35%(Reading database ... 40%(Reading database ... 45%(Reading database ... 50%(Reading database ... 55%(Reading database ... 60%(Reading database ... 65%(Reading database ... 70%(Reading database ... 75%(Reading database ... 80%(Reading database ... 85%(Reading database ... 90%(Reading database ... 95%(Reading database ... 100%(Reading database ... 15554 files and directories currently installed.)
#6 27.28 Preparing to unpack .../00-libpython3.12-minimal_3.12.3-1ubuntu0.15_amd64.deb ...
#6 27.29 Unpacking libpython3.12-minimal:amd64 (3.12.3-1ubuntu0.15) ...
#6 27.51 Selecting previously unselected package libexpat1:amd64.
#6 27.52 Preparing to unpack .../01-libexpat1_2.6.1-2ubuntu0.4_amd64.deb ...
#6 27.54 Unpacking libexpat1:amd64 (2.6.1-2ubuntu0.4) ...
#6 27.65 Selecting previously unselected package python3.12-minimal.
#6 27.66 Preparing to unpack .../02-python3.12-minimal_3.12.3-1ubuntu0.15_amd64.deb ...
#6 27.68 Unpacking python3.12-minimal (3.12.3-1ubuntu0.15) ...
#6 27.83 Preparing to unpack .../03-ca-certificates_20260601~24.04.1_all.deb ...
#6 27.87 Unpacking ca-certificates (20260601~24.04.1) over (20240203) ...
#6 28.85 Selecting previously unselected package libkrb5support0:amd64.
#6 28.85 Preparing to unpack .../04-libkrb5support0_1.20.1-6ubuntu2.8_amd64.deb ...
#6 28.87 Unpacking libkrb5support0:amd64 (1.20.1-6ubuntu2.8) ...
#6 28.96 Selecting previously unselected package libk5crypto3:amd64.
#6 28.97 Preparing to unpack .../05-libk5crypto3_1.20.1-6ubuntu2.8_amd64.deb ...
#6 28.98 Unpacking libk5crypto3:amd64 (1.20.1-6ubuntu2.8) ...
#6 29.08 Selecting previously unselected package libkeyutils1:amd64.
#6 29.08 Preparing to unpack .../06-libkeyutils1_1.6.3-3build1_amd64.deb ...
#6 29.09 Unpacking libkeyutils1:amd64 (1.6.3-3build1) ...
#6 29.19 Selecting previously unselected package libkrb5-3:amd64.
#6 29.20 Preparing to unpack .../07-libkrb5-3_1.20.1-6ubuntu2.8_amd64.deb ...
#6 29.21 Unpacking libkrb5-3:amd64 (1.20.1-6ubuntu2.8) ...
#6 29.32 Selecting previously unselected package libgssapi-krb5-2:amd64.
#6 29.33 Preparing to unpack .../08-libgssapi-krb5-2_1.20.1-6ubuntu2.8_amd64.deb ...
#6 29.34 Unpacking libgssapi-krb5-2:amd64 (1.20.1-6ubuntu2.8) ...
#6 29.43 Selecting previously unselected package media-types.
#6 29.43 Preparing to unpack .../09-media-types_10.1.0_all.deb ...
#6 29.44 Unpacking media-types (10.1.0) ...
#6 29.55 Selecting previously unselected package netbase.
#6 29.55 Preparing to unpack .../10-netbase_6.4_all.deb ...
#6 29.56 Unpacking netbase (6.4) ...
#6 29.67 Selecting previously unselected package tzdata.
#6 29.67 Preparing to unpack .../11-tzdata_2026c-0ubuntu0.24.04.1_all.deb ...
#6 29.68 Unpacking tzdata (2026c-0ubuntu0.24.04.1) ...
#6 29.83 Selecting previously unselected package libpython3.12-stdlib:amd64.
#6 29.84 Preparing to unpack .../12-libpython3.12-stdlib_3.12.3-1ubuntu0.15_amd64.deb ...
#6 29.85 Unpacking libpython3.12-stdlib:amd64 (3.12.3-1ubuntu0.15) ...
#6 30.02 Selecting previously unselected package python3.12.
#6 30.02 Preparing to unpack .../13-python3.12_3.12.3-1ubuntu0.15_amd64.deb ...
#6 30.04 Unpacking python3.12 (3.12.3-1ubuntu0.15) ...
#6 30.15 Selecting previously unselected package libnghttp2-14:amd64.
#6 30.15 Preparing to unpack .../14-libnghttp2-14_1.59.0-1ubuntu0.4_amd64.deb ...
#6 30.17 Unpacking libnghttp2-14:amd64 (1.59.0-1ubuntu0.4) ...
#6 30.94 Selecting previously unselected package libpsl5t64:amd64.
#6 30.95 Preparing to unpack .../15-libpsl5t64_0.21.2-1.1build1_amd64.deb ...
#6 30.96 Unpacking libpsl5t64:amd64 (0.21.2-1.1build1) ...
#6 31.09 Selecting previously unselected package libbrotli1:amd64.
#6 31.10 Preparing to unpack .../16-libbrotli1_1.1.0-2build2_amd64.deb ...
#6 31.11 Unpacking libbrotli1:amd64 (1.1.0-2build2) ...
#6 31.26 Selecting previously unselected package librtmp1:amd64.
#6 31.26 Preparing to unpack .../17-librtmp1_2.4+20151223.gitfa8646d.1-2build7_amd64.deb ...
#6 31.28 Unpacking librtmp1:amd64 (2.4+20151223.gitfa8646d.1-2build7) ...
#6 31.41 Selecting previously unselected package libssh-4:amd64.
#6 31.42 Preparing to unpack .../18-libssh-4_0.10.6-2ubuntu0.4_amd64.deb ...
#6 31.43 Unpacking libssh-4:amd64 (0.10.6-2ubuntu0.4) ...
#6 31.56 Selecting previously unselected package libcurl4t64:amd64.
#6 31.57 Preparing to unpack .../19-libcurl4t64_8.5.0-2ubuntu10.11_amd64.deb ...
#6 31.59 Unpacking libcurl4t64:amd64 (8.5.0-2ubuntu10.11) ...
#6 31.70 Selecting previously unselected package curl.
#6 31.70 Preparing to unpack .../20-curl_8.5.0-2ubuntu10.11_amd64.deb ...
#6 31.72 Unpacking curl (8.5.0-2ubuntu10.11) ...
#6 31.88 Selecting previously unselected package libcurl3t64-gnutls:amd64.
#6 31.88 Preparing to unpack .../21-libcurl3t64-gnutls_8.5.0-2ubuntu10.11_amd64.deb ...
#6 31.90 Unpacking libcurl3t64-gnutls:amd64 (8.5.0-2ubuntu10.11) ...
#6 32.01 Selecting previously unselected package liberror-perl.
#6 32.01 Preparing to unpack .../22-liberror-perl_0.17029-2_all.deb ...
#6 32.03 Unpacking liberror-perl (0.17029-2) ...
#6 32.14 Selecting previously unselected package git-man.
#6 32.15 Preparing to unpack .../23-git-man_1%3a2.43.0-1ubuntu7.3_all.deb ...
#6 32.16 Unpacking git-man (1:2.43.0-1ubuntu7.3) ...
#6 32.33 Selecting previously unselected package git.
#6 32.34 Preparing to unpack .../24-git_1%3a2.43.0-1ubuntu7.3_amd64.deb ...
#6 32.37 Unpacking git (1:2.43.0-1ubuntu7.3) ...
#6 32.60 Selecting previously unselected package libexpat1-dev:amd64.
#6 32.60 Preparing to unpack .../25-libexpat1-dev_2.6.1-2ubuntu0.4_amd64.deb ...
#6 32.62 Unpacking libexpat1-dev:amd64 (2.6.1-2ubuntu0.4) ...
#6 32.80 Selecting previously unselected package libpython3.12t64:amd64.
#6 32.81 Preparing to unpack .../26-libpython3.12t64_3.12.3-1ubuntu0.15_amd64.deb ...
#6 32.83 Unpacking libpython3.12t64:amd64 (3.12.3-1ubuntu0.15) ...
#6 32.96 Selecting previously unselected package zlib1g-dev:amd64.
#6 32.96 Preparing to unpack .../27-zlib1g-dev_1%3a1.3.dfsg-3.1ubuntu2.1_amd64.deb ...
#6 32.98 Unpacking zlib1g-dev:amd64 (1:1.3.dfsg-3.1ubuntu2.1) ...
#6 33.09 Selecting previously unselected package libpython3.12-dev:amd64.
#6 33.09 Preparing to unpack .../28-libpython3.12-dev_3.12.3-1ubuntu0.15_amd64.deb ...
#6 33.11 Unpacking libpython3.12-dev:amd64 (3.12.3-1ubuntu0.15) ...
#6 33.37 Selecting previously unselected package python3-pip-whl.
#6 33.37 Preparing to unpack .../29-python3-pip-whl_24.0+dfsg-1ubuntu1.3_all.deb ...
#6 33.39 Unpacking python3-pip-whl (24.0+dfsg-1ubuntu1.3) ...
#6 33.50 Selecting previously unselected package python3-setuptools-whl.
#6 33.50 Preparing to unpack .../30-python3-setuptools-whl_68.1.2-2ubuntu1.2_all.deb ...
#6 33.52 Unpacking python3-setuptools-whl (68.1.2-2ubuntu1.2) ...
#6 33.63 Selecting previously unselected package python3.12-dev.
#6 33.63 Preparing to unpack .../31-python3.12-dev_3.12.3-1ubuntu0.15_amd64.deb ...
#6 33.65 Unpacking python3.12-dev (3.12.3-1ubuntu0.15) ...
#6 33.78 Selecting previously unselected package python3.12-venv.
#6 33.78 Preparing to unpack .../32-python3.12-venv_3.12.3-1ubuntu0.15_amd64.deb ...
#6 33.80 Unpacking python3.12-venv (3.12.3-1ubuntu0.15) ...
#6 33.94 Setting up libexpat1:amd64 (2.6.1-2ubuntu0.4) ...
#6 34.00 Setting up media-types (10.1.0) ...
#6 34.07 Setting up python3-setuptools-whl (68.1.2-2ubuntu1.2) ...
#6 34.13 Setting up libkeyutils1:amd64 (1.6.3-3build1) ...
#6 34.19 Setting up libbrotli1:amd64 (1.1.0-2build2) ...
#6 34.24 Setting up libpython3.12-minimal:amd64 (3.12.3-1ubuntu0.15) ...
#6 34.32 Setting up libpsl5t64:amd64 (0.21.2-1.1build1) ...
#6 34.38 Setting up libnghttp2-14:amd64 (1.59.0-1ubuntu0.4) ...
#6 34.43 Setting up libkrb5support0:amd64 (1.20.1-6ubuntu2.8) ...
#6 34.49 Setting up tzdata (2026c-0ubuntu0.24.04.1) ...
#6 34.60 
#6 34.60 Current default time zone: 'Etc/UTC'
#6 34.60 Local time is now:      Fri Aug 14 22:34:50 UTC 2026.
#6 34.60 Universal Time is now:  Fri Aug 14 22:34:50 UTC 2026.
#6 34.60 Run 'dpkg-reconfigure tzdata' if you wish to change it.
#6 34.60 
#6 34.65 Setting up liberror-perl (0.17029-2) ...
#6 34.70 Setting up ca-certificates (20260601~24.04.1) ...
#6 36.78 Updating certificates in /etc/ssl/certs...
#6 37.89 rehash: warning: skipping ca-certificates.crt,it does not contain exactly one certificate or CRL
#6 37.90 14 added, 39 removed; done.
#6 38.00 Setting up libexpat1-dev:amd64 (2.6.1-2ubuntu0.4) ...
#6 38.06 Setting up librtmp1:amd64 (2.4+20151223.gitfa8646d.1-2build7) ...
#6 38.11 Setting up libk5crypto3:amd64 (1.20.1-6ubuntu2.8) ...
#6 38.17 Setting up zlib1g-dev:amd64 (1:1.3.dfsg-3.1ubuntu2.1) ...
#6 38.22 Setting up git-man (1:2.43.0-1ubuntu7.3) ...
#6 38.28 Setting up netbase (6.4) ...
#6 38.41 Setting up libkrb5-3:amd64 (1.20.1-6ubuntu2.8) ...
#6 38.47 Setting up python3.12-minimal (3.12.3-1ubuntu0.15) ...
#6 39.17 Setting up libpython3.12-stdlib:amd64 (3.12.3-1ubuntu0.15) ...
#6 39.23 Setting up python3-pip-whl (24.0+dfsg-1ubuntu1.3) ...
#6 39.28 Setting up python3.12 (3.12.3-1ubuntu0.15) ...
#6 40.05 Setting up libpython3.12t64:amd64 (3.12.3-1ubuntu0.15) ...
#6 40.11 Setting up libgssapi-krb5-2:amd64 (1.20.1-6ubuntu2.8) ...
#6 40.16 Setting up libssh-4:amd64 (0.10.6-2ubuntu0.4) ...
#6 40.22 Setting up libcurl4t64:amd64 (8.5.0-2ubuntu10.11) ...
#6 40.28 Setting up python3.12-venv (3.12.3-1ubuntu0.15) ...
#6 40.38 Setting up libcurl3t64-gnutls:amd64 (8.5.0-2ubuntu10.11) ...
#6 40.43 Setting up libpython3.12-dev:amd64 (3.12.3-1ubuntu0.15) ...
#6 40.49 Setting up python3.12-dev (3.12.3-1ubuntu0.15) ...
#6 40.54 Setting up git (1:2.43.0-1ubuntu7.3) ...
#6 40.62 Setting up curl (8.5.0-2ubuntu10.11) ...
#6 40.68 Processing triggers for libc-bin (2.39-0ubuntu8.6) ...
#6 40.77 Processing triggers for ca-certificates (20260601~24.04.1) ...
#6 40.80 Updating certificates in /etc/ssl/certs...
#6 41.40 0 added, 0 removed; done.
#6 41.40 Running hooks in /etc/ca-certificates/update.d...
#6 41.40 done.
#6 DONE 41.7s

#7 [3/8] RUN python3.12 -m venv /opt/venv
#7 DONE 2.8s

#8 [4/8] WORKDIR /vllm
#8 DONE 0.2s

#9 [5/8] COPY . /vllm/
#9 DONE 1.2s

#10 [6/8] RUN pip install --no-cache-dir -U pip setuptools wheel setuptools_scm
#10 0.676 Requirement already satisfied: pip in /opt/venv/lib/python3.12/site-packages (24.0)
#10 1.537 Collecting pip
#10 1.979   Downloading pip-26.2.1-py3-none-any.whl.metadata (4.6 kB)
#10 2.551 Collecting setuptools
#10 2.654   Downloading setuptools-84.0.0-py3-none-any.whl.metadata (6.6 kB)
#10 2.908 Collecting wheel
#10 3.094   Downloading wheel-0.48.0-py3-none-any.whl.metadata (2.3 kB)
#10 3.403 Collecting setuptools_scm
#10 3.508   Downloading setuptools_scm-10.2.1-py3-none-any.whl.metadata (6.7 kB)
#10 3.711 Collecting packaging>=24.0 (from wheel)
#10 3.897   Downloading packaging-26.3-py3-none-any.whl.metadata (3.5 kB)
#10 4.061 Collecting vcs-versioning<3,>=2.0.0.dev0 (from setuptools_scm)
#10 4.170   Downloading vcs_versioning-2.2.4-py3-none-any.whl.metadata (1.7 kB)
#10 4.358 Downloading pip-26.2.1-py3-none-any.whl (1.8 MB)
#10 7.249    ━━━━━━━━━━━━━━━━━━━━━━━━━━━━━━━━━━━━━━━━ 1.8/1.8 MB 625.7 kB/s eta 0:00:00
#10 7.903 Downloading setuptools-84.0.0-py3-none-any.whl (818 kB)
#10 8.415    ━━━━━━━━━━━━━━━━━━━━━━━━━━━━━━━━━━━━━━━━ 818.2/818.2 kB 1.7 MB/s eta 0:00:00
#10 8.458 Downloading wheel-0.48.0-py3-none-any.whl (33 kB)
#10 8.508 Downloading setuptools_scm-10.2.1-py3-none-any.whl (29 kB)
#10 8.547 Downloading packaging-26.3-py3-none-any.whl (129 kB)
#10 8.564    ━━━━━━━━━━━━━━━━━━━━━━━━━━━━━━━━━━━━━━━━ 130.0/130.0 kB 18.3 MB/s eta 0:00:00
#10 8.600 Downloading vcs_versioning-2.2.4-py3-none-any.whl (109 kB)
#10 8.613    ━━━━━━━━━━━━━━━━━━━━━━━━━━━━━━━━━━━━━━━━ 109.1/109.1 kB 14.4 MB/s eta 0:00:00
#10 8.691 Installing collected packages: setuptools, pip, packaging, wheel, vcs-versioning, setuptools_scm
#10 9.168   Attempting uninstall: pip
#10 9.171     Found existing installation: pip 24.0
#10 9.214     Uninstalling pip-24.0:
#10 10.59       Successfully uninstalled pip-24.0
#10 11.62 Successfully installed packaging-26.3 pip-26.2.1 setuptools-84.0.0 setuptools_scm-10.2.1 vcs-versioning-2.2.4 wheel-0.48.0
#10 DONE 11.8s

#11 [7/8] RUN pip install --no-cache-dir -e .
#11 1.324 Obtaining file:///vllm
#11 1.327   Installing build dependencies: started
#11 304.0   Installing build dependencies: still running...
#11 430.5   Installing build dependencies: still running...
#11 515.3   Installing build dependencies: still running...
#11 757.2   Installing build dependencies: still running...
#11 910.9   Installing build dependencies: still running...
#11 975.4   Installing build dependencies: still running...
#11 1012.8   Installing build dependencies: finished with status 'done'
#11 1012.8   Checking if build backend supports build_editable: started
#11 1013.1   Checking if build backend supports build_editable: finished with status 'done'
#11 1013.1   Getting requirements to build editable: started
#11 1288.4   Getting requirements to build editable: still running...
#11 1291.0   Getting requirements to build editable: finished with status 'done'
#11 1291.0   Preparing editable metadata (pyproject.toml): started
#11 1782.7   Preparing editable metadata (pyproject.toml): still running...
#11 1785.3   Preparing editable metadata (pyproject.toml): finished with status 'done'
#11 1792.7 Collecting regex (from vllm==0.0.0+precompiled)
#11 1793.0   Downloading regex-2026.7.19-cp312-cp312-manylinux2014_x86_64.manylinux_2_17_x86_64.manylinux_2_28_x86_64.whl.metadata (40 kB)
#11 1793.2 Collecting cachetools (from vllm==0.0.0+precompiled)
#11 1793.3   Downloading cachetools-7.1.7-py3-none-any.whl.metadata (5.5 kB)
#11 1793.8 Collecting psutil (from vllm==0.0.0+precompiled)
#11 1793.8   Downloading psutil-7.2.2-cp36-abi3-manylinux2010_x86_64.manylinux_2_12_x86_64.manylinux_2_28_x86_64.whl.metadata (22 kB)
#11 1794.1 Collecting sentencepiece (from vllm==0.0.0+precompiled)
#11 1794.2   Downloading sentencepiece-0.2.2-cp312-cp312-manylinux_2_27_x86_64.manylinux_2_28_x86_64.whl.metadata (33 kB)
#11 1795.1 Collecting numpy (from vllm==0.0.0+precompiled)
#11 1795.2   Downloading numpy-2.5.2-cp312-cp312-manylinux_2_27_x86_64.manylinux_2_28_x86_64.whl.metadata (6.6 kB)
#11 1795.5 Collecting requests>=2.26.0 (from vllm==0.0.0+precompiled)
#11 1795.6   Downloading requests-2.34.2-py3-none-any.whl.metadata (4.8 kB)
#11 1796.0 Collecting tqdm (from vllm==0.0.0+precompiled)
#11 1796.2   Downloading tqdm-4.70.0-py3-none-any.whl.metadata (57 kB)
#11 1797.0 Collecting blake3 (from vllm==0.0.0+precompiled)
#11 1797.3   Downloading blake3-1.0.9-cp312-cp312-manylinux_2_17_x86_64.manylinux2014_x86_64.whl.metadata (4.9 kB)
#11 1797.7 Collecting py-cpuinfo (from vllm==0.0.0+precompiled)
#11 1797.8   Downloading py_cpuinfo-9.0.0-py3-none-any.whl.metadata (794 bytes)
#11 1798.3 Collecting transformers>=5.5.3 (from vllm==0.0.0+precompiled)
#11 1798.6   Downloading transformers-5.15.0-py3-none-any.whl.metadata (32 kB)
#11 1799.5 Collecting tokenizers>=0.21.1 (from vllm==0.0.0+precompiled)
#11 1799.6   Downloading tokenizers-0.23.1-cp310-abi3-manylinux_2_17_x86_64.manylinux2014_x86_64.whl.metadata (9.8 kB)
#11 1799.9 Collecting safetensors>=0.6.2 (from vllm==0.0.0+precompiled)
#11 1800.0   Downloading safetensors-0.8.0-cp310-abi3-manylinux_2_17_x86_64.manylinux2014_x86_64.whl.metadata (4.2 kB)
#11 1800.8 Collecting protobuf!=6.30.*,!=6.31.*,!=6.32.*,!=6.33.0.*,!=6.33.1.*,!=6.33.2.*,!=6.33.3.*,!=6.33.4.*,>=5.29.6 (from vllm==0.0.0+precompiled)
#11 1800.9   Downloading protobuf-7.35.1-cp310-abi3-manylinux2014_x86_64.whl.metadata (595 bytes)
#11 1801.3 Collecting fastapi<0.137.0,>=0.133.0 (from fastapi[standard]<0.137.0,>=0.133.0->vllm==0.0.0+precompiled)
#11 1801.4   Downloading fastapi-0.136.3-py3-none-any.whl.metadata (27 kB)
#11 1801.6 Collecting starlette>=1.0.1 (from vllm==0.0.0+precompiled)
#11 1801.7   Downloading starlette-1.6.0-py3-none-any.whl.metadata (6.4 kB)
#11 1803.2 Collecting aiohttp>=3.13.3 (from vllm==0.0.0+precompiled)
#11 1803.3   Downloading aiohttp-3.14.3-cp312-cp312-manylinux2014_x86_64.manylinux_2_17_x86_64.manylinux_2_28_x86_64.whl.metadata (8.3 kB)
#11 1803.6 Collecting openai>=2.0.0 (from vllm==0.0.0+precompiled)
#11 1803.7   Downloading openai-3.0.0-py3-none-any.whl.metadata (39 kB)
#11 1804.2 Collecting pydantic>=2.12.0 (from vllm==0.0.0+precompiled)
#11 1804.2   Downloading pydantic-2.13.4-py3-none-any.whl.metadata (109 kB)
#11 1804.4 Collecting prometheus_client>=0.18.0 (from vllm==0.0.0+precompiled)
#11 1804.4   Downloading prometheus_client-0.26.0-py3-none-any.whl.metadata (2.1 kB)
#11 1804.9 Collecting pillow (from vllm==0.0.0+precompiled)
#11 1805.1   Downloading pillow-12.3.0-cp312-cp312-manylinux_2_27_x86_64.manylinux_2_28_x86_64.whl.metadata (9.1 kB)
#11 1805.5 Collecting prometheus-fastapi-instrumentator>=8.0.0 (from vllm==0.0.0+precompiled)
#11 1805.6   Downloading prometheus_fastapi_instrumentator-8.1.0-py3-none-any.whl.metadata (13 kB)
#11 1806.1 Collecting tiktoken>=0.6.0 (from vllm==0.0.0+precompiled)
#11 1806.2   Downloading tiktoken-0.13.0-cp312-cp312-manylinux_2_28_x86_64.whl.metadata (6.7 kB)
#11 1806.4 Collecting lm-format-enforcer==0.11.3 (from vllm==0.0.0+precompiled)
#11 1806.7   Downloading lm_format_enforcer-0.11.3-py3-none-any.whl.metadata (17 kB)
#11 1807.2 Collecting llguidance<1.8.0,>=1.7.0 (from vllm==0.0.0+precompiled)
#11 1807.4   Downloading llguidance-1.7.6-cp39-abi3-manylinux_2_31_x86_64.whl.metadata (10 kB)
#11 1807.7 Collecting outlines_core==0.2.14 (from vllm==0.0.0+precompiled)
#11 1808.0   Downloading outlines_core-0.2.14-cp312-cp312-manylinux_2_17_x86_64.manylinux2014_x86_64.whl.metadata (7.6 kB)
#11 1808.1 Collecting lark==1.2.2 (from vllm==0.0.0+precompiled)
#11 1808.2   Downloading lark-1.2.2-py3-none-any.whl.metadata (1.8 kB)
#11 1808.5 Collecting xgrammar<1.0.0,>=0.2.1 (from vllm==0.0.0+precompiled)
#11 1808.7   Downloading xgrammar-0.2.3-cp312-cp312-manylinux_2_27_x86_64.manylinux_2_28_x86_64.whl.metadata (8.5 kB)
#11 1809.1 Collecting typing_extensions>=4.10 (from vllm==0.0.0+precompiled)
#11 1809.6   Downloading typing_extensions-4.16.0-py3-none-any.whl.metadata (3.3 kB)
#11 1809.7 Collecting filelock>=3.16.1 (from vllm==0.0.0+precompiled)
#11 1809.7   Downloading filelock-3.32.3-py3-none-any.whl.metadata (2.0 kB)
#11 1809.8 Collecting partial-json-parser (from vllm==0.0.0+precompiled)
#11 1809.8   Downloading partial_json_parser-0.2.1.1.post7-py3-none-any.whl.metadata (6.1 kB)
#11 1809.9 Collecting jsonschema>=4.23.0 (from vllm==0.0.0+precompiled)
#11 1810.0   Downloading jsonschema-4.26.0-py3-none-any.whl.metadata (7.6 kB)
#11 1810.8 Collecting pyzmq>=25.0.0 (from vllm==0.0.0+precompiled)
#11 1810.9   Downloading pyzmq-27.1.0-cp312-abi3-manylinux_2_26_x86_64.manylinux_2_28_x86_64.whl.metadata (6.0 kB)
#11 1811.2 Collecting msgspec (from vllm==0.0.0+precompiled)
#11 1811.2   Downloading msgspec-0.21.1-cp312-cp312-manylinux2014_x86_64.manylinux_2_17_x86_64.manylinux_2_28_x86_64.whl.metadata (5.8 kB)
#11 1811.3 Collecting mistral_common>=1.11.6 (from mistral_common[image]>=1.11.6->vllm==0.0.0+precompiled)
#11 1811.4   Downloading mistral_common-1.11.7-py3-none-any.whl.metadata (5.9 kB)
#11 1811.7 Collecting opencv-python-headless>=4.13.0 (from vllm==0.0.0+precompiled)
#11 1811.8   Downloading opencv_python_headless-5.0.0.93-cp37-abi3-manylinux_2_28_x86_64.whl.metadata (19 kB)
#11 1811.9 Collecting pyyaml (from vllm==0.0.0+precompiled)
#11 1812.0   Downloading pyyaml-6.0.3-cp312-cp312-manylinux2014_x86_64.manylinux_2_17_x86_64.manylinux_2_28_x86_64.whl.metadata (2.4 kB)
#11 1812.1 Collecting six>=1.16.0 (from vllm==0.0.0+precompiled)
#11 1812.1   Downloading six-1.17.0-py2.py3-none-any.whl.metadata (1.7 kB)
#11 1812.4 Collecting setuptools<81.0.0,>=77.0.3 (from vllm==0.0.0+precompiled)
#11 1812.5   Downloading setuptools-80.10.2-py3-none-any.whl.metadata (6.6 kB)
#11 1812.6 Collecting einops (from vllm==0.0.0+precompiled)
#11 1812.6   Downloading einops-0.8.2-py3-none-any.whl.metadata (13 kB)
#11 1812.8 Collecting compressed-tensors==0.17.0 (from vllm==0.0.0+precompiled)
#11 1812.9   Downloading compressed_tensors-0.17.0-py3-none-any.whl.metadata (4.7 kB)
#11 1812.9 Collecting depyf==0.20.0 (from vllm==0.0.0+precompiled)
#11 1813.0   Downloading depyf-0.20.0-py3-none-any.whl.metadata (7.3 kB)
#11 1813.1 Collecting cloudpickle (from vllm==0.0.0+precompiled)
#11 1813.2   Downloading cloudpickle-3.1.2-py3-none-any.whl.metadata (7.1 kB)
#11 1813.5 Collecting watchfiles (from vllm==0.0.0+precompiled)
#11 1813.5   Downloading watchfiles-1.2.0-cp312-cp312-manylinux_2_17_x86_64.manylinux2014_x86_64.whl.metadata (4.9 kB)
#11 1813.6 Collecting python-json-logger (from vllm==0.0.0+precompiled)
#11 1813.7   Downloading python_json_logger-4.1.0-py3-none-any.whl.metadata (3.7 kB)
#11 1813.7 Collecting ninja (from vllm==0.0.0+precompiled)
#11 1813.8   Downloading ninja-1.13.0-py3-none-manylinux2014_x86_64.manylinux_2_17_x86_64.whl.metadata (5.1 kB)
#11 1814.0 Collecting pybase64 (from vllm==0.0.0+precompiled)
#11 1814.1   Downloading pybase64-1.5.0-cp312-cp312-manylinux1_x86_64.manylinux2014_x86_64.manylinux_2_17_x86_64.manylinux_2_5_x86_64.whl.metadata (11 kB)
#11 1814.4 Collecting cbor2 (from vllm==0.0.0+precompiled)
#11 1814.5   Downloading cbor2-6.1.4-cp312-cp312-manylinux_2_28_x86_64.whl.metadata (5.5 kB)
#11 1814.7 Collecting ijson (from vllm==0.0.0+precompiled)
#11 1814.9   Downloading ijson-3.5.1-cp312-cp312-manylinux2014_x86_64.manylinux_2_17_x86_64.manylinux_2_28_x86_64.whl.metadata (23 kB)
#11 1815.1 Collecting setproctitle (from vllm==0.0.0+precompiled)
#11 1815.2   Downloading setproctitle-1.3.7-cp312-cp312-manylinux1_x86_64.manylinux_2_28_x86_64.manylinux_2_5_x86_64.whl.metadata (10 kB)
#11 1815.3 Collecting openai-harmony>=0.0.3 (from vllm==0.0.0+precompiled)
#11 1815.4   Downloading openai_harmony-0.0.8-cp38-abi3-manylinux_2_17_x86_64.manylinux2014_x86_64.whl.metadata (8.0 kB)
#11 1815.6 Collecting anthropic>=0.71.0 (from vllm==0.0.0+precompiled)
#11 1815.7   Downloading anthropic-0.122.0-py3-none-any.whl.metadata (3.3 kB)
#11 1815.7 Collecting model-hosting-container-standards<1.0.0,>=0.1.14 (from vllm==0.0.0+precompiled)
#11 1815.8   Downloading model_hosting_container_standards-0.1.16-py3-none-any.whl.metadata (24 kB)
#11 1816.0 Collecting mcp (from vllm==0.0.0+precompiled)
#11 1816.1   Downloading mcp-2.0.0-py3-none-any.whl.metadata (7.7 kB)
#11 1816.3 Collecting opentelemetry-sdk>=1.27.0 (from vllm==0.0.0+precompiled)
#11 1816.4   Downloading opentelemetry_sdk-1.44.0-py3-none-any.whl.metadata (1.6 kB)
#11 1816.5 Collecting opentelemetry-api>=1.27.0 (from vllm==0.0.0+precompiled)
#11 1816.7   Downloading opentelemetry_api-1.44.0-py3-none-any.whl.metadata (1.4 kB)
#11 1816.9 Collecting opentelemetry-exporter-otlp>=1.27.0 (from vllm==0.0.0+precompiled)
#11 1817.2   Downloading opentelemetry_exporter_otlp-1.44.0-py3-none-any.whl.metadata (2.4 kB)
#11 1817.4 Collecting opentelemetry-semantic-conventions-ai>=0.4.1 (from vllm==0.0.0+precompiled)
#11 1817.7   Downloading opentelemetry_semantic_conventions_ai-0.5.1-py3-none-any.whl.metadata (997 bytes)
#11 1818.1 Collecting numba==0.65.0 (from vllm==0.0.0+precompiled)
#11 1818.2   Downloading numba-0.65.0-cp312-cp312-manylinux2014_x86_64.manylinux_2_17_x86_64.whl.metadata (2.9 kB)
#11 1818.5 Collecting torch==2.13.0 (from vllm==0.0.0+precompiled)
#11 1818.7   Downloading torch-2.13.0-cp312-cp312-manylinux_2_28_x86_64.whl.metadata (38 kB)
#11 1818.9 Collecting torchaudio==2.11.0 (from vllm==0.0.0+precompiled)
#11 1819.1   Downloading torchaudio-2.11.0-cp312-cp312-manylinux_2_28_x86_64.whl.metadata (6.9 kB)
#11 1819.4 Collecting torchvision==0.28.0 (from vllm==0.0.0+precompiled)
#11 1819.6   Downloading torchvision-0.28.0-cp312-cp312-manylinux_2_28_x86_64.whl.metadata (5.6 kB)
#11 1819.8 Collecting torchcodec>=0.14 (from vllm==0.0.0+precompiled)
#11 1820.0   Downloading torchcodec-0.16.0-cp312-cp312-manylinux_2_27_x86_64.manylinux_2_28_x86_64.whl.metadata (9.7 kB)
#11 1820.1 Collecting PyNvVideoCodec==2.0.4 (from vllm==0.0.0+precompiled)
#11 1820.2   Downloading pynvvideocodec-2.0.4-cp312-cp312-manylinux_2_28_x86_64.whl.metadata (5.3 kB)
#11 1820.3 Collecting flashinfer-python==0.6.15.post1 (from vllm==0.0.0+precompiled)
#11 1820.4   Downloading flashinfer_python-0.6.15.post1-py3-none-any.whl.metadata (11 kB)
#11 1820.6 Collecting apache-tvm-ffi==0.1.11 (from vllm==0.0.0+precompiled)
#11 1820.7   Downloading apache_tvm_ffi-0.1.11-cp312-abi3-manylinux_2_24_x86_64.manylinux_2_28_x86_64.whl.metadata (6.1 kB)
#11 1820.9 Collecting tilelang==0.1.12 (from vllm==0.0.0+precompiled)
#11 1821.2   Downloading tilelang-0.1.12-cp38-abi3-manylinux_2_27_x86_64.manylinux_2_28_x86_64.whl.metadata (15 kB)
#11 1821.5 Collecting nvidia-cudnn-frontend>=1.19.1 (from vllm==0.0.0+precompiled)
#11 1821.7   Downloading nvidia_cudnn_frontend-1.27.0-cp312-cp312-manylinux_2_27_x86_64.manylinux_2_28_x86_64.whl.metadata (16 kB)
#11 1822.0 Collecting nvtx==0.2.15 (from vllm==0.0.0+precompiled)
#11 1822.1   Downloading nvtx-0.2.15-cp312-cp312-manylinux2014_x86_64.manylinux_2_17_x86_64.manylinux_2_28_x86_64.whl.metadata (2.8 kB)
#11 1822.3 Collecting fastsafetensors>=0.3.2 (from vllm==0.0.0+precompiled)
#11 1822.4   Downloading fastsafetensors-0.3.3-cp312-cp312-manylinux_2_27_x86_64.manylinux_2_28_x86_64.whl.metadata (3.8 kB)
#11 1822.5 Collecting nvidia-cutlass-dsl==4.6.0 (from nvidia-cutlass-dsl[cu13]==4.6.0->vllm==0.0.0+precompiled)
#11 1822.6   Downloading nvidia_cutlass_dsl-4.6.0-py3-none-any.whl.metadata (2.8 kB)
#11 1822.7 Collecting quack-kernels>=0.6.1 (from vllm==0.0.0+precompiled)
#11 1822.9   Downloading quack_kernels-0.6.4-py3-none-any.whl.metadata (838 bytes)
#11 1823.0 Collecting tokenspeed-mla==0.1.8 (from vllm==0.0.0+precompiled)
#11 1823.1   Downloading tokenspeed_mla-0.1.8-py3-none-manylinux_2_28_x86_64.whl.metadata (10 kB)
#11 1823.3 Collecting humming-kernels==0.1.10 (from humming-kernels[cu13]==0.1.10->vllm==0.0.0+precompiled)
#11 1823.4   Downloading humming_kernels-0.1.10-py3-none-any.whl.metadata (4.1 kB)
#11 1823.6 Collecting loguru (from compressed-tensors==0.17.0->vllm==0.0.0+precompiled)
#11 1823.7   Downloading loguru-0.7.3-py3-none-any.whl.metadata (22 kB)
#11 1824.0 Collecting astor (from depyf==0.20.0->vllm==0.0.0+precompiled)
#11 1824.2   Downloading astor-0.8.1-py2.py3-none-any.whl.metadata (4.2 kB)
#11 1824.3 Collecting dill (from depyf==0.20.0->vllm==0.0.0+precompiled)
#11 1824.5   Downloading dill-0.4.1-py3-none-any.whl.metadata (10 kB)
#11 1824.6 Collecting click (from flashinfer-python==0.6.15.post1->vllm==0.0.0+precompiled)
#11 1824.9   Downloading click-8.4.2-py3-none-any.whl.metadata (2.6 kB)
#11 1825.2 Collecting cuda-python>=12.0 (from flashinfer-python==0.6.15.post1->vllm==0.0.0+precompiled)
#11 1825.4   Downloading cuda_python-13.3.1-py3-none-any.whl.metadata (7.0 kB)
#11 1825.6 Collecting cuda-tile>=1.4.0 (from flashinfer-python==0.6.15.post1->vllm==0.0.0+precompiled)
#11 1825.8   Downloading cuda_tile-1.5.0-cp312-cp312-manylinux2014_x86_64.whl.metadata (7.4 kB)
#11 1826.0 Collecting nccl4py>=0.3.1 (from flashinfer-python==0.6.15.post1->vllm==0.0.0+precompiled)
#11 1826.3   Downloading nccl4py-0.4.1-cp312-cp312-manylinux_2_24_x86_64.manylinux_2_28_x86_64.whl.metadata (3.2 kB)
#11 1826.5 Collecting nvidia-ml-py (from flashinfer-python==0.6.15.post1->vllm==0.0.0+precompiled)
#11 1826.6   Downloading nvidia_ml_py-13.610.43-py3-none-any.whl.metadata (9.7 kB)
#11 1826.6 Requirement already satisfied: packaging>=24.2 in /opt/venv/lib/python3.12/site-packages (from flashinfer-python==0.6.15.post1->vllm==0.0.0+precompiled) (26.3)
#11 1826.9 Collecting tabulate (from flashinfer-python==0.6.15.post1->vllm==0.0.0+precompiled)
#11 1827.2   Downloading tabulate-0.10.0-py3-none-any.whl.metadata (40 kB)
#11 1827.5 Collecting triton (from humming-kernels==0.1.10->humming-kernels[cu13]==0.1.10->vllm==0.0.0+precompiled)
#11 1827.7   Downloading triton-3.7.1-cp312-cp312-manylinux_2_27_x86_64.manylinux_2_28_x86_64.whl.metadata (1.7 kB)
#11 1827.8 Collecting jinja2 (from humming-kernels==0.1.10->humming-kernels[cu13]==0.1.10->vllm==0.0.0+precompiled)
#11 1828.0   Downloading jinja2-3.1.6-py3-none-any.whl.metadata (2.9 kB)
#11 1828.1 Collecting pyelftools (from humming-kernels==0.1.10->humming-kernels[cu13]==0.1.10->vllm==0.0.0+precompiled)
#11 1828.3   Downloading pyelftools-0.33-py3-none-any.whl.metadata (1.0 kB)
#11 1828.4 Collecting cuda-bindings (from humming-kernels==0.1.10->humming-kernels[cu13]==0.1.10->vllm==0.0.0+precompiled)
#11 1828.7   Downloading cuda_bindings-13.3.1-cp312-cp312-manylinux_2_24_x86_64.manylinux_2_28_x86_64.whl.metadata (2.5 kB)
#11 1829.0 Collecting nvidia-cuda-runtime (from humming-kernels[cu13]==0.1.10->vllm==0.0.0+precompiled)
#11 1829.3   Downloading nvidia_cuda_runtime-13.3.29-py3-none-manylinux2014_x86_64.manylinux_2_17_x86_64.whl.metadata (1.8 kB)
#11 1829.5 Collecting nvidia-cuda-cccl (from humming-kernels[cu13]==0.1.10->vllm==0.0.0+precompiled)
#11 1829.7   Downloading nvidia_cuda_cccl-13.3.3.4.1-py3-none-manylinux2014_x86_64.manylinux_2_17_x86_64.whl.metadata (1.7 kB)
#11 1829.8 Collecting nvidia-cuda-nvcc (from humming-kernels[cu13]==0.1.10->vllm==0.0.0+precompiled)
#11 1829.9   Downloading nvidia_cuda_nvcc-13.3.73-py3-none-manylinux2014_x86_64.manylinux_2_17_x86_64.whl.metadata (1.9 kB)
#11 1830.0 Collecting nvidia-cuda-nvrtc (from humming-kernels[cu13]==0.1.10->vllm==0.0.0+precompiled)
#11 1830.1   Downloading nvidia_cuda_nvrtc-13.3.33-py3-none-manylinux2010_x86_64.manylinux_2_12_x86_64.whl.metadata (1.8 kB)
#11 1830.2 Collecting interegular>=0.3.2 (from lm-format-enforcer==0.11.3->vllm==0.0.0+precompiled)
#11 1830.4   Downloading interegular-0.3.3-py37-none-any.whl.metadata (3.0 kB)
#11 1830.7 Collecting llvmlite<0.48,>=0.47.0dev0 (from numba==0.65.0->vllm==0.0.0+precompiled)
#11 1830.7   Downloading llvmlite-0.47.0-cp312-cp312-manylinux2014_x86_64.manylinux_2_17_x86_64.whl.metadata (5.0 kB)
#11 1830.8 Collecting numpy (from vllm==0.0.0+precompiled)
#11 1830.8   Downloading numpy-2.4.6-cp312-cp312-manylinux_2_27_x86_64.manylinux_2_28_x86_64.whl.metadata (6.6 kB)
#11 1830.9 Collecting nvidia-cutlass-dsl-libs-base==4.6.0 (from nvidia-cutlass-dsl==4.6.0->nvidia-cutlass-dsl[cu13]==4.6.0->vllm==0.0.0+precompiled)
#11 1830.9   Downloading nvidia_cutlass_dsl_libs_base-4.6.0-cp312-cp312-manylinux_2_28_x86_64.whl.metadata (2.8 kB)
#11 1831.0 Collecting nvidia-cutlass-dsl-libs-cu12==4.6.0 (from nvidia-cutlass-dsl==4.6.0->nvidia-cutlass-dsl[cu13]==4.6.0->vllm==0.0.0+precompiled)
#11 1831.1   Downloading nvidia_cutlass_dsl_libs_cu12-4.6.0-cp312-cp312-manylinux_2_28_x86_64.whl.metadata (2.8 kB)
#11 1831.1 Collecting protobuf!=6.30.*,!=6.31.*,!=6.32.*,!=6.33.0.*,!=6.33.1.*,!=6.33.2.*,!=6.33.3.*,!=6.33.4.*,>=5.29.6 (from vllm==0.0.0+precompiled)
#11 1831.2   Downloading protobuf-6.33.6-cp39-abi3-manylinux2014_x86_64.whl.metadata (593 bytes)
#11 1831.3 Collecting nvidia-cuda-nvdisasm<14,>=13.3 (from nvidia-cutlass-dsl-libs-base==4.6.0->nvidia-cutlass-dsl==4.6.0->nvidia-cutlass-dsl[cu13]==4.6.0->vllm==0.0.0+precompiled)
#11 1831.4   Downloading nvidia_cuda_nvdisasm-13.3.73-py3-none-manylinux2014_x86_64.manylinux_2_17_x86_64.whl.metadata (1.9 kB)
#11 1831.6 Collecting nvidia-cutlass-dsl-libs-core==4.6.0 (from nvidia-cutlass-dsl-libs-base==4.6.0->nvidia-cutlass-dsl==4.6.0->nvidia-cutlass-dsl[cu13]==4.6.0->vllm==0.0.0+precompiled)
#11 1831.7   Downloading nvidia_cutlass_dsl_libs_core-4.6.0-py3-none-any.whl.metadata (2.8 kB)
#11 1831.9 Collecting nvidia-cutlass-dsl-libs-cu13==4.6.0 (from nvidia-cutlass-dsl[cu13]==4.6.0->vllm==0.0.0+precompiled)
#11 1832.0   Downloading nvidia_cutlass_dsl_libs_cu13-4.6.0-cp312-cp312-manylinux_2_28_x86_64.whl.metadata (2.8 kB)
#11 1832.3 Collecting torch-c-dlpack-ext (from tilelang==0.1.12->vllm==0.0.0+precompiled)
#11 1832.4   Downloading torch_c_dlpack_ext-0.1.5-cp312-cp312-manylinux_2_24_x86_64.manylinux_2_28_x86_64.whl.metadata (14 kB)
#11 1832.7 Collecting ml-dtypes (from tilelang==0.1.12->vllm==0.0.0+precompiled)
#11 1833.0   Downloading ml_dtypes-0.6.0-cp312-cp312-manylinux_2_27_x86_64.manylinux_2_28_x86_64.whl.metadata (8.8 kB)
#11 1833.5 Collecting z3-solver<4.15.5,>=4.13.0 (from tilelang==0.1.12->vllm==0.0.0+precompiled)
#11 1833.7   Downloading z3_solver-4.15.4.0-py3-none-manylinux_2_17_x86_64.manylinux2014_x86_64.whl.metadata (602 bytes)
#11 1833.9 Collecting tokenspeed-triton>=3.7.10.post20260531 (from tokenspeed-mla==0.1.8->vllm==0.0.0+precompiled)
#11 1834.0   Downloading tokenspeed_triton-3.8.10.post20260721-cp312-abi3-manylinux_2_27_x86_64.manylinux_2_28_x86_64.whl.metadata (1.0 kB)
#11 1834.2 Collecting sympy>=1.13.3 (from torch==2.13.0->vllm==0.0.0+precompiled)
#11 1834.4   Downloading sympy-1.14.0-py3-none-any.whl.metadata (12 kB)
#11 1834.6 Collecting networkx>=2.5.1 (from torch==2.13.0->vllm==0.0.0+precompiled)
#11 1834.7   Downloading networkx-3.6.1-py3-none-any.whl.metadata (6.8 kB)
#11 1834.9 Collecting fsspec>=0.8.5 (from torch==2.13.0->vllm==0.0.0+precompiled)
#11 1835.1   Downloading fsspec-2026.7.0-py3-none-any.whl.metadata (10 kB)
#11 1835.3 Collecting cuda-toolkit==13.0.3 (from cuda-toolkit[cublas,cudart,cufft,cufile,cupti,curand,cusolver,cusparse,nvjitlink,nvrtc,nvtx]==13.0.3; platform_system == "Linux"->torch==2.13.0->vllm==0.0.0+precompiled)
#11 1835.4   Downloading cuda_toolkit-13.0.3.0-py2.py3-none-any.whl.metadata (17 kB)
#11 1835.6 Collecting nvidia-cudnn-cu13==9.20.0.48 (from torch==2.13.0->vllm==0.0.0+precompiled)
#11 1835.7   Downloading nvidia_cudnn_cu13-9.20.0.48-py3-none-manylinux_2_27_x86_64.whl.metadata (1.9 kB)
#11 1835.7 Collecting nvidia-cusparselt-cu13==0.8.1 (from torch==2.13.0->vllm==0.0.0+precompiled)
#11 1835.8   Downloading nvidia_cusparselt_cu13-0.8.1-py3-none-manylinux2014_x86_64.whl.metadata (12 kB)
#11 1835.9 Collecting nvidia-nccl-cu13==2.29.7 (from torch==2.13.0->vllm==0.0.0+precompiled)
#11 1836.0   Downloading nvidia_nccl_cu13-2.29.7-py3-none-manylinux_2_18_x86_64.whl.metadata (2.1 kB)
#11 1836.2 Collecting nvidia-nvshmem-cu13==3.4.5 (from torch==2.13.0->vllm==0.0.0+precompiled)
#11 1836.3   Downloading nvidia_nvshmem_cu13-3.4.5-py3-none-manylinux2014_x86_64.manylinux_2_17_x86_64.whl.metadata (2.1 kB)
#11 1836.4 Collecting nvidia-cublas==13.1.1.3.* (from cuda-toolkit[cublas,cudart,cufft,cufile,cupti,curand,cusolver,cusparse,nvjitlink,nvrtc,nvtx]==13.0.3; platform_system == "Linux"->torch==2.13.0->vllm==0.0.0+precompiled)
#11 1836.6   Downloading nvidia_cublas-13.1.1.3-py3-none-manylinux_2_27_x86_64.whl.metadata (1.8 kB)
#11 1836.6 Collecting nvidia-cuda-nvrtc (from humming-kernels[cu13]==0.1.10->vllm==0.0.0+precompiled)
#11 1836.7   Downloading nvidia_cuda_nvrtc-13.0.88-py3-none-manylinux2010_x86_64.manylinux_2_12_x86_64.whl.metadata (1.7 kB)
#11 1836.7 Collecting nvidia-cuda-runtime (from humming-kernels[cu13]==0.1.10->vllm==0.0.0+precompiled)
#11 1837.1   Downloading nvidia_cuda_runtime-13.0.96-py3-none-manylinux2014_x86_64.manylinux_2_17_x86_64.whl.metadata (1.7 kB)
#11 1837.3 Collecting nvidia-cufft==12.0.0.61.* (from cuda-toolkit[cublas,cudart,cufft,cufile,cupti,curand,cusolver,cusparse,nvjitlink,nvrtc,nvtx]==13.0.3; platform_system == "Linux"->torch==2.13.0->vllm==0.0.0+precompiled)
#11 1837.7   Downloading nvidia_cufft-12.0.0.61-py3-none-manylinux2014_x86_64.manylinux_2_17_x86_64.whl.metadata (1.8 kB)
#11 1837.9 Collecting nvidia-nvjitlink<14,>=13.0.88 (from cuda-toolkit[cublas,cudart,cufft,cufile,cupti,curand,cusolver,cusparse,nvjitlink,nvrtc,nvtx]==13.0.3; platform_system == "Linux"->torch==2.13.0->vllm==0.0.0+precompiled)
#11 1838.0   Downloading nvidia_nvjitlink-13.3.33-py3-none-manylinux2010_x86_64.manylinux_2_12_x86_64.whl.metadata (1.8 kB)
#11 1838.2 Collecting nvidia-cufile==1.15.1.6.* (from cuda-toolkit[cublas,cudart,cufft,cufile,cupti,curand,cusolver,cusparse,nvjitlink,nvrtc,nvtx]==13.0.3; platform_system == "Linux"->torch==2.13.0->vllm==0.0.0+precompiled)
#11 1838.4   Downloading nvidia_cufile-1.15.1.6-py3-none-manylinux2014_x86_64.manylinux_2_17_x86_64.whl.metadata (1.7 kB)
#11 1838.6 Collecting nvidia-cuda-cupti==13.0.85.* (from cuda-toolkit[cublas,cudart,cufft,cufile,cupti,curand,cusolver,cusparse,nvjitlink,nvrtc,nvtx]==13.0.3; platform_system == "Linux"->torch==2.13.0->vllm==0.0.0+precompiled)
#11 1838.8   Downloading nvidia_cuda_cupti-13.0.85-py3-none-manylinux_2_25_x86_64.whl.metadata (1.7 kB)
#11 1839.1 Collecting nvidia-curand==10.4.0.35.* (from cuda-toolkit[cublas,cudart,cufft,cufile,cupti,curand,cusolver,cusparse,nvjitlink,nvrtc,nvtx]==13.0.3; platform_system == "Linux"->torch==2.13.0->vllm==0.0.0+precompiled)
#11 1839.4   Downloading nvidia_curand-10.4.0.35-py3-none-manylinux_2_27_x86_64.whl.metadata (1.7 kB)
#11 1839.8 Collecting nvidia-cusolver==12.0.4.66.* (from cuda-toolkit[cublas,cudart,cufft,cufile,cupti,curand,cusolver,cusparse,nvjitlink,nvrtc,nvtx]==13.0.3; platform_system == "Linux"->torch==2.13.0->vllm==0.0.0+precompiled)
#11 1840.1   Downloading nvidia_cusolver-12.0.4.66-py3-none-manylinux_2_27_x86_64.whl.metadata (1.8 kB)
#11 1840.3 Collecting nvidia-cusparse==12.6.3.3.* (from cuda-toolkit[cublas,cudart,cufft,cufile,cupti,curand,cusolver,cusparse,nvjitlink,nvrtc,nvtx]==13.0.3; platform_system == "Linux"->torch==2.13.0->vllm==0.0.0+precompiled)
#11 1840.6   Downloading nvidia_cusparse-12.6.3.3-py3-none-manylinux2014_x86_64.manylinux_2_17_x86_64.whl.metadata (1.8 kB)
#11 1840.7 Collecting nvidia-nvtx==13.0.85.* (from cuda-toolkit[cublas,cudart,cufft,cufile,cupti,curand,cusolver,cusparse,nvjitlink,nvrtc,nvtx]==13.0.3; platform_system == "Linux"->torch==2.13.0->vllm==0.0.0+precompiled)
#11 1841.0   Downloading nvidia_nvtx-13.0.85-py3-none-manylinux1_x86_64.manylinux_2_5_x86_64.whl.metadata (1.8 kB)
#11 1841.3 Collecting cuda-pathfinder>=1.4.2 (from cuda-bindings->humming-kernels==0.1.10->humming-kernels[cu13]==0.1.10->vllm==0.0.0+precompiled)
#11 1841.3   Downloading cuda_pathfinder-1.6.0-py3-none-any.whl.metadata (1.9 kB)
#11 1841.4 Collecting typing-inspection>=0.4.2 (from fastapi<0.137.0,>=0.133.0->fastapi[standard]<0.137.0,>=0.133.0->vllm==0.0.0+precompiled)
#11 1841.4   Downloading typing_inspection-0.4.4-py3-none-any.whl.metadata (2.6 kB)
#11 1841.5 Collecting annotated-doc>=0.0.2 (from fastapi<0.137.0,>=0.133.0->fastapi[standard]<0.137.0,>=0.133.0->vllm==0.0.0+precompiled)
#11 1841.5   Downloading annotated_doc-0.0.5-py3-none-any.whl.metadata (6.5 kB)
#11 1841.7 Collecting fastapi-cli>=0.0.8 (from fastapi-cli[standard]>=0.0.8; extra == "standard"->fastapi[standard]<0.137.0,>=0.133.0->vllm==0.0.0+precompiled)
#11 1842.0   Downloading fastapi_cli-0.0.32-py3-none-any.whl.metadata (6.7 kB)
#11 1842.4 Collecting fastar>=0.9.0 (from fastapi[standard]<0.137.0,>=0.133.0->vllm==0.0.0+precompiled)
#11 1842.5   Downloading fastar-0.11.0-cp312-cp312-manylinux_2_17_x86_64.manylinux2014_x86_64.whl.metadata (4.0 kB)
#11 1842.6 Collecting httpx<1.0.0,>=0.23.0 (from fastapi[standard]<0.137.0,>=0.133.0->vllm==0.0.0+precompiled)
#11 1842.7   Downloading httpx-0.28.1-py3-none-any.whl.metadata (7.1 kB)
#11 1842.8 Collecting python-multipart>=0.0.18 (from fastapi[standard]<0.137.0,>=0.133.0->vllm==0.0.0+precompiled)
#11 1842.8   Downloading python_multipart-0.0.32-py3-none-any.whl.metadata (2.1 kB)
#11 1842.9 Collecting email-validator>=2.0.0 (from fastapi[standard]<0.137.0,>=0.133.0->vllm==0.0.0+precompiled)
#11 1842.9   Downloading email_validator-2.3.0-py3-none-any.whl.metadata (26 kB)
#11 1843.0 Collecting uvicorn>=0.12.0 (from uvicorn[standard]>=0.12.0; extra == "standard"->fastapi[standard]<0.137.0,>=0.133.0->vllm==0.0.0+precompiled)
#11 1843.1   Downloading uvicorn-0.52.3-py3-none-any.whl.metadata (6.6 kB)
#11 1843.2 Collecting pydantic-settings>=2.0.0 (from fastapi[standard]<0.137.0,>=0.133.0->vllm==0.0.0+precompiled)
#11 1843.2   Downloading pydantic_settings-2.15.0-py3-none-any.whl.metadata (3.9 kB)
#11 1843.3 Collecting pydantic-extra-types>=2.0.0 (from fastapi[standard]<0.137.0,>=0.133.0->vllm==0.0.0+precompiled)
#11 1843.4   Downloading pydantic_extra_types-2.11.1-py3-none-any.whl.metadata (4.2 kB)
#11 1843.6 Collecting anyio (from httpx<1.0.0,>=0.23.0->fastapi[standard]<0.137.0,>=0.133.0->vllm==0.0.0+precompiled)
#11 1843.8   Downloading anyio-4.14.2-py3-none-any.whl.metadata (4.6 kB)
#11 1843.9 Collecting certifi (from httpx<1.0.0,>=0.23.0->fastapi[standard]<0.137.0,>=0.133.0->vllm==0.0.0+precompiled)
#11 1844.0   Downloading certifi-2026.7.22-py3-none-any.whl.metadata (2.5 kB)
#11 1844.2 Collecting httpcore==1.* (from httpx<1.0.0,>=0.23.0->fastapi[standard]<0.137.0,>=0.133.0->vllm==0.0.0+precompiled)
#11 1844.3   Downloading httpcore-1.0.9-py3-none-any.whl.metadata (21 kB)
#11 1844.3 Collecting idna (from httpx<1.0.0,>=0.23.0->fastapi[standard]<0.137.0,>=0.133.0->vllm==0.0.0+precompiled)
#11 1844.4   Downloading idna-3.18-py3-none-any.whl.metadata (6.1 kB)
#11 1844.4 Collecting h11>=0.16 (from httpcore==1.*->httpx<1.0.0,>=0.23.0->fastapi[standard]<0.137.0,>=0.133.0->vllm==0.0.0+precompiled)
#11 1844.5   Downloading h11-0.16.0-py3-none-any.whl.metadata (8.3 kB)
#11 1844.6 Collecting jmespath (from model-hosting-container-standards<1.0.0,>=0.1.14->vllm==0.0.0+precompiled)
#11 1844.7   Downloading jmespath-1.1.0-py3-none-any.whl.metadata (7.6 kB)
#11 1844.8 Collecting supervisor>=4.2.0 (from model-hosting-container-standards<1.0.0,>=0.1.14->vllm==0.0.0+precompiled)
#11 1844.8   Downloading supervisor-4.3.0-py2.py3-none-any.whl.metadata (87 kB)
#11 1845.0 Collecting aiohappyeyeballs>=2.5.0 (from aiohttp>=3.13.3->vllm==0.0.0+precompiled)
#11 1845.1   Downloading aiohappyeyeballs-2.7.1-py3-none-any.whl.metadata (5.9 kB)
#11 1845.3 Collecting aiosignal>=1.4.0 (from aiohttp>=3.13.3->vllm==0.0.0+precompiled)
#11 1845.5   Downloading aiosignal-1.4.0-py3-none-any.whl.metadata (3.7 kB)
#11 1845.6 Collecting attrs>=17.3.0 (from aiohttp>=3.13.3->vllm==0.0.0+precompiled)
#11 1845.7   Downloading attrs-26.1.0-py3-none-any.whl.metadata (8.8 kB)
#11 1845.9 Collecting frozenlist>=1.1.1 (from aiohttp>=3.13.3->vllm==0.0.0+precompiled)
#11 1846.0   Downloading frozenlist-1.8.0-cp312-cp312-manylinux1_x86_64.manylinux_2_28_x86_64.manylinux_2_5_x86_64.whl.metadata (20 kB)
#11 1846.5 Collecting multidict<7.0,>=4.5 (from aiohttp>=3.13.3->vllm==0.0.0+precompiled)
#11 1846.6   Downloading multidict-6.7.1-cp312-cp312-manylinux2014_x86_64.manylinux_2_17_x86_64.manylinux_2_28_x86_64.whl.metadata (5.3 kB)
#11 1846.8 Collecting propcache>=0.2.0 (from aiohttp>=3.13.3->vllm==0.0.0+precompiled)
#11 1847.0   Downloading propcache-0.5.2-cp312-cp312-manylinux2014_x86_64.manylinux_2_17_x86_64.manylinux_2_28_x86_64.whl.metadata (16 kB)
#11 1847.8 Collecting yarl<2.0,>=1.17.0 (from aiohttp>=3.13.3->vllm==0.0.0+precompiled)
#11 1848.0   Downloading yarl-1.24.5-cp312-cp312-manylinux2014_x86_64.manylinux_2_17_x86_64.manylinux_2_28_x86_64.whl.metadata (103 kB)
#11 1848.1 Collecting distro<2,>=1.7.0 (from anthropic>=0.71.0->vllm==0.0.0+precompiled)
#11 1848.2   Downloading distro-1.9.0-py3-none-any.whl.metadata (6.8 kB)
#11 1848.4 Collecting docstring-parser<1,>=0.15 (from anthropic>=0.71.0->vllm==0.0.0+precompiled)
#11 1848.6   Downloading docstring_parser-0.18.0-py3-none-any.whl.metadata (3.5 kB)
#11 1849.0 Collecting jiter<1,>=0.4.0 (from anthropic>=0.71.0->vllm==0.0.0+precompiled)
#11 1849.2   Downloading jiter-0.16.0-cp312-cp312-manylinux_2_17_x86_64.manylinux2014_x86_64.whl.metadata (5.2 kB)
#11 1849.4 Collecting sniffio<2,>=1 (from anthropic>=0.71.0->vllm==0.0.0+precompiled)
#11 1849.6   Downloading sniffio-1.3.1-py3-none-any.whl.metadata (3.9 kB)
#11 1849.8 Collecting annotated-types>=0.6.0 (from pydantic>=2.12.0->vllm==0.0.0+precompiled)
#11 1849.9   Downloading annotated_types-0.8.0-py3-none-any.whl.metadata (15 kB)
#11 1851.0 Collecting pydantic-core==2.46.4 (from pydantic>=2.12.0->vllm==0.0.0+precompiled)
#11 1851.1   Downloading pydantic_core-2.46.4-cp312-cp312-manylinux_2_17_x86_64.manylinux2014_x86_64.whl.metadata (6.6 kB)
#11 1851.2 Collecting cuda-core~=1.0.0 (from cuda-python>=12.0->flashinfer-python==0.6.15.post1->vllm==0.0.0+precompiled)
#11 1851.4   Downloading cuda_core-1.0.1-cp312-cp312-manylinux_2_24_x86_64.manylinux_2_28_x86_64.whl.metadata (3.2 kB)
#11 1851.7 Collecting dnspython>=2.0.0 (from email-validator>=2.0.0->fastapi[standard]<0.137.0,>=0.133.0->vllm==0.0.0+precompiled)
#11 1851.8   Downloading dnspython-2.8.0-py3-none-any.whl.metadata (5.7 kB)
#11 1851.9 Collecting typer>=0.16.0 (from fastapi-cli>=0.0.8->fastapi-cli[standard]>=0.0.8; extra == "standard"->fastapi[standard]<0.137.0,>=0.133.0->vllm==0.0.0+precompiled)
#11 1852.0   Downloading typer-0.27.1-py3-none-any.whl.metadata (16 kB)
#11 1852.2 Collecting rich-toolkit>=0.14.8 (from fastapi-cli>=0.0.8->fastapi-cli[standard]>=0.0.8; extra == "standard"->fastapi[standard]<0.137.0,>=0.133.0->vllm==0.0.0+precompiled)
#11 1852.3   Downloading rich_toolkit-0.20.3-py3-none-any.whl.metadata (1.0 kB)
#11 1852.5 Collecting fastapi-cloud-cli>=0.1.1 (from fastapi-cli[standard]>=0.0.8; extra == "standard"->fastapi[standard]<0.137.0,>=0.133.0->vllm==0.0.0+precompiled)
#11 1852.8   Downloading fastapi_cloud_cli-0.23.0-py3-none-any.whl.metadata (3.1 kB)
#11 1853.1 Collecting rignore>=0.5.1 (from fastapi-cloud-cli>=0.1.1->fastapi-cli[standard]>=0.0.8; extra == "standard"->fastapi[standard]<0.137.0,>=0.133.0->vllm==0.0.0+precompiled)
#11 1853.2   Downloading rignore-0.8.1-cp312-cp312-manylinux_2_17_x86_64.manylinux2014_x86_64.whl.metadata (4.2 kB)
#11 1853.4 Collecting sentry-sdk>=2.20.0 (from fastapi-cloud-cli>=0.1.1->fastapi-cli[standard]>=0.0.8; extra == "standard"->fastapi[standard]<0.137.0,>=0.133.0->vllm==0.0.0+precompiled)
#11 1853.5   Downloading sentry_sdk-2.68.0-py3-none-any.whl.metadata (11 kB)
#11 1853.7 Collecting detect-installer>=0.1.0 (from fastapi-cloud-cli>=0.1.1->fastapi-cli[standard]>=0.0.8; extra == "standard"->fastapi[standard]<0.137.0,>=0.133.0->vllm==0.0.0+precompiled)
#11 1853.9   Downloading detect_installer-0.1.0-py3-none-any.whl.metadata (1.2 kB)
#11 1854.2 Collecting MarkupSafe>=2.0 (from jinja2->humming-kernels==0.1.10->humming-kernels[cu13]==0.1.10->vllm==0.0.0+precompiled)
#11 1854.4   Downloading markupsafe-3.0.3-cp312-cp312-manylinux2014_x86_64.manylinux_2_17_x86_64.manylinux_2_28_x86_64.whl.metadata (2.7 kB)
#11 1854.6 Collecting jsonschema-specifications>=2023.03.6 (from jsonschema>=4.23.0->vllm==0.0.0+precompiled)
#11 1854.7   Downloading jsonschema_specifications-2025.9.1-py3-none-any.whl.metadata (2.9 kB)
#11 1854.7 Collecting referencing>=0.28.4 (from jsonschema>=4.23.0->vllm==0.0.0+precompiled)
#11 1854.8   Downloading referencing-0.37.0-py3-none-any.whl.metadata (2.8 kB)
#11 1855.2 Collecting rpds-py>=0.25.0 (from jsonschema>=4.23.0->vllm==0.0.0+precompiled)
#11 1855.4   Downloading rpds_py-2026.6.3-cp312-cp312-manylinux_2_17_x86_64.manylinux2014_x86_64.whl.metadata (4.1 kB)
#11 1855.4 Collecting numpy (from vllm==0.0.0+precompiled)
#11 1855.5   Downloading numpy-2.3.5-cp312-cp312-manylinux_2_27_x86_64.manylinux_2_28_x86_64.whl.metadata (62 kB)
#11 1855.7 Collecting httpx2<3,>=2.7.0 (from openai>=2.0.0->vllm==0.0.0+precompiled)
#11 1855.8   Downloading httpx2-2.10.0-py3-none-any.whl.metadata (10 kB)
#11 1855.9 Collecting httpcore2==2.10.0 (from httpx2<3,>=2.7.0->openai>=2.0.0->vllm==0.0.0+precompiled)
#11 1856.0   Downloading httpcore2-2.10.0-py3-none-any.whl.metadata (25 kB)
#11 1856.1 Collecting truststore>=0.10 (from httpx2<3,>=2.7.0->openai>=2.0.0->vllm==0.0.0+precompiled)
#11 1856.2   Downloading truststore-0.10.4-py3-none-any.whl.metadata (4.4 kB)
#11 1856.4 Collecting opentelemetry-exporter-otlp-proto-grpc==1.44.0 (from opentelemetry-exporter-otlp>=1.27.0->vllm==0.0.0+precompiled)
#11 1856.5   Downloading opentelemetry_exporter_otlp_proto_grpc-1.44.0-py3-none-any.whl.metadata (2.6 kB)
#11 1856.7 Collecting opentelemetry-exporter-otlp-proto-http==1.44.0 (from opentelemetry-exporter-otlp>=1.27.0->vllm==0.0.0+precompiled)
#11 1857.0   Downloading opentelemetry_exporter_otlp_proto_http-1.44.0-py3-none-any.whl.metadata (2.4 kB)
#11 1857.3 Collecting googleapis-common-protos~=1.57 (from opentelemetry-exporter-otlp-proto-grpc==1.44.0->opentelemetry-exporter-otlp>=1.27.0->vllm==0.0.0+precompiled)
#11 1857.6   Downloading googleapis_common_protos-1.75.1-py3-none-any.whl.metadata (8.5 kB)
#11 1858.6 Collecting grpcio<2.0.0,>=1.63.2 (from opentelemetry-exporter-otlp-proto-grpc==1.44.0->opentelemetry-exporter-otlp>=1.27.0->vllm==0.0.0+precompiled)
#11 1858.8   Downloading grpcio-1.83.0-cp312-cp312-manylinux2014_x86_64.manylinux_2_17_x86_64.whl.metadata (3.7 kB)
#11 1859.0 Collecting opentelemetry-exporter-otlp-proto-common==1.44.0 (from opentelemetry-exporter-otlp-proto-grpc==1.44.0->opentelemetry-exporter-otlp>=1.27.0->vllm==0.0.0+precompiled)
#11 1859.1   Downloading opentelemetry_exporter_otlp_proto_common-1.44.0-py3-none-any.whl.metadata (1.8 kB)
#11 1859.3 Collecting opentelemetry-proto==1.44.0 (from opentelemetry-exporter-otlp-proto-grpc==1.44.0->opentelemetry-exporter-otlp>=1.27.0->vllm==0.0.0+precompiled)
#11 1859.3   Downloading opentelemetry_proto-1.44.0-py3-none-any.whl.metadata (2.3 kB)
#11 1859.5 Collecting opentelemetry-semantic-conventions==0.65b0 (from opentelemetry-sdk>=1.27.0->vllm==0.0.0+precompiled)
#11 1859.6   Downloading opentelemetry_semantic_conventions-0.65b0-py3-none-any.whl.metadata (2.4 kB)
#11 1859.8 Collecting charset_normalizer<4,>=2 (from requests>=2.26.0->vllm==0.0.0+precompiled)
#11 1860.0   Downloading charset_normalizer-3.5.0-cp312-cp312-manylinux2014_x86_64.manylinux_2_17_x86_64.manylinux_2_28_x86_64.whl.metadata (44 kB)
#11 1860.3 Collecting urllib3<3,>=1.26 (from requests>=2.26.0->vllm==0.0.0+precompiled)
#11 1860.4   Downloading urllib3-2.7.0-py3-none-any.whl.metadata (6.9 kB)
#11 1860.7 Collecting pycountry>=23 (from pydantic-extra-types[pycountry]>=2.10.5->mistral_common>=1.11.6->mistral_common[image]>=1.11.6->vllm==0.0.0+precompiled)
#11 1860.9   Downloading pycountry-26.2.16-py3-none-any.whl.metadata (12 kB)
#11 1861.2 Collecting python-dotenv>=0.21.0 (from pydantic-settings>=2.0.0->fastapi[standard]<0.137.0,>=0.133.0->vllm==0.0.0+precompiled)
#11 1861.6   Downloading python_dotenv-1.2.2-py3-none-any.whl.metadata (27 kB)
#11 1861.6 INFO: pip is looking at multiple versions of quack-kernels to determine which version is compatible with other requirements. This could take a while.
#11 1861.6 Collecting quack-kernels>=0.6.1 (from vllm==0.0.0+precompiled)
#11 1861.8   Downloading quack_kernels-0.6.3-py3-none-any.whl.metadata (838 bytes)
#11 1862.2 Collecting rich>=13.7.1 (from rich-toolkit>=0.14.8->fastapi-cli>=0.0.8->fastapi-cli[standard]>=0.0.8; extra == "standard"->fastapi[standard]<0.137.0,>=0.133.0->vllm==0.0.0+precompiled)
#11 1862.4   Downloading rich-15.0.0-py3-none-any.whl.metadata (18 kB)
#11 1862.6 Collecting markdown-it-py>=2.2.0 (from rich>=13.7.1->rich-toolkit>=0.14.8->fastapi-cli>=0.0.8->fastapi-cli[standard]>=0.0.8; extra == "standard"->fastapi[standard]<0.137.0,>=0.133.0->vllm==0.0.0+precompiled)
#11 1862.8   Downloading markdown_it_py-4.2.0-py3-none-any.whl.metadata (7.4 kB)
#11 1863.0 Collecting pygments<3.0.0,>=2.13.0 (from rich>=13.7.1->rich-toolkit>=0.14.8->fastapi-cli>=0.0.8->fastapi-cli[standard]>=0.0.8; extra == "standard"->fastapi[standard]<0.137.0,>=0.133.0->vllm==0.0.0+precompiled)
#11 1863.2   Downloading pygments-2.20.0-py3-none-any.whl.metadata (2.5 kB)
#11 1863.3 Collecting mdurl~=0.1 (from markdown-it-py>=2.2.0->rich>=13.7.1->rich-toolkit>=0.14.8->fastapi-cli>=0.0.8->fastapi-cli[standard]>=0.0.8; extra == "standard"->fastapi[standard]<0.137.0,>=0.133.0->vllm==0.0.0+precompiled)
#11 1863.4   Downloading mdurl-0.1.2-py3-none-any.whl.metadata (1.6 kB)
#11 1863.5 Collecting mpmath<1.4,>=1.1.0 (from sympy>=1.13.3->torch==2.13.0->vllm==0.0.0+precompiled)
#11 1863.5   Downloading mpmath-1.3.0-py3-none-any.whl.metadata (8.6 kB)
#11 1863.6 Collecting huggingface-hub<2.0,>=0.16.4 (from tokenizers>=0.21.1->vllm==0.0.0+precompiled)
#11 1863.7   Downloading huggingface_hub-1.27.0-py3-none-any.whl.metadata (16 kB)
#11 1863.9 Collecting hf-xet<2.0.0,>=1.5.2 (from huggingface-hub<2.0,>=0.16.4->tokenizers>=0.21.1->vllm==0.0.0+precompiled)
#11 1864.0   Downloading hf_xet-1.6.0-cp38-abi3-manylinux2014_x86_64.manylinux_2_17_x86_64.whl.metadata (4.9 kB)
#11 1864.1 Collecting tokenizers>=0.21.1 (from vllm==0.0.0+precompiled)
#11 1864.2   Downloading tokenizers-0.22.2-cp39-abi3-manylinux_2_17_x86_64.manylinux2014_x86_64.whl.metadata (7.3 kB)
#11 1864.3 Collecting shellingham>=1.3.0 (from typer>=0.16.0->fastapi-cli>=0.0.8->fastapi-cli[standard]>=0.0.8; extra == "standard"->fastapi[standard]<0.137.0,>=0.133.0->vllm==0.0.0+precompiled)
#11 1864.4   Downloading shellingham-1.5.4-py2.py3-none-any.whl.metadata (3.5 kB)
#11 1864.7 Collecting httptools>=0.8.0 (from uvicorn[standard]>=0.12.0; extra == "standard"->fastapi[standard]<0.137.0,>=0.133.0->vllm==0.0.0+precompiled)
#11 1865.1   Downloading httptools-0.8.0-cp312-cp312-manylinux1_x86_64.manylinux_2_28_x86_64.manylinux_2_5_x86_64.whl.metadata (3.5 kB)
#11 1865.7 Collecting uvloop>=0.15.1 (from uvicorn[standard]>=0.12.0; extra == "standard"->fastapi[standard]<0.137.0,>=0.133.0->vllm==0.0.0+precompiled)
#11 1866.1   Downloading uvloop-0.22.1-cp312-cp312-manylinux2014_x86_64.manylinux_2_17_x86_64.manylinux_2_28_x86_64.whl.metadata (4.9 kB)
#11 1867.1 Collecting websockets>=13.0 (from uvicorn[standard]>=0.12.0; extra == "standard"->fastapi[standard]<0.137.0,>=0.133.0->vllm==0.0.0+precompiled)
#11 1867.6   Downloading websockets-17.0.1-cp312-cp312-manylinux1_x86_64.manylinux_2_28_x86_64.manylinux_2_5_x86_64.whl.metadata (6.3 kB)
#11 1868.1 Collecting mcp-types==2.0.0 (from mcp->vllm==0.0.0+precompiled)
#11 1868.7   Downloading mcp_types-2.0.0-py3-none-any.whl.metadata (1.9 kB)
#11 1869.5 Collecting pyjwt>=2.10.1 (from pyjwt[crypto]>=2.10.1->mcp->vllm==0.0.0+precompiled)
#11 1869.7   Downloading pyjwt-2.13.0-py3-none-any.whl.metadata (3.4 kB)
#11 1869.9 Collecting sse-starlette>=3.0.0 (from mcp->vllm==0.0.0+precompiled)
#11 1870.0   Downloading sse_starlette-3.4.8-py3-none-any.whl.metadata (15 kB)
#11 1870.7 Collecting cryptography>=3.4.0 (from pyjwt[crypto]>=2.10.1->mcp->vllm==0.0.0+precompiled)
#11 1871.2   Downloading cryptography-50.0.0-cp311-abi3-manylinux_2_34_x86_64.whl.metadata (4.3 kB)
#11 1872.0 Collecting cffi>=2.0.0 (from cryptography>=3.4.0->pyjwt[crypto]>=2.10.1->mcp->vllm==0.0.0+precompiled)
#11 1872.7   Downloading cffi-2.1.1-cp312-cp312-manylinux2014_x86_64.manylinux_2_17_x86_64.whl.metadata (2.5 kB)
#11 1873.2 Collecting pycparser (from cffi>=2.0.0->cryptography>=3.4.0->pyjwt[crypto]>=2.10.1->mcp->vllm==0.0.0+precompiled)
#11 1873.9   Downloading pycparser-3.0-py3-none-any.whl.metadata (8.2 kB)
#11 1874.4 Collecting nvidia-nvvm (from nvidia-cuda-nvcc->humming-kernels[cu13]==0.1.10->vllm==0.0.0+precompiled)
#11 1874.5   Downloading nvidia_nvvm-13.3.73-py3-none-manylinux2010_x86_64.manylinux_2_12_x86_64.whl.metadata (1.7 kB)
#11 1874.5 Collecting nvidia-cuda-crt (from nvidia-cuda-nvcc->humming-kernels[cu13]==0.1.10->vllm==0.0.0+precompiled)
#11 1874.6   Downloading nvidia_cuda_crt-13.3.73-py3-none-manylinux2014_x86_64.manylinux_2_17_x86_64.whl.metadata (1.7 kB)
#11 1874.7 Downloading apache_tvm_ffi-0.1.11-cp312-abi3-manylinux_2_24_x86_64.manylinux_2_28_x86_64.whl (2.7 MB)
#11 1877.3    ━━━━━━━━━━━━━━━━━━━━━━━━━━━━━━━━━━━━━━━━ 2.7/2.7 MB 1.4 MB/s  0:00:02
#11 1877.4 Downloading compressed_tensors-0.17.0-py3-none-any.whl (211 kB)
#11 1877.5 Downloading depyf-0.20.0-py3-none-any.whl (39 kB)
#11 1877.6 Downloading flashinfer_python-0.6.15.post1-py3-none-any.whl (15.0 MB)
#11 1880.9    ━━━━━━━━━━━━━━━━━━━━━━━━━━━━━━━━━━━━━━━━ 15.0/15.0 MB 4.5 MB/s  0:00:03
#11 1881.1 Downloading humming_kernels-0.1.10-py3-none-any.whl (184 kB)
#11 1881.2 Downloading lark-1.2.2-py3-none-any.whl (111 kB)
#11 1881.3 Downloading lm_format_enforcer-0.11.3-py3-none-any.whl (45 kB)
#11 1881.4 Downloading numba-0.65.0-cp312-cp312-manylinux2014_x86_64.manylinux_2_17_x86_64.whl (3.8 MB)
#11 1882.2    ━━━━━━━━━━━━━━━━━━━━━━━━━━━━━━━━━━━━━━━━ 3.8/3.8 MB 4.4 MB/s  0:00:00
#11 1882.3 Downloading nvidia_cutlass_dsl-4.6.0-py3-none-any.whl (10 kB)
#11 1882.4 Downloading nvidia_cutlass_dsl_libs_base-4.6.0-cp312-cp312-manylinux_2_28_x86_64.whl (2.8 MB)
#11 1883.0    ━━━━━━━━━━━━━━━━━━━━━━━━━━━━━━━━━━━━━━━━ 2.8/2.8 MB 4.6 MB/s  0:00:00
#11 1883.1 Downloading nvidia_cutlass_dsl_libs_core-4.6.0-py3-none-any.whl (767 kB)
#11 1883.3    ━━━━━━━━━━━━━━━━━━━━━━━━━━━━━━━━━━━━━━━━ 767.7/767.7 kB 6.3 MB/s  0:00:00
#11 1883.4 Downloading nvidia_cutlass_dsl_libs_cu12-4.6.0-cp312-cp312-manylinux_2_28_x86_64.whl (88.4 MB)
#11 1901.8    ━━━━━━━━━━━━━━━━━━━━━━━━━━━━━━━━━━━━━━━━ 88.4/88.4 MB 4.8 MB/s  0:00:18
#11 1901.9 Downloading nvidia_cutlass_dsl_libs_cu13-4.6.0-cp312-cp312-manylinux_2_28_x86_64.whl (88.0 MB)
#11 1928.9    ━━━━━━━━━━━━━━━━━━━━━━━━━━━━━━━━━━━━━━━━ 88.0/88.0 MB 3.3 MB/s  0:00:26
#11 1929.1 Downloading nvtx-0.2.15-cp312-cp312-manylinux2014_x86_64.manylinux_2_17_x86_64.manylinux_2_28_x86_64.whl (806 kB)
#11 1929.4    ━━━━━━━━━━━━━━━━━━━━━━━━━━━━━━━━━━━━━━━━ 806.2/806.2 kB 2.0 MB/s  0:00:00
#11 1929.7 Downloading outlines_core-0.2.14-cp312-cp312-manylinux_2_17_x86_64.manylinux2014_x86_64.whl (2.3 MB)
#11 1930.2    ━━━━━━━━━━━━━━━━━━━━━━━━━━━━━━━━━━━━━━━━ 2.3/2.3 MB 4.5 MB/s  0:00:00
#11 1930.3 Downloading pynvvideocodec-2.0.4-cp312-cp312-manylinux_2_28_x86_64.whl (43.2 MB)
#11 1946.6    ━━━━━━━━━━━━━━━━━━━━━━━━━━━━━━━━━━━━━━━━ 43.2/43.2 MB 2.6 MB/s  0:00:16
#11 1946.6 Downloading tilelang-0.1.12-cp38-abi3-manylinux_2_27_x86_64.manylinux_2_28_x86_64.whl (50.5 MB)
#11 1961.2    ━━━━━━━━━━━━━━━━━━━━━━━━━━━━━━━━━━━━━━━━ 50.5/50.5 MB 3.5 MB/s  0:00:14
#11 1961.5 Downloading tokenspeed_mla-0.1.8-py3-none-manylinux_2_28_x86_64.whl (755 kB)
#11 1961.8    ━━━━━━━━━━━━━━━━━━━━━━━━━━━━━━━━━━━━━━━━ 755.8/755.8 kB 2.1 MB/s  0:00:00
#11 1962.0 Downloading torch-2.13.0-cp312-cp312-manylinux_2_28_x86_64.whl (526.6 MB)
#11 2164.9    ━━━━━━━━━━━━━━━━━━━━━━━━━━━━━━━━━━━━━━━━ 526.6/526.6 MB 3.1 MB/s  0:03:22
#11 2165.0 Downloading cuda_toolkit-13.0.3.0-py2.py3-none-any.whl (2.5 kB)
#11 2165.1 Downloading nvidia_cudnn_cu13-9.20.0.48-py3-none-manylinux_2_27_x86_64.whl (366.2 MB)
#11 2344.2    ━━━━━━━━━━━━━━━━━━━━━━━━━━━━━━━━━━━━━━━━ 366.2/366.2 MB 2.6 MB/s  0:02:59
#11 2344.3 Downloading nvidia_cusparselt_cu13-0.8.1-py3-none-manylinux2014_x86_64.whl (170.1 MB)
#11 2404.6    ━━━━━━━━━━━━━━━━━━━━━━━━━━━━━━━━━━━━━━━━ 170.1/170.1 MB 2.8 MB/s  0:01:00
#11 2404.7 Downloading nvidia_nccl_cu13-2.29.7-py3-none-manylinux_2_18_x86_64.whl (206.0 MB)
#11 2532.8    ━━━━━━━━━━━━━━━━━━━━━━━━━━━━━━━━━━━━━━━━ 206.0/206.0 MB 1.5 MB/s  0:02:08
#11 2533.0 Downloading nvidia_nvshmem_cu13-3.4.5-py3-none-manylinux2014_x86_64.manylinux_2_17_x86_64.whl (60.4 MB)
#11 2567.8    ━━━━━━━━━━━━━━━━━━━━━━━━━━━━━━━━━━━━━━━━ 60.4/60.4 MB 1.6 MB/s  0:00:34
#11 2567.9 Downloading torchaudio-2.11.0-cp312-cp312-manylinux_2_28_x86_64.whl (1.8 MB)
#11 2568.3    ━━━━━━━━━━━━━━━━━━━━━━━━━━━━━━━━━━━━━━━━ 1.8/1.8 MB 4.2 MB/s  0:00:00
#11 2568.4 Downloading torchvision-0.28.0-cp312-cp312-manylinux_2_28_x86_64.whl (7.7 MB)
#11 2570.7    ━━━━━━━━━━━━━━━━━━━━━━━━━━━━━━━━━━━━━━━━ 7.7/7.7 MB 3.3 MB/s  0:00:02
#11 2570.8 Downloading triton-3.7.1-cp312-cp312-manylinux_2_27_x86_64.manylinux_2_28_x86_64.whl (197.7 MB)
#11 2640.8    ━━━━━━━━━━━━━━━━━━━━━━━━━━━━━━━━━━━━━━━━ 197.7/197.7 MB 2.6 MB/s  0:01:09
#11 2640.8 Downloading cuda_bindings-13.3.1-cp312-cp312-manylinux_2_24_x86_64.manylinux_2_28_x86_64.whl (6.7 MB)
#11 2642.4    ━━━━━━━━━━━━━━━━━━━━━━━━━━━━━━━━━━━━━━━━ 6.7/6.7 MB 4.1 MB/s  0:00:01
#11 2642.5 Downloading fastapi-0.136.3-py3-none-any.whl (117 kB)
#11 2642.6 Downloading httpx-0.28.1-py3-none-any.whl (73 kB)
#11 2642.7 Downloading httpcore-1.0.9-py3-none-any.whl (78 kB)
#11 2642.8 Downloading llguidance-1.7.6-cp39-abi3-manylinux_2_31_x86_64.whl (3.1 MB)
#11 2643.6    ━━━━━━━━━━━━━━━━━━━━━━━━━━━━━━━━━━━━━━━━ 3.1/3.1 MB 4.0 MB/s  0:00:00
#11 2643.7 Downloading llvmlite-0.47.0-cp312-cp312-manylinux2014_x86_64.manylinux_2_17_x86_64.whl (56.3 MB)
#11 2653.5    ━━━━━━━━━━━━━━━━━━━━━━━━━━━━━━━━━━━━━━━━ 56.3/56.3 MB 5.7 MB/s  0:00:09
#11 2653.6 Downloading model_hosting_container_standards-0.1.16-py3-none-any.whl (125 kB)
#11 2653.7 Downloading nvidia_cublas-13.1.1.3-py3-none-manylinux_2_27_x86_64.whl (423.1 MB)
#11 2769.4    ━━━━━━━━━━━━━━━━━━━━━━━━━━━━━━━━━━━━━━━━ 423.1/423.1 MB 1.5 MB/s  0:01:55
#11 2769.5 Downloading nvidia_cuda_cupti-13.0.85-py3-none-manylinux_2_25_x86_64.whl (10.7 MB)
#11 2774.8    ━━━━━━━━━━━━━━━━━━━━━━━━━━━━━━━━━━━━━━━━ 10.7/10.7 MB 2.0 MB/s  0:00:05
#11 2775.0 Downloading nvidia_cuda_nvdisasm-13.3.73-py3-none-manylinux2014_x86_64.manylinux_2_17_x86_64.whl (4.8 MB)
#11 2776.1    ━━━━━━━━━━━━━━━━━━━━━━━━━━━━━━━━━━━━━━━━ 4.8/4.8 MB 4.5 MB/s  0:00:01
#11 2776.1 Downloading nvidia_cuda_nvrtc-13.0.88-py3-none-manylinux2010_x86_64.manylinux_2_12_x86_64.whl (90.2 MB)
#11 2807.2    ━━━━━━━━━━━━━━━━━━━━━━━━━━━━━━━━━━━━━━━━ 90.2/90.2 MB 2.9 MB/s  0:00:31
#11 2807.3 Downloading nvidia_cuda_runtime-13.0.96-py3-none-manylinux2014_x86_64.manylinux_2_17_x86_64.whl (2.2 MB)
#11 2807.7    ━━━━━━━━━━━━━━━━━━━━━━━━━━━━━━━━━━━━━━━━ 2.2/2.2 MB 4.7 MB/s  0:00:00
#11 2807.8 Downloading nvidia_cufft-12.0.0.61-py3-none-manylinux2014_x86_64.manylinux_2_17_x86_64.whl (214.1 MB)
#11 2879.1    ━━━━━━━━━━━━━━━━━━━━━━━━━━━━━━━━━━━━━━━━ 214.1/214.1 MB 3.9 MB/s  0:01:11
#11 2879.2 Downloading nvidia_cufile-1.15.1.6-py3-none-manylinux2014_x86_64.manylinux_2_17_x86_64.whl (1.2 MB)
#11 2879.4    ━━━━━━━━━━━━━━━━━━━━━━━━━━━━━━━━━━━━━━━━ 1.2/1.2 MB 7.9 MB/s  0:00:00
#11 2879.4 Downloading nvidia_curand-10.4.0.35-py3-none-manylinux_2_27_x86_64.whl (59.5 MB)
#11 2891.5    ━━━━━━━━━━━━━━━━━━━━━━━━━━━━━━━━━━━━━━━━ 59.5/59.5 MB 4.9 MB/s  0:00:12
#11 2891.5 Downloading nvidia_cusolver-12.0.4.66-py3-none-manylinux_2_27_x86_64.whl (200.9 MB)
#11 2985.9    ━━━━━━━━━━━━━━━━━━━━━━━━━━━━━━━━━━━━━━━━ 200.9/200.9 MB 1.5 MB/s  0:01:34
#11 2986.0 Downloading nvidia_cusparse-12.6.3.3-py3-none-manylinux2014_x86_64.manylinux_2_17_x86_64.whl (145.9 MB)
#11 3048.6    ━━━━━━━━━━━━━━━━━━━━━━━━━━━━━━━━━━━━━━━━ 145.9/145.9 MB 3.4 MB/s  0:01:02
#11 3048.6 Downloading nvidia_nvjitlink-13.3.33-py3-none-manylinux2010_x86_64.manylinux_2_12_x86_64.whl (40.7 MB)
#11 3061.5    ━━━━━━━━━━━━━━━━━━━━━━━━━━━━━━━━━━━━━━━━ 40.7/40.7 MB 3.2 MB/s  0:00:12
#11 3061.6 Downloading nvidia_nvtx-13.0.85-py3-none-manylinux1_x86_64.manylinux_2_5_x86_64.whl (148 kB)
#11 3061.7 Downloading protobuf-6.33.6-cp39-abi3-manylinux2014_x86_64.whl (323 kB)
#11 3061.8 Downloading setuptools-80.10.2-py3-none-any.whl (1.1 MB)
#11 3062.4    ━━━━━━━━━━━━━━━━━━━━━━━━━━━━━━━━━━━━━━━━ 1.1/1.1 MB 1.9 MB/s  0:00:00
#11 3062.6 Downloading xgrammar-0.2.3-cp312-cp312-manylinux_2_27_x86_64.manylinux_2_28_x86_64.whl (44.9 MB)
#11 3076.7    ━━━━━━━━━━━━━━━━━━━━━━━━━━━━━━━━━━━━━━━━ 44.9/44.9 MB 3.2 MB/s  0:00:14
#11 3076.8 Downloading z3_solver-4.15.4.0-py3-none-manylinux_2_17_x86_64.manylinux2014_x86_64.whl (29.3 MB)
#11 3083.1    ━━━━━━━━━━━━━━━━━━━━━━━━━━━━━━━━━━━━━━━━ 29.3/29.3 MB 4.6 MB/s  0:00:06
#11 3083.2 Downloading aiohttp-3.14.3-cp312-cp312-manylinux2014_x86_64.manylinux_2_17_x86_64.manylinux_2_28_x86_64.whl (1.8 MB)
#11 3083.5    ━━━━━━━━━━━━━━━━━━━━━━━━━━━━━━━━━━━━━━━━ 1.8/1.8 MB 8.2 MB/s  0:00:00
#11 3083.5 Downloading multidict-6.7.1-cp312-cp312-manylinux2014_x86_64.manylinux_2_17_x86_64.manylinux_2_28_x86_64.whl (256 kB)
#11 3083.6 Downloading yarl-1.24.5-cp312-cp312-manylinux2014_x86_64.manylinux_2_17_x86_64.manylinux_2_28_x86_64.whl (109 kB)
#11 3083.7 Downloading aiohappyeyeballs-2.7.1-py3-none-any.whl (15 kB)
#11 3083.8 Downloading aiosignal-1.4.0-py3-none-any.whl (7.5 kB)
#11 3083.8 Downloading annotated_doc-0.0.5-py3-none-any.whl (5.3 kB)
#11 3083.9 Downloading anthropic-0.122.0-py3-none-any.whl (1.0 MB)
#11 3084.0    ━━━━━━━━━━━━━━━━━━━━━━━━━━━━━━━━━━━━━━━━ 1.0/1.0 MB 7.0 MB/s  0:00:00
#11 3084.1 Downloading anyio-4.14.2-py3-none-any.whl (125 kB)
#11 3084.2 Downloading distro-1.9.0-py3-none-any.whl (20 kB)
#11 3084.2 Downloading docstring_parser-0.18.0-py3-none-any.whl (22 kB)
#11 3084.2 Downloading jiter-0.16.0-cp312-cp312-manylinux_2_17_x86_64.manylinux2014_x86_64.whl (343 kB)
#11 3084.4 Downloading pydantic-2.13.4-py3-none-any.whl (472 kB)
#11 3084.6 Downloading pydantic_core-2.46.4-cp312-cp312-manylinux_2_17_x86_64.manylinux2014_x86_64.whl (2.1 MB)
#11 3085.0    ━━━━━━━━━━━━━━━━━━━━━━━━━━━━━━━━━━━━━━━━ 2.1/2.1 MB 7.2 MB/s  0:00:00
#11 3085.1 Downloading sniffio-1.3.1-py3-none-any.whl (10 kB)
#11 3085.1 Downloading typing_extensions-4.16.0-py3-none-any.whl (45 kB)
#11 3085.2 Downloading annotated_types-0.8.0-py3-none-any.whl (13 kB)
#11 3085.2 Downloading attrs-26.1.0-py3-none-any.whl (67 kB)
#11 3085.3 Downloading cuda_pathfinder-1.6.0-py3-none-any.whl (54 kB)
#11 3085.4 Downloading cuda_python-13.3.1-py3-none-any.whl (8.3 kB)
#11 3085.4 Downloading cuda_core-1.0.1-cp312-cp312-manylinux_2_24_x86_64.manylinux_2_28_x86_64.whl (5.1 MB)
#11 3086.8    ━━━━━━━━━━━━━━━━━━━━━━━━━━━━━━━━━━━━━━━━ 5.1/5.1 MB 3.8 MB/s  0:00:01
#11 3086.9 Downloading cuda_tile-1.5.0-cp312-cp312-manylinux2014_x86_64.whl (324 kB)
#11 3087.2 Downloading email_validator-2.3.0-py3-none-any.whl (35 kB)
#11 3087.4 Downloading dnspython-2.8.0-py3-none-any.whl (331 kB)
#11 3087.7 Downloading fastapi_cli-0.0.32-py3-none-any.whl (14 kB)
#11 3087.8 Downloading fastapi_cloud_cli-0.23.0-py3-none-any.whl (78 kB)
#11 3087.9 Downloading detect_installer-0.1.0-py3-none-any.whl (4.5 kB)
#11 3087.9 Downloading fastar-0.11.0-cp312-cp312-manylinux_2_17_x86_64.manylinux2014_x86_64.whl (819 kB)
#11 3088.2    ━━━━━━━━━━━━━━━━━━━━━━━━━━━━━━━━━━━━━━━━ 819.4/819.4 kB 4.3 MB/s  0:00:00
#11 3088.4 Downloading fastsafetensors-0.3.3-cp312-cp312-manylinux_2_27_x86_64.manylinux_2_28_x86_64.whl (1.9 MB)
#11 3088.9    ━━━━━━━━━━━━━━━━━━━━━━━━━━━━━━━━━━━━━━━━ 1.9/1.9 MB 5.4 MB/s  0:00:00
#11 3088.9 Downloading filelock-3.32.3-py3-none-any.whl (98 kB)
#11 3089.0 Downloading frozenlist-1.8.0-cp312-cp312-manylinux1_x86_64.manylinux_2_28_x86_64.manylinux_2_5_x86_64.whl (242 kB)
#11 3089.1 Downloading fsspec-2026.7.0-py3-none-any.whl (206 kB)
#11 3089.2 Downloading h11-0.16.0-py3-none-any.whl (37 kB)
#11 3089.2 Downloading idna-3.18-py3-none-any.whl (65 kB)
#11 3089.3 Downloading interegular-0.3.3-py37-none-any.whl (23 kB)
#11 3089.4 Downloading jinja2-3.1.6-py3-none-any.whl (134 kB)
#11 3089.5 Downloading jsonschema-4.26.0-py3-none-any.whl (90 kB)
#11 3089.5 Downloading jsonschema_specifications-2025.9.1-py3-none-any.whl (18 kB)
#11 3089.6 Downloading markupsafe-3.0.3-cp312-cp312-manylinux2014_x86_64.manylinux_2_17_x86_64.manylinux_2_28_x86_64.whl (22 kB)
#11 3089.6 Downloading mistral_common-1.11.7-py3-none-any.whl (6.6 MB)
#11 3091.5    ━━━━━━━━━━━━━━━━━━━━━━━━━━━━━━━━━━━━━━━━ 6.6/6.6 MB 3.6 MB/s  0:00:01
#11 3091.5 Downloading numpy-2.3.5-cp312-cp312-manylinux_2_27_x86_64.manylinux_2_28_x86_64.whl (16.6 MB)
#11 3096.1    ━━━━━━━━━━━━━━━━━━━━━━━━━━━━━━━━━━━━━━━━ 16.6/16.6 MB 3.8 MB/s  0:00:04
#11 3096.4 Downloading nccl4py-0.4.1-cp312-cp312-manylinux_2_24_x86_64.manylinux_2_28_x86_64.whl (2.9 MB)
#11 3097.2    ━━━━━━━━━━━━━━━━━━━━━━━━━━━━━━━━━━━━━━━━ 2.9/2.9 MB 3.4 MB/s  0:00:00
#11 3097.4 Downloading networkx-3.6.1-py3-none-any.whl (2.1 MB)
#11 3098.0    ━━━━━━━━━━━━━━━━━━━━━━━━━━━━━━━━━━━━━━━━ 2.1/2.1 MB 3.2 MB/s  0:00:00
#11 3098.4 Downloading nvidia_cudnn_frontend-1.27.0-cp312-cp312-manylinux_2_27_x86_64.manylinux_2_28_x86_64.whl (4.7 MB)
#11 3100.5    ━━━━━━━━━━━━━━━━━━━━━━━━━━━━━━━━━━━━━━━━ 4.7/4.7 MB 2.3 MB/s  0:00:02
#11 3100.7 Downloading openai-3.0.0-py3-none-any.whl (1.7 MB)
#11 3101.0    ━━━━━━━━━━━━━━━━━━━━━━━━━━━━━━━━━━━━━━━━ 1.7/1.7 MB 5.6 MB/s  0:00:00
#11 3101.1 Downloading httpx2-2.10.0-py3-none-any.whl (94 kB)
#11 3101.2 Downloading httpcore2-2.10.0-py3-none-any.whl (83 kB)
#11 3101.2 Downloading openai_harmony-0.0.8-cp38-abi3-manylinux_2_17_x86_64.manylinux2014_x86_64.whl (3.0 MB)
#11 3101.7    ━━━━━━━━━━━━━━━━━━━━━━━━━━━━━━━━━━━━━━━━ 3.0/3.0 MB 5.9 MB/s  0:00:00
#11 3101.8 Downloading opencv_python_headless-5.0.0.93-cp37-abi3-manylinux_2_28_x86_64.whl (61.2 MB)
#11 3114.3    ━━━━━━━━━━━━━━━━━━━━━━━━━━━━━━━━━━━━━━━━ 61.2/61.2 MB 4.9 MB/s  0:00:12
#11 3114.3 Downloading opentelemetry_api-1.44.0-py3-none-any.whl (60 kB)
#11 3114.4 Downloading opentelemetry_exporter_otlp-1.44.0-py3-none-any.whl (6.7 kB)
#11 3114.4 Downloading opentelemetry_exporter_otlp_proto_grpc-1.44.0-py3-none-any.whl (19 kB)
#11 3114.5 Downloading opentelemetry_exporter_otlp_proto_common-1.44.0-py3-none-any.whl (17 kB)
#11 3114.5 Downloading opentelemetry_exporter_otlp_proto_http-1.44.0-py3-none-any.whl (21 kB)
#11 3114.6 Downloading opentelemetry_proto-1.44.0-py3-none-any.whl (72 kB)
#11 3114.7 Downloading googleapis_common_protos-1.75.1-py3-none-any.whl (300 kB)
#11 3114.8 Downloading grpcio-1.83.0-cp312-cp312-manylinux2014_x86_64.manylinux_2_17_x86_64.whl (7.0 MB)
#11 3117.0    ━━━━━━━━━━━━━━━━━━━━━━━━━━━━━━━━━━━━━━━━ 7.0/7.0 MB 3.3 MB/s  0:00:02
#11 3117.1 Downloading opentelemetry_sdk-1.44.0-py3-none-any.whl (137 kB)
#11 3117.2 Downloading opentelemetry_semantic_conventions-0.65b0-py3-none-any.whl (204 kB)
#11 3117.3 Downloading requests-2.34.2-py3-none-any.whl (73 kB)
#11 3117.4 Downloading charset_normalizer-3.5.0-cp312-cp312-manylinux2014_x86_64.manylinux_2_17_x86_64.manylinux_2_28_x86_64.whl (247 kB)
#11 3117.5 Downloading urllib3-2.7.0-py3-none-any.whl (131 kB)
#11 3117.5 Downloading certifi-2026.7.22-py3-none-any.whl (136 kB)
#11 3117.6 Downloading opentelemetry_semantic_conventions_ai-0.5.1-py3-none-any.whl (11 kB)
#11 3117.7 Downloading pillow-12.3.0-cp312-cp312-manylinux_2_27_x86_64.manylinux_2_28_x86_64.whl (6.9 MB)
#11 3119.5    ━━━━━━━━━━━━━━━━━━━━━━━━━━━━━━━━━━━━━━━━ 6.9/6.9 MB 3.9 MB/s  0:00:01
#11 3119.6 Downloading prometheus_client-0.26.0-py3-none-any.whl (64 kB)
#11 3119.6 Downloading prometheus_fastapi_instrumentator-8.1.0-py3-none-any.whl (19 kB)
#11 3119.7 Downloading starlette-1.6.0-py3-none-any.whl (75 kB)
#11 3119.8 Downloading propcache-0.5.2-cp312-cp312-manylinux2014_x86_64.manylinux_2_17_x86_64.manylinux_2_28_x86_64.whl (61 kB)
#11 3119.8 Downloading pydantic_extra_types-2.11.1-py3-none-any.whl (79 kB)
#11 3119.9 Downloading pycountry-26.2.16-py3-none-any.whl (8.0 MB)
#11 3123.0    ━━━━━━━━━━━━━━━━━━━━━━━━━━━━━━━━━━━━━━━━ 8.0/8.0 MB 2.6 MB/s  0:00:03
#11 3123.1 Downloading pydantic_settings-2.15.0-py3-none-any.whl (69 kB)
#11 3123.2 Downloading python_dotenv-1.2.2-py3-none-any.whl (22 kB)
#11 3123.2 Downloading python_multipart-0.0.32-py3-none-any.whl (30 kB)
#11 3123.3 Downloading pyzmq-27.1.0-cp312-abi3-manylinux_2_26_x86_64.manylinux_2_28_x86_64.whl (840 kB)
#11 3123.6    ━━━━━━━━━━━━━━━━━━━━━━━━━━━━━━━━━━━━━━━━ 841.0/841.0 kB 2.5 MB/s  0:00:00
#11 3123.7 Downloading quack_kernels-0.6.3-py3-none-any.whl (727 kB)
#11 3123.9    ━━━━━━━━━━━━━━━━━━━━━━━━━━━━━━━━━━━━━━━━ 727.6/727.6 kB 3.8 MB/s  0:00:00
#11 3124.0 Downloading referencing-0.37.0-py3-none-any.whl (26 kB)
#11 3124.0 Downloading rich_toolkit-0.20.3-py3-none-any.whl (36 kB)
#11 3124.2 Downloading click-8.4.2-py3-none-any.whl (119 kB)
#11 3124.3 Downloading rich-15.0.0-py3-none-any.whl (310 kB)
#11 3124.5 Downloading pygments-2.20.0-py3-none-any.whl (1.2 MB)
#11 3124.9    ━━━━━━━━━━━━━━━━━━━━━━━━━━━━━━━━━━━━━━━━ 1.2/1.2 MB 2.9 MB/s  0:00:00
#11 3125.0 Downloading markdown_it_py-4.2.0-py3-none-any.whl (91 kB)
#11 3125.1 Downloading mdurl-0.1.2-py3-none-any.whl (10.0 kB)
#11 3125.1 Downloading rignore-0.8.1-cp312-cp312-manylinux_2_17_x86_64.manylinux2014_x86_64.whl (927 kB)
#11 3125.3    ━━━━━━━━━━━━━━━━━━━━━━━━━━━━━━━━━━━━━━━━ 927.8/927.8 kB 4.8 MB/s  0:00:00
#11 3125.4 Downloading rpds_py-2026.6.3-cp312-cp312-manylinux_2_17_x86_64.manylinux2014_x86_64.whl (366 kB)
#11 3125.6 Downloading safetensors-0.8.0-cp310-abi3-manylinux_2_17_x86_64.manylinux2014_x86_64.whl (516 kB)
#11 3126.0 Downloading sentry_sdk-2.68.0-py3-none-any.whl (518 kB)
#11 3126.2 Downloading six-1.17.0-py2.py3-none-any.whl (11 kB)
#11 3126.3 Downloading supervisor-4.3.0-py2.py3-none-any.whl (320 kB)
#11 3126.6 Downloading sympy-1.14.0-py3-none-any.whl (6.3 MB)
#11 3128.3    ━━━━━━━━━━━━━━━━━━━━━━━━━━━━━━━━━━━━━━━━ 6.3/6.3 MB 3.5 MB/s  0:00:01
#11 3128.5 Downloading mpmath-1.3.0-py3-none-any.whl (536 kB)
#11 3128.7    ━━━━━━━━━━━━━━━━━━━━━━━━━━━━━━━━━━━━━━━━ 536.2/536.2 kB 2.7 MB/s  0:00:00
#11 3128.8 Downloading tiktoken-0.13.0-cp312-cp312-manylinux_2_28_x86_64.whl (1.1 MB)
#11 3129.2    ━━━━━━━━━━━━━━━━━━━━━━━━━━━━━━━━━━━━━━━━ 1.1/1.1 MB 3.0 MB/s  0:00:00
#11 3129.3 Downloading huggingface_hub-1.27.0-py3-none-any.whl (784 kB)
#11 3129.5    ━━━━━━━━━━━━━━━━━━━━━━━━━━━━━━━━━━━━━━━━ 784.9/784.9 kB 3.5 MB/s  0:00:00
#11 3129.5 Downloading hf_xet-1.6.0-cp38-abi3-manylinux2014_x86_64.manylinux_2_17_x86_64.whl (4.5 MB)
#11 3131.0    ━━━━━━━━━━━━━━━━━━━━━━━━━━━━━━━━━━━━━━━━ 4.5/4.5 MB 3.1 MB/s  0:00:01
#11 3131.1 Downloading pyyaml-6.0.3-cp312-cp312-manylinux2014_x86_64.manylinux_2_17_x86_64.manylinux_2_28_x86_64.whl (807 kB)
#11 3131.3    ━━━━━━━━━━━━━━━━━━━━━━━━━━━━━━━━━━━━━━━━ 807.9/807.9 kB 2.6 MB/s  0:00:00
#11 3131.4 Downloading tokenspeed_triton-3.8.10.post20260721-cp312-abi3-manylinux_2_27_x86_64.manylinux_2_28_x86_64.whl (87.2 MB)
#11 3172.7    ━━━━━━━━━━━━━━━━━━━━━━━━━━━━━━━━━━━━━━━━ 87.2/87.2 MB 1.8 MB/s  0:00:41
#11 3172.9 Downloading torchcodec-0.16.0-cp312-cp312-manylinux_2_27_x86_64.manylinux_2_28_x86_64.whl (9.5 MB)
#11 3177.8    ━━━━━━━━━━━━━━━━━━━━━━━━━━━━━━━━━━━━━━━━ 9.5/9.5 MB 1.9 MB/s  0:00:04
#11 3177.9 Downloading tqdm-4.70.0-py3-none-any.whl (80 kB)
#11 3178.0 Downloading transformers-5.15.0-py3-none-any.whl (11.7 MB)
#11 3181.2    ━━━━━━━━━━━━━━━━━━━━━━━━━━━━━━━━━━━━━━━━ 11.7/11.7 MB 3.8 MB/s  0:00:03
#11 3181.2 Downloading tokenizers-0.22.2-cp39-abi3-manylinux_2_17_x86_64.manylinux2014_x86_64.whl (3.3 MB)
#11 3181.7    ━━━━━━━━━━━━━━━━━━━━━━━━━━━━━━━━━━━━━━━━ 3.3/3.3 MB 7.1 MB/s  0:00:00
#11 3181.9 Downloading regex-2026.7.19-cp312-cp312-manylinux2014_x86_64.manylinux_2_17_x86_64.manylinux_2_28_x86_64.whl (801 kB)
#11 3182.2    ━━━━━━━━━━━━━━━━━━━━━━━━━━━━━━━━━━━━━━━━ 801.8/801.8 kB 2.8 MB/s  0:00:00
#11 3182.4 Downloading truststore-0.10.4-py3-none-any.whl (18 kB)
#11 3182.7 Downloading typer-0.27.1-py3-none-any.whl (122 kB)
#11 3182.9 Downloading shellingham-1.5.4-py2.py3-none-any.whl (9.8 kB)
#11 3183.0 Downloading typing_inspection-0.4.4-py3-none-any.whl (14 kB)
#11 3183.2 Downloading uvicorn-0.52.3-py3-none-any.whl (79 kB)
#11 3183.5 Downloading httptools-0.8.0-cp312-cp312-manylinux1_x86_64.manylinux_2_28_x86_64.manylinux_2_5_x86_64.whl (523 kB)
#11 3183.8 Downloading uvloop-0.22.1-cp312-cp312-manylinux2014_x86_64.manylinux_2_17_x86_64.manylinux_2_28_x86_64.whl (4.4 MB)
#11 3184.8    ━━━━━━━━━━━━━━━━━━━━━━━━━━━━━━━━━━━━━━━━ 4.4/4.4 MB 4.5 MB/s  0:00:01
#11 3185.0 Downloading watchfiles-1.2.0-cp312-cp312-manylinux_2_17_x86_64.manylinux2014_x86_64.whl (456 kB)
#11 3185.3 Downloading websockets-17.0.1-cp312-cp312-manylinux1_x86_64.manylinux_2_28_x86_64.manylinux_2_5_x86_64.whl (220 kB)
#11 3185.8 Downloading astor-0.8.1-py2.py3-none-any.whl (27 kB)
#11 3186.1 Downloading blake3-1.0.9-cp312-cp312-manylinux_2_17_x86_64.manylinux2014_x86_64.whl (383 kB)
#11 3186.5 Downloading cachetools-7.1.7-py3-none-any.whl (16 kB)
#11 3186.7 Downloading cbor2-6.1.4-cp312-cp312-manylinux_2_28_x86_64.whl (461 kB)
#11 3187.0 Downloading cloudpickle-3.1.2-py3-none-any.whl (22 kB)
#11 3187.2 Downloading dill-0.4.1-py3-none-any.whl (120 kB)
#11 3187.3 Downloading einops-0.8.2-py3-none-any.whl (65 kB)
#11 3187.5 Downloading ijson-3.5.1-cp312-cp312-manylinux2014_x86_64.manylinux_2_17_x86_64.manylinux_2_28_x86_64.whl (149 kB)
#11 3187.7 Downloading jmespath-1.1.0-py3-none-any.whl (20 kB)
#11 3187.9 Downloading loguru-0.7.3-py3-none-any.whl (61 kB)
#11 3188.3 Downloading mcp-2.0.0-py3-none-any.whl (349 kB)
#11 3188.7 Downloading mcp_types-2.0.0-py3-none-any.whl (69 kB)
#11 3189.0 Downloading pyjwt-2.13.0-py3-none-any.whl (31 kB)
#11 3189.2 Downloading cryptography-50.0.0-cp311-abi3-manylinux_2_34_x86_64.whl (4.7 MB)
#11 3190.9    ━━━━━━━━━━━━━━━━━━━━━━━━━━━━━━━━━━━━━━━━ 4.7/4.7 MB 2.9 MB/s  0:00:01
#11 3191.1 Downloading cffi-2.1.1-cp312-cp312-manylinux2014_x86_64.manylinux_2_17_x86_64.whl (221 kB)
#11 3191.6 Downloading sse_starlette-3.4.8-py3-none-any.whl (16 kB)
#11 3191.8 Downloading ml_dtypes-0.6.0-cp312-cp312-manylinux_2_27_x86_64.manylinux_2_28_x86_64.whl (409 kB)
#11 3191.9 Downloading msgspec-0.21.1-cp312-cp312-manylinux2014_x86_64.manylinux_2_17_x86_64.manylinux_2_28_x86_64.whl (225 kB)
#11 3192.0 Downloading ninja-1.13.0-py3-none-manylinux2014_x86_64.manylinux_2_17_x86_64.whl (180 kB)
#11 3192.1 Downloading nvidia_cuda_cccl-13.3.3.4.1-py3-none-manylinux2014_x86_64.manylinux_2_17_x86_64.whl (3.5 MB)
#11 3192.9    ━━━━━━━━━━━━━━━━━━━━━━━━━━━━━━━━━━━━━━━━ 3.5/3.5 MB 4.9 MB/s  0:00:00
#11 3192.9 Downloading nvidia_cuda_nvcc-13.3.73-py3-none-manylinux2014_x86_64.manylinux_2_17_x86_64.whl (44.9 MB)
#11 3202.7    ━━━━━━━━━━━━━━━━━━━━━━━━━━━━━━━━━━━━━━━━ 44.9/44.9 MB 4.6 MB/s  0:00:09
#11 3202.7 Downloading nvidia_cuda_crt-13.3.73-py3-none-manylinux2014_x86_64.manylinux_2_17_x86_64.whl (157 kB)
#11 3202.8 Downloading nvidia_ml_py-13.610.43-py3-none-any.whl (53 kB)
#11 3202.9 Downloading nvidia_nvvm-13.3.73-py3-none-manylinux2010_x86_64.manylinux_2_12_x86_64.whl (69.3 MB)
#11 3215.1    ━━━━━━━━━━━━━━━━━━━━━━━━━━━━━━━━━━━━━━━━ 69.3/69.3 MB 5.7 MB/s  0:00:12
#11 3215.2 Downloading partial_json_parser-0.2.1.1.post7-py3-none-any.whl (10 kB)
#11 3215.3 Downloading psutil-7.2.2-cp36-abi3-manylinux2010_x86_64.manylinux_2_12_x86_64.manylinux_2_28_x86_64.whl (155 kB)
#11 3215.3 Downloading py_cpuinfo-9.0.0-py3-none-any.whl (22 kB)
#11 3215.4 Downloading pybase64-1.5.0-cp312-cp312-manylinux1_x86_64.manylinux2014_x86_64.manylinux_2_17_x86_64.manylinux_2_5_x86_64.whl (94 kB)
#11 3215.4 Downloading pycparser-3.0-py3-none-any.whl (48 kB)
#11 3215.5 Downloading pyelftools-0.33-py3-none-any.whl (201 kB)
#11 3215.5 Downloading python_json_logger-4.1.0-py3-none-any.whl (15 kB)
#11 3215.6 Downloading sentencepiece-0.2.2-cp312-cp312-manylinux_2_27_x86_64.manylinux_2_28_x86_64.whl (1.4 MB)
#11 3215.8    ━━━━━━━━━━━━━━━━━━━━━━━━━━━━━━━━━━━━━━━━ 1.4/1.4 MB 10.8 MB/s  0:00:00
#11 3215.8 Downloading setproctitle-1.3.7-cp312-cp312-manylinux1_x86_64.manylinux_2_28_x86_64.manylinux_2_5_x86_64.whl (32 kB)
#11 3215.8 Downloading tabulate-0.10.0-py3-none-any.whl (39 kB)
#11 3215.9 Downloading torch_c_dlpack_ext-0.1.5-cp312-cp312-manylinux_2_24_x86_64.manylinux_2_28_x86_64.whl (897 kB)
#11 3216.0    ━━━━━━━━━━━━━━━━━━━━━━━━━━━━━━━━━━━━━━━━ 897.8/897.8 kB 7.5 MB/s  0:00:00
#11 3218.8 Building wheels for collected packages: vllm
#11 3218.8   Building editable for vllm (pyproject.toml): started
#11 3383.9   Building editable for vllm (pyproject.toml): still running...
#11 3387.1   Building editable for vllm (pyproject.toml): finished with status 'done'
#11 3387.1   Created wheel for vllm: filename=vllm-0.0.0+precompiled-0.editable-cp312-cp312-linux_x86_64.whl size=13326 sha256=26c05fd6163c0d6b3f5bedc0a2f39d7f1964b022a3c2eacc1da02fcbfd760e0d
#11 3387.1   Stored in directory: /tmp/pip-ephem-wheel-cache-ytslaibg/wheels/f9/1b/bb/fdf4b4930094f4ba49c4e149b6a4be29f5f14ad3a2a36944f8
#11 3387.1 Successfully built vllm
#11 3387.6 Installing collected packages: z3-solver, torchaudio, supervisor, py-cpuinfo, nvtx, nvidia-ml-py, nvidia-cusparselt-cu13, mpmath, cuda-toolkit, websockets, uvloop, urllib3, typing_extensions, truststore, triton, tqdm, torchcodec, tokenspeed-triton, tabulate, sympy, sniffio, six, shellingham, setuptools, setproctitle, sentencepiece, safetensors, rpds-py, rignore, regex, pyzmq, pyyaml, python-multipart, python-json-logger, python-dotenv, PyNvVideoCodec, pyjwt, pygments, pyelftools, pycparser, pycountry, pybase64, psutil, protobuf, propcache, prometheus_client, pillow, partial-json-parser, outlines_core, nvidia-nvvm, nvidia-nvtx, nvidia-nvshmem-cu13, nvidia-nvjitlink, nvidia-nccl-cu13, nvidia-curand, nvidia-cufile, nvidia-cudnn-frontend, nvidia-cuda-runtime, nvidia-cuda-nvrtc, nvidia-cuda-nvdisasm, nvidia-cuda-cupti, nvidia-cuda-crt, nvidia-cuda-cccl, numpy, ninja, networkx, multidict, msgspec, mdurl, MarkupSafe, loguru, llvmlite, llguidance, lark, jmespath, jiter, interegular, ijson, idna, httptools, hf-xet, h11, fsspec, frozenlist, filelock, fastar, einops, docstring-parser, dnspython, distro, dill, detect-installer, cuda-pathfinder, cloudpickle, click, charset_normalizer, certifi, cbor2, cachetools, blake3, attrs, astor, annotated-types, annotated-doc, aiohappyeyeballs, yarl, uvicorn, typing-inspection, sentry-sdk, requests, referencing, pydantic-core, opentelemetry-proto, opentelemetry-api, opencv-python-headless, nvidia-cusparse, nvidia-cufft, nvidia-cuda-nvcc, nvidia-cublas, numba, ml-dtypes, markdown-it-py, jinja2, httpcore2, httpcore, grpcio, googleapis-common-protos, email-validator, depyf, cuda-tile, cuda-core, cuda-bindings, cffi, apache-tvm-ffi, anyio, aiosignal, watchfiles, tiktoken, starlette, rich, pydantic, opentelemetry-semantic-conventions, opentelemetry-exporter-otlp-proto-common, nvidia-cusolver, nvidia-cudnn-cu13, nccl4py, jsonschema-specifications, httpx2, httpx, cuda-python, cryptography, aiohttp, typer, sse-starlette, rich-toolkit, pydantic-settings, pydantic-extra-types, prometheus-fastapi-instrumentator, opentelemetry-sdk, openai-harmony, openai, nvidia-cutlass-dsl-libs-core, mcp-types, lm-format-enforcer, jsonschema, huggingface-hub, fastapi, anthropic, torch, tokenizers, opentelemetry-semantic-conventions-ai, opentelemetry-exporter-otlp-proto-http, opentelemetry-exporter-otlp-proto-grpc, nvidia-cutlass-dsl-libs-base, model-hosting-container-standards, mcp, fastsafetensors, fastapi-cloud-cli, fastapi-cli, transformers, torchvision, torch-c-dlpack-ext, opentelemetry-exporter-otlp, nvidia-cutlass-dsl-libs-cu13, nvidia-cutlass-dsl-libs-cu12, mistral_common, humming-kernels, xgrammar, tilelang, nvidia-cutlass-dsl, compressed-tensors, tokenspeed-mla, quack-kernels, flashinfer-python, vllm
#11 3397.6   Attempting uninstall: setuptools
#11 3397.6     Found existing installation: setuptools 84.0.0
#11 3397.7     Uninstalling setuptools-84.0.0:
#11 3398.4       Successfully uninstalled setuptools-84.0.0
#11 3450.1 
#11 3450.1 Successfully installed MarkupSafe-3.0.3 PyNvVideoCodec-2.0.4 aiohappyeyeballs-2.7.1 aiohttp-3.14.3 aiosignal-1.4.0 annotated-doc-0.0.5 annotated-types-0.8.0 anthropic-0.122.0 anyio-4.14.2 apache-tvm-ffi-0.1.11 astor-0.8.1 attrs-26.1.0 blake3-1.0.9 cachetools-7.1.7 cbor2-6.1.4 certifi-2026.7.22 cffi-2.1.1 charset_normalizer-3.5.0 click-8.4.2 cloudpickle-3.1.2 compressed-tensors-0.17.0 cryptography-50.0.0 cuda-bindings-13.3.1 cuda-core-1.0.1 cuda-pathfinder-1.6.0 cuda-python-13.3.1 cuda-tile-1.5.0 cuda-toolkit-13.0.3.0 depyf-0.20.0 detect-installer-0.1.0 dill-0.4.1 distro-1.9.0 dnspython-2.8.0 docstring-parser-0.18.0 einops-0.8.2 email-validator-2.3.0 fastapi-0.136.3 fastapi-cli-0.0.32 fastapi-cloud-cli-0.23.0 fastar-0.11.0 fastsafetensors-0.3.3 filelock-3.32.3 flashinfer-python-0.6.15.post1 frozenlist-1.8.0 fsspec-2026.7.0 googleapis-common-protos-1.75.1 grpcio-1.83.0 h11-0.16.0 hf-xet-1.6.0 httpcore-1.0.9 httpcore2-2.10.0 httptools-0.8.0 httpx-0.28.1 httpx2-2.10.0 huggingface-hub-1.27.0 humming-kernels-0.1.10 idna-3.18 ijson-3.5.1 interegular-0.3.3 jinja2-3.1.6 jiter-0.16.0 jmespath-1.1.0 jsonschema-4.26.0 jsonschema-specifications-2025.9.1 lark-1.2.2 llguidance-1.7.6 llvmlite-0.47.0 lm-format-enforcer-0.11.3 loguru-0.7.3 markdown-it-py-4.2.0 mcp-2.0.0 mcp-types-2.0.0 mdurl-0.1.2 mistral_common-1.11.7 ml-dtypes-0.6.0 model-hosting-container-standards-0.1.16 mpmath-1.3.0 msgspec-0.21.1 multidict-6.7.1 nccl4py-0.4.1 networkx-3.6.1 ninja-1.13.0 numba-0.65.0 numpy-2.3.5 nvidia-cublas-13.1.1.3 nvidia-cuda-cccl-13.3.3.4.1 nvidia-cuda-crt-13.3.73 nvidia-cuda-cupti-13.0.85 nvidia-cuda-nvcc-13.3.73 nvidia-cuda-nvdisasm-13.3.73 nvidia-cuda-nvrtc-13.0.88 nvidia-cuda-runtime-13.0.96 nvidia-cudnn-cu13-9.20.0.48 nvidia-cudnn-frontend-1.27.0 nvidia-cufft-12.0.0.61 nvidia-cufile-1.15.1.6 nvidia-curand-10.4.0.35 nvidia-cusolver-12.0.4.66 nvidia-cusparse-12.6.3.3 nvidia-cusparselt-cu13-0.8.1 nvidia-cutlass-dsl-4.6.0 nvidia-cutlass-dsl-libs-base-4.6.0 nvidia-cutlass-dsl-libs-core-4.6.0 nvidia-cutlass-dsl-libs-cu12-4.6.0 nvidia-cutlass-dsl-libs-cu13-4.6.0 nvidia-ml-py-13.610.43 nvidia-nccl-cu13-2.29.7 nvidia-nvjitlink-13.3.33 nvidia-nvshmem-cu13-3.4.5 nvidia-nvtx-13.0.85 nvidia-nvvm-13.3.73 nvtx-0.2.15 openai-3.0.0 openai-harmony-0.0.8 opencv-python-headless-5.0.0.93 opentelemetry-api-1.44.0 opentelemetry-exporter-otlp-1.44.0 opentelemetry-exporter-otlp-proto-common-1.44.0 opentelemetry-exporter-otlp-proto-grpc-1.44.0 opentelemetry-exporter-otlp-proto-http-1.44.0 opentelemetry-proto-1.44.0 opentelemetry-sdk-1.44.0 opentelemetry-semantic-conventions-0.65b0 opentelemetry-semantic-conventions-ai-0.5.1 outlines_core-0.2.14 partial-json-parser-0.2.1.1.post7 pillow-12.3.0 prometheus-fastapi-instrumentator-8.1.0 prometheus_client-0.26.0 propcache-0.5.2 protobuf-6.33.6 psutil-7.2.2 py-cpuinfo-9.0.0 pybase64-1.5.0 pycountry-26.2.16 pycparser-3.0 pydantic-2.13.4 pydantic-core-2.46.4 pydantic-extra-types-2.11.1 pydantic-settings-2.15.0 pyelftools-0.33 pygments-2.20.0 pyjwt-2.13.0 python-dotenv-1.2.2 python-json-logger-4.1.0 python-multipart-0.0.32 pyyaml-6.0.3 pyzmq-27.1.0 quack-kernels-0.6.3 referencing-0.37.0 regex-2026.7.19 requests-2.34.2 rich-15.0.0 rich-toolkit-0.20.3 rignore-0.8.1 rpds-py-2026.6.3 safetensors-0.8.0 sentencepiece-0.2.2 sentry-sdk-2.68.0 setproctitle-1.3.7 setuptools-80.10.2 shellingham-1.5.4 six-1.17.0 sniffio-1.3.1 sse-starlette-3.4.8 starlette-1.6.0 supervisor-4.3.0 sympy-1.14.0 tabulate-0.10.0 tiktoken-0.13.0 tilelang-0.1.12 tokenizers-0.22.2 tokenspeed-mla-0.1.8 tokenspeed-triton-3.8.10.post20260721 torch-2.13.0 torch-c-dlpack-ext-0.1.5 torchaudio-2.11.0 torchcodec-0.16.0 torchvision-0.28.0 tqdm-4.70.0 transformers-5.15.0 triton-3.7.1 truststore-0.10.4 typer-0.27.1 typing-inspection-0.4.4 typing_extensions-4.16.0 urllib3-2.7.0 uvicorn-0.52.3 uvloop-0.22.1 vllm-0.0.0+precompiled watchfiles-1.2.0 websockets-17.0.1 xgrammar-0.2.3 yarl-1.24.5 z3-solver-4.15.4.0
#11 DONE 3452.9s

#12 [8/8] RUN nvcc --version | tail -2 && python3 -c "import vllm, torch; print(vllm.__version__, torch.__version__)"
#12 1.059 Cuda compilation tools, release 13.0, V13.0.88
#12 1.059 Build cuda_13.0.r13.0/compiler.36424714_0
#12 4.270 0.0.0 2.13.0+cu130
#12 DONE 4.9s

#13 exporting to image
#13 exporting layers
#13 exporting layers 612.4s done
#13 exporting manifest sha256:2a04fe07928eca1fd7da3bcd58f1541b4a945695d372927d966fa503edb00474 0.0s done
#13 exporting config sha256:f7a45593d54fdc18ef6e23aaceb8bdcccee4d3ced6eb21d9c354344a2a80c824 0.0s done
#13 exporting attestation manifest sha256:3ed5b6f6a4c71c8104860335c3298197f396f13d42501ccf2dd5f6bca5db504f
#13 exporting attestation manifest sha256:3ed5b6f6a4c71c8104860335c3298197f396f13d42501ccf2dd5f6bca5db504f 0.1s done
#13 exporting manifest list sha256:49516546cb70cac5d7c859c39c17df877dbf3439a639f135c93f331a76ebf7e9 0.0s done
#13 naming to docker.io/library/dsv4-a100:devel
#13 naming to docker.io/library/dsv4-a100:devel done
#13 unpacking to docker.io/library/dsv4-a100:devel
#13 unpacking to docker.io/library/dsv4-a100:devel 57.5s done
#13 DONE 670.2s
